shard,key,origin_utc,selection_weight,tile_n_wet_frames,current_rain,observed_15,observed_30,observed_60,skala_pred60,skala_p15,skala_p30,skala_p60,skala_p120,italia_mm60,italia_pred01
0,0,2023-05-23T05:45:03+00:00,20.0,0,False,False,False,False,False,0.0,0.0,0.0,0.0,,
0,1,2023-05-23T06:40:05+00:00,20.0,0,False,False,False,False,False,0.0,0.0,0.0,0.0,,
0,2,2023-05-23T11:30:05+00:00,1.0,22,False,False,False,False,False,0.0,0.0,0.0,0.0,,
0,3,2023-05-23T12:25:03+00:00,1.0,22,False,False,False,False,False,0.0,0.0,0.0,0.52,,
0,4,2023-05-23T13:20:05+00:00,1.0,22,False,False,False,False,False,0.0,0.0,0.054,0.337,,
0,5,2023-05-23T14:15:03+00:00,1.0,22,False,False,False,False,True,0.0,0.739,0.739,0.749,,
0,6,2023-05-23T15:10:05+00:00,1.0,22,False,False,False,False,False,0.0,0.0,0.151,0.404,,
0,7,2023-05-23T16:05:02+00:00,1.0,22,False,False,False,False,False,0.0,0.0,0.0,0.403,,
0,8,2023-05-23T17:00:05+00:00,1.0,22,False,False,False,False,False,0.0,0.0,0.0,0.0,,
0,9,2023-05-23T17:55:02+00:00,1.0,22,False,False,False,False,False,0.0,0.0,0.0,0.0,,
0,10,2023-05-23T18:50:05+00:00,1.0,22,False,False,False,False,False,0.0,0.0,0.0,0.0,,
0,11,2023-05-23T19:45:02+00:00,1.0,22,False,False,False,False,False,0.0,0.0,0.0,0.0,,
0,12,2023-05-23T20:40:05+00:00,1.0,22,False,True,True,True,False,0.0,0.0,0.0,0.0,,
0,13,2023-05-23T21:35:02+00:00,1.0,22,True,True,True,True,False,0.0,0.0,0.004,0.029,,
0,14,2023-05-23T22:30:05+00:00,1.0,22,False,False,False,False,False,0.0,0.0,0.0,0.008,,
0,15,2023-05-23T23:25:02+00:00,1.0,13,False,False,False,False,False,0.0,0.0,0.0,0.0,,
0,16,2023-05-24T00:20:05+00:00,1.0,2,False,False,False,False,False,0.0,0.0,0.0,0.0,,
0,17,2023-05-24T07:40:05+00:00,1.0,2,False,False,False,False,False,0.0,0.0,0.0,0.0,,
0,18,2023-05-24T08:35:03+00:00,1.0,13,False,False,False,False,False,0.0,0.0,0.0,0.0,,
0,19,2023-05-24T09:30:05+00:00,1.0,22,False,False,False,False,False,0.0,0.0,0.0,0.0,,
0,20,2023-05-24T10:25:03+00:00,1.0,22,False,False,False,False,False,0.0,0.0,0.0,0.781,,
0,21,2023-05-24T11:20:05+00:00,1.0,22,False,False,False,False,True,0.0,0.0,0.638,0.715,,
0,22,2023-05-24T12:15:03+00:00,1.0,22,False,False,False,False,True,0.143,0.92,0.923,0.94,,
0,23,2023-05-24T13:10:05+00:00,1.0,22,False,False,False,False,False,0.0,0.0,0.0,0.147,,
0,24,2023-05-24T14:05:03+00:00,1.0,22,False,False,False,False,False,0.152,0.17,0.171,0.171,,
0,25,2023-05-24T15:00:05+00:00,1.0,22,False,False,False,False,True,0.0,0.0,0.299,0.323,,
0,26,2023-05-24T15:55:03+00:00,1.0,22,False,False,False,False,False,0.0,0.046,0.054,0.062,,
0,27,2023-05-24T16:50:05+00:00,1.0,22,False,False,False,False,False,0.0,0.0,0.099,0.614,,
0,28,2023-05-24T17:45:03+00:00,1.0,22,False,False,False,False,False,0.0,0.0,0.0,0.002,,
0,29,2023-05-24T18:40:05+00:00,1.0,19,False,False,False,False,False,0.0,0.0,0.0,0.0,,
0,30,2023-05-24T19:35:03+00:00,1.0,12,False,False,False,False,False,0.0,0.0,0.0,0.0,,
0,31,2023-05-24T20:30:05+00:00,1.0,15,False,False,False,False,False,0.0,0.0,0.0,0.0,,
0,32,2023-05-24T21:25:02+00:00,1.0,21,False,False,False,False,False,0.0,0.0,0.0,0.0,,
0,33,2023-05-24T22:20:05+00:00,1.0,13,False,False,False,False,False,0.0,0.0,0.0,0.0,,
0,34,2023-05-24T23:15:03+00:00,1.0,3,False,False,False,False,False,0.0,0.0,0.0,0.0,,
0,35,2023-05-25T06:35:02+00:00,1.0,7,False,False,False,False,False,0.0,0.0,0.0,0.0,,
0,36,2023-05-25T07:30:05+00:00,1.0,18,False,False,False,False,False,0.0,0.0,0.0,0.0,,
0,37,2023-05-25T08:25:03+00:00,1.0,22,False,False,False,False,False,0.0,0.0,0.0,0.0,,
0,38,2023-05-25T09:20:05+00:00,1.0,22,False,False,False,False,False,0.0,0.0,0.011,0.051,,
0,39,2023-05-25T10:15:02+00:00,1.0,22,False,False,False,False,False,0.0,0.0,0.194,0.559,,
0,40,2023-05-25T11:10:05+00:00,1.0,22,False,False,False,True,True,0.0,0.0,0.391,0.677,,
0,41,2023-05-25T12:05:03+00:00,1.0,22,True,True,True,True,True,1.0,1.0,1.0,1.0,,
0,42,2023-05-25T13:00:05+00:00,1.0,22,True,True,True,True,False,0.0,0.021,0.087,0.413,,
0,43,2023-05-25T13:55:03+00:00,1.0,22,False,False,False,False,False,0.0,0.0,0.0,0.513,,
0,44,2023-05-25T14:50:05+00:00,1.0,22,False,False,False,False,True,0.0,0.028,0.428,0.666,,
0,45,2023-05-25T15:45:02+00:00,1.0,22,False,False,True,True,True,0.0,0.753,0.753,0.766,,
0,46,2023-05-25T16:40:05+00:00,1.0,22,False,False,False,False,False,0.0,0.0,0.0,0.073,,
0,47,2023-05-25T17:35:03+00:00,1.0,22,False,False,False,False,False,0.073,0.099,0.099,0.35,,
0,48,2023-05-25T18:30:05+00:00,1.0,22,False,False,False,False,False,0.0,0.0,0.0,0.02,,
0,49,2023-05-25T19:25:03+00:00,1.0,20,False,False,False,False,False,0.0,0.0,0.0,0.0,,
0,50,2023-05-25T20:20:05+00:00,1.0,9,False,False,False,False,False,0.0,0.0,0.0,0.0,,
0,51,2023-05-25T21:15:03+00:00,1.0,4,False,False,False,False,False,0.0,0.0,0.0,0.0,,
0,52,2023-05-25T22:10:08+00:00,1.0,15,False,False,False,False,False,0.0,0.0,0.0,0.0,,
0,53,2023-05-25T23:05:03+00:00,1.0,22,False,False,False,False,False,0.0,0.0,0.0,0.0,,
0,54,2023-05-26T00:00:05+00:00,1.0,22,False,False,False,False,False,0.0,0.0,0.0,0.0,,
0,55,2023-05-26T00:55:02+00:00,1.0,22,False,False,False,False,False,0.0,0.0,0.0,0.18,,
0,56,2023-05-26T01:50:05+00:00,1.0,22,False,False,False,False,False,0.0,0.0,0.0,0.244,,
0,57,2023-05-26T02:45:03+00:00,1.0,22,False,False,False,False,False,0.0,0.0,0.126,0.607,,
0,58,2023-05-26T03:40:05+00:00,1.0,22,False,False,True,True,True,0.994,0.994,0.994,0.996,,
0,59,2023-05-26T04:35:02+00:00,1.0,22,False,False,False,False,True,0.857,0.864,0.864,0.864,,
0,60,2023-05-26T05:30:05+00:00,1.0,22,False,False,False,False,False,0.0,0.0,0.0,0.0,,
0,61,2023-05-26T06:25:03+00:00,1.0,22,False,False,False,False,False,0.0,0.0,0.0,0.0,,
0,62,2023-05-26T07:20:05+00:00,1.0,22,False,False,False,False,False,0.0,0.0,0.0,0.0,,
0,63,2023-05-26T08:15:02+00:00,1.0,22,False,False,False,False,False,0.0,0.0,0.0,0.019,,
0,64,2023-05-26T10:10:08+00:00,1.0,22,False,False,False,False,False,0.0,0.0,0.0,0.061,,
0,65,2023-05-26T11:05:03+00:00,1.0,22,False,False,False,False,False,0.027,0.027,0.072,0.162,,
0,66,2023-05-26T12:00:05+00:00,1.0,22,False,False,False,False,True,0.673,0.698,0.727,0.727,,
0,67,2023-05-26T15:25:03+00:00,1.0,22,False,False,False,False,True,0.0,0.701,0.701,0.713,,
0,68,2023-05-26T16:20:05+00:00,1.0,22,False,False,False,False,False,0.0,0.0,0.0,0.0,,
0,69,2023-05-26T17:15:03+00:00,1.0,22,False,False,False,False,False,0.0,0.0,0.0,0.0,,
0,70,2023-05-26T18:10:08+00:00,1.0,22,False,False,False,False,False,0.0,0.0,0.0,0.061,,
0,71,2023-05-26T19:05:03+00:00,1.0,22,False,False,False,False,False,0.0,0.0,0.0,0.0,,
0,72,2023-05-26T20:00:05+00:00,1.0,22,False,False,False,False,False,0.0,0.0,0.0,0.0,,
0,73,2023-05-26T20:55:02+00:00,1.0,20,False,False,False,False,False,0.0,0.0,0.0,0.0,,
0,74,2023-05-26T21:50:05+00:00,1.0,9,False,False,False,False,False,0.0,0.0,0.0,0.0,,
0,75,2023-05-27T03:20:05+00:00,20.0,0,False,False,False,False,False,0.0,0.0,0.0,0.0,,
0,76,2023-05-27T09:45:03+00:00,1.0,6,False,False,False,False,False,0.0,0.0,0.0,0.0,,
0,77,2023-05-27T10:40:05+00:00,1.0,17,False,False,False,False,False,0.0,0.0,0.0,0.0,,
0,78,2023-05-27T11:35:03+00:00,1.0,22,False,False,False,False,False,0.0,0.0,0.008,0.044,,
0,79,2023-05-27T12:30:05+00:00,1.0,22,False,False,False,False,False,0.0,0.0,0.0,0.0,,
0,80,2023-05-27T13:25:03+00:00,1.0,22,False,False,False,False,False,0.0,0.0,0.0,0.0,,
0,81,2023-05-27T14:20:04+00:00,1.0,22,False,False,False,False,False,0.0,0.0,0.0,0.008,,
0,82,2023-05-27T15:15:03+00:00,1.0,22,False,False,False,False,False,0.0,0.0,0.0,0.008,,
0,83,2023-05-27T17:30:05+00:00,1.0,22,False,False,False,False,False,0.0,0.0,0.0,0.0,,
0,84,2023-05-27T18:25:03+00:00,1.0,22,False,False,False,False,False,0.0,0.0,0.005,0.005,,
0,85,2023-05-27T19:20:05+00:00,1.0,22,False,False,False,False,False,0.0,0.0,0.003,0.44,,
0,86,2023-05-27T20:15:02+00:00,1.0,19,False,False,False,False,False,0.0,0.0,0.046,0.092,,
0,87,2023-05-27T21:10:05+00:00,1.0,8,False,False,False,False,False,0.0,0.0,0.0,0.0,,
0,88,2023-05-28T09:05:02+00:00,1.0,4,False,False,False,False,False,0.0,0.0,0.0,0.0,,
0,89,2023-05-28T10:00:05+00:00,1.0,15,False,False,False,False,False,0.0,0.0,0.0,0.0,,
0,90,2023-05-28T10:55:02+00:00,1.0,22,False,False,False,False,True,0.0,0.299,0.299,0.299,,
0,91,2023-05-28T11:50:05+00:00,1.0,22,False,False,False,False,True,0.0,0.008,0.434,0.525,,
0,92,2023-05-28T12:45:02+00:00,1.0,22,False,False,False,True,True,0.0,0.315,0.701,0.711,,
0,93,2023-05-28T13:40:04+00:00,1.0,22,False,False,False,True,True,1.0,1.0,1.0,1.0,,
0,94,2023-05-28T14:35:03+00:00,1.0,22,False,False,True,True,True,1.0,1.0,1.0,1.0,,
0,95,2023-05-28T15:30:05+00:00,1.0,22,True,False,False,False,True,0.701,0.701,0.701,0.747,,
0,96,2023-05-28T16:25:03+00:00,1.0,21,False,False,False,True,False,0.0,0.0,0.0,0.0,,
0,97,2023-05-28T17:20:05+00:00,1.0,10,True,False,False,False,True,1.0,1.0,1.0,1.0,,
0,98,2023-05-28T20:05:03+00:00,1.0,8,False,False,False,False,False,0.0,0.0,0.0,0.0,,
0,99,2023-05-28T21:00:05+00:00,1.0,19,False,False,False,False,False,0.0,0.0,0.0,0.0,,
0,100,2023-05-28T21:55:03+00:00,1.0,19,False,False,False,False,False,0.0,0.0,0.0,0.0,,
0,101,2023-05-28T22:50:05+00:00,1.0,8,False,False,False,False,False,0.0,0.0,0.0,0.0,,
0,102,2023-05-29T08:55:02+00:00,1.0,10,False,False,False,False,False,0.0,0.0,0.0,0.0,,
0,103,2023-05-29T09:50:05+00:00,1.0,21,False,False,False,False,False,0.0,0.0,0.001,0.001,,
0,104,2023-05-29T10:45:03+00:00,1.0,22,False,False,False,False,False,0.0,0.0,0.0,0.004,,
0,105,2023-05-29T11:40:05+00:00,1.0,22,False,False,False,False,False,0.0,0.0,0.054,0.054,,
0,106,2023-05-29T12:35:02+00:00,1.0,22,False,False,False,False,False,0.0,0.0,0.019,0.372,,
0,107,2023-05-29T13:30:05+00:00,1.0,22,False,False,False,False,True,0.701,0.701,0.701,0.717,,
0,108,2023-05-29T14:25:02+00:00,1.0,22,False,False,False,False,False,0.0,0.108,0.114,0.121,,
0,109,2023-05-29T15:20:05+00:00,1.0,22,False,False,False,False,False,0.0,0.0,0.0,0.0,,
0,110,2023-05-29T16:15:02+00:00,1.0,22,False,False,False,False,False,0.0,0.0,0.021,0.031,,
0,111,2023-05-29T17:10:05+00:00,1.0,22,False,False,False,False,False,0.0,0.0,0.0,0.091,,
0,112,2023-05-29T18:05:02+00:00,1.0,22,False,False,True,True,False,0.0,0.0,0.0,0.0,,
0,113,2023-05-29T19:00:05+00:00,1.0,22,True,True,True,True,False,0.0,0.0,0.012,0.058,,
0,114,2023-05-29T19:55:03+00:00,1.0,22,True,True,True,True,True,1.0,1.0,1.0,1.0,,
0,115,2023-05-29T20:50:05+00:00,1.0,22,True,True,True,True,True,1.0,1.0,1.0,1.0,,
0,116,2023-05-29T21:45:02+00:00,1.0,22,True,True,True,True,True,1.0,1.0,1.0,1.0,,
0,117,2023-05-29T22:40:05+00:00,1.0,22,True,True,True,True,True,1.0,1.0,1.0,1.0,,
0,118,2023-05-29T23:35:02+00:00,1.0,22,True,True,True,True,True,1.0,1.0,1.0,1.0,,
0,119,2023-05-30T00:30:05+00:00,1.0,22,False,False,False,False,False,0.0,0.0,0.0,0.0,,
0,120,2023-05-30T01:25:03+00:00,1.0,22,False,False,False,False,False,0.0,0.0,0.0,0.0,,
0,121,2023-05-30T02:20:05+00:00,1.0,12,False,False,False,False,False,0.0,0.0,0.0,0.0,,
0,122,2023-05-30T03:15:02+00:00,1.0,1,False,False,False,False,False,0.0,0.0,0.0,0.0,,
0,123,2023-05-30T05:05:03+00:00,1.0,9,False,False,False,False,False,0.0,0.0,0.0,0.0,,
0,124,2023-05-30T06:00:04+00:00,1.0,20,False,False,False,False,False,0.0,0.0,0.0,0.0,,
0,125,2023-05-30T06:55:03+00:00,1.0,22,False,False,False,False,False,0.0,0.0,0.0,0.0,,
0,126,2023-05-30T07:50:05+00:00,1.0,22,False,False,False,False,False,0.0,0.0,0.0,0.0,,
0,127,2023-05-30T08:45:03+00:00,1.0,22,False,False,False,False,True,0.0,0.223,0.335,0.335,,
0,128,2023-05-30T09:40:05+00:00,1.0,22,False,False,False,True,True,1.0,1.0,1.0,1.0,,
0,129,2023-05-30T10:35:03+00:00,1.0,22,True,True,True,True,False,0.0,0.0,0.0,0.0,,
0,130,2023-05-30T11:30:05+00:00,1.0,22,False,False,False,False,True,0.0,0.707,0.835,0.835,,
0,131,2023-05-30T12:25:03+00:00,1.0,22,False,False,True,True,False,0.082,0.163,0.163,0.163,,
0,132,2023-05-30T14:30:05+00:00,1.0,22,True,True,True,True,True,1.0,1.0,1.0,1.0,,
0,133,2023-05-30T15:25:02+00:00,1.0,22,True,True,True,True,True,0.958,0.958,0.958,0.958,,
0,134,2023-05-30T16:20:05+00:00,1.0,22,False,False,False,False,False,0.0,0.0,0.0,0.0,,
0,135,2023-05-30T17:15:02+00:00,1.0,22,False,False,False,False,False,0.0,0.0,0.0,0.0,,
0,136,2023-05-30T18:10:07+00:00,1.0,22,False,False,False,False,False,0.0,0.0,0.0,0.0,,
0,137,2023-05-30T19:05:03+00:00,1.0,22,False,False,False,False,False,0.0,0.0,0.0,0.0,,
0,138,2023-05-30T20:00:05+00:00,1.0,22,False,False,False,False,False,0.0,0.0,0.0,0.0,,
0,139,2023-05-30T20:55:03+00:00,1.0,18,False,False,False,False,False,0.0,0.0,0.153,0.244,,
0,140,2023-05-30T21:50:05+00:00,1.0,7,False,False,False,False,False,0.0,0.0,0.0,0.0,,
0,141,2023-06-01T00:15:03+00:00,1.0,1,False,False,False,False,False,0.0,0.0,0.0,0.0,,
0,142,2023-06-01T08:05:03+00:00,1.0,10,False,False,False,False,False,0.0,0.0,0.0,0.0,,
0,143,2023-06-01T09:00:05+00:00,1.0,21,False,False,False,False,False,0.0,0.0,0.0,0.0,,
0,144,2023-06-01T09:55:03+00:00,1.0,22,False,False,False,False,False,0.0,0.0,0.0,0.0,,
0,145,2023-06-01T10:50:05+00:00,1.0,22,False,False,False,False,False,0.0,0.0,0.008,0.154,,
0,146,2023-06-01T11:45:03+00:00,1.0,22,False,False,False,False,False,0.0,0.0,0.0,0.0,,
0,147,2023-06-01T12:40:05+00:00,1.0,22,False,False,False,False,False,0.0,0.112,0.299,0.299,,
0,148,2023-06-01T13:35:03+00:00,1.0,22,False,False,False,False,False,0.0,0.151,0.403,0.549,,
0,149,2023-06-01T14:30:05+00:00,1.0,22,False,False,False,False,False,0.0,0.02,0.068,0.171,,
0,150,2023-06-01T15:25:03+00:00,1.0,22,False,False,False,False,False,0.0,0.0,0.0,0.412,,
0,151,2023-06-01T16:20:05+00:00,1.0,22,False,False,False,False,True,0.0,0.0,0.336,0.36,,
0,152,2023-06-01T17:15:02+00:00,1.0,22,False,False,True,True,True,0.0,0.058,0.299,0.325,,
0,153,2023-06-01T18:10:08+00:00,1.0,22,False,False,False,False,True,0.283,0.283,0.283,0.297,,
0,154,2023-06-01T19:05:02+00:00,1.0,22,False,False,False,False,False,0.0,0.0,0.026,0.034,,
0,155,2023-06-01T20:00:05+00:00,1.0,12,False,False,False,False,False,0.0,0.0,0.0,0.034,,
0,156,2023-06-01T20:55:03+00:00,1.0,1,False,False,False,False,False,0.0,0.0,0.0,0.0,,
0,157,2023-06-02T06:05:03+00:00,1.0,4,False,False,False,False,False,0.0,0.0,0.0,0.0,,
0,158,2023-06-02T07:00:05+00:00,1.0,15,False,False,False,False,False,0.0,0.0,0.0,0.0,,
0,159,2023-06-02T07:55:03+00:00,1.0,22,False,False,False,False,False,0.139,0.139,0.139,0.139,,
0,160,2023-06-02T08:50:05+00:00,1.0,22,False,False,False,False,False,0.0,0.0,0.0,0.034,,
0,161,2023-06-02T09:45:02+00:00,1.0,22,False,False,False,False,False,0.0,0.0,0.061,0.403,,
0,162,2023-06-02T10:40:05+00:00,1.0,22,False,False,True,True,False,0.0,0.0,0.094,0.095,,
0,163,2023-06-02T11:35:03+00:00,1.0,22,False,True,True,True,False,0.0,0.405,0.647,0.66,,
0,164,2023-06-02T12:30:05+00:00,1.0,22,True,True,True,True,True,1.0,1.0,1.0,1.0,,
0,165,2023-06-02T13:25:03+00:00,1.0,22,True,True,True,True,False,0.0,0.0,0.0,0.0,,
0,166,2023-06-02T14:20:05+00:00,1.0,22,False,False,False,False,False,0.0,0.041,0.097,0.139,,
0,167,2023-06-02T15:15:03+00:00,1.0,22,False,False,False,False,False,0.0,0.0,0.006,0.402,,
0,168,2023-06-02T16:10:08+00:00,1.0,22,False,False,False,False,True,0.058,0.299,0.299,0.299,,
0,169,2023-06-02T17:05:03+00:00,1.0,22,False,False,False,True,False,0.0,0.0,0.0,0.151,,
0,170,2023-06-02T18:00:05+00:00,1.0,22,True,True,True,True,True,1.0,1.0,1.0,1.0,,
0,171,2023-06-02T18:55:02+00:00,1.0,22,False,False,False,False,False,0.0,0.0,0.091,0.244,,
0,172,2023-06-02T19:50:05+00:00,1.0,22,False,False,False,False,False,0.0,0.0,0.0,0.095,,
0,173,2023-06-02T20:45:02+00:00,1.0,22,False,False,False,False,False,0.0,0.0,0.0,0.054,,
0,174,2023-06-02T21:40:05+00:00,1.0,22,False,False,False,False,False,0.0,0.0,0.0,0.278,,
0,175,2023-06-02T22:35:03+00:00,1.0,22,False,False,False,False,False,0.0,0.0,0.0,0.0,,
0,176,2023-06-02T23:30:05+00:00,1.0,13,False,False,False,False,False,0.0,0.0,0.054,0.054,,
0,177,2023-06-03T00:25:02+00:00,1.0,2,False,False,False,False,False,0.0,0.0,0.0,0.0,,
0,178,2023-06-03T01:20:05+00:00,1.0,9,False,False,False,False,False,0.0,0.0,0.0,0.0,,
0,179,2023-06-03T02:15:03+00:00,1.0,20,False,False,False,False,False,0.0,0.049,0.106,0.106,,
0,180,2023-06-03T03:10:05+00:00,1.0,22,False,False,False,False,False,0.0,0.0,0.0,0.046,,
0,181,2023-06-03T04:05:03+00:00,1.0,22,False,False,False,False,False,0.0,0.0,0.008,0.252,,
0,182,2023-06-03T05:00:05+00:00,1.0,22,False,False,False,False,True,0.0,0.041,0.503,0.503,,
0,183,2023-06-03T07:15:02+00:00,1.0,22,False,False,False,False,False,0.0,0.0,0.004,0.005,,
0,184,2023-06-03T08:10:07+00:00,1.0,22,False,False,False,False,False,0.0,0.0,0.0,0.0,,
0,185,2023-06-03T09:05:03+00:00,1.0,22,False,True,True,True,True,0.315,0.612,0.612,0.728,,
0,186,2023-06-03T10:00:05+00:00,1.0,22,True,True,True,True,True,0.201,0.863,0.863,0.87,,
0,187,2023-06-03T10:55:03+00:00,1.0,22,True,True,True,True,False,0.0,0.163,0.2,0.243,,
0,188,2023-06-03T11:50:05+00:00,1.0,22,True,True,True,True,True,0.0,0.0,0.924,0.968,,
0,189,2023-06-03T12:45:02+00:00,1.0,22,True,True,True,True,False,0.0,0.0,0.0,0.286,,
0,190,2023-06-03T13:40:05+00:00,1.0,22,True,True,True,True,True,1.0,1.0,1.0,1.0,,
0,191,2023-06-03T14:35:02+00:00,1.0,22,True,True,True,True,True,1.0,1.0,1.0,1.0,,
0,192,2023-06-03T15:30:05+00:00,1.0,22,False,False,False,True,False,0.0,0.0,0.0,0.242,,
0,193,2023-06-03T16:25:03+00:00,1.0,22,True,True,True,True,False,0.0,0.024,0.03,0.03,,
0,194,2023-06-03T17:20:05+00:00,1.0,22,False,False,False,False,False,0.0,0.0,0.0,0.0,,
0,195,2023-06-03T18:15:03+00:00,1.0,22,False,False,False,False,False,0.0,0.0,0.0,0.0,,
0,196,2023-06-03T19:10:05+00:00,1.0,22,False,False,False,False,False,0.0,0.0,0.0,0.0,,
0,197,2023-06-03T20:05:03+00:00,1.0,21,False,False,False,False,False,0.0,0.0,0.0,0.0,,
0,198,2023-06-03T21:00:05+00:00,1.0,13,False,False,False,False,False,0.0,0.0,0.0,0.0,,
0,199,2023-06-03T21:55:03+00:00,1.0,9,False,False,False,False,False,0.0,0.0,0.0,0.0,,
0,200,2023-06-03T22:50:05+00:00,1.0,17,False,False,False,False,False,0.0,0.0,0.0,0.0,,
0,201,2023-06-03T23:45:03+00:00,1.0,22,False,False,False,False,False,0.0,0.0,0.0,0.0,,
0,202,2023-06-04T00:40:05+00:00,1.0,22,False,False,False,False,False,0.0,0.0,0.0,0.0,,
0,203,2023-06-04T01:35:02+00:00,1.0,22,False,False,False,False,False,0.0,0.0,0.007,0.007,,
0,204,2023-06-04T02:30:05+00:00,1.0,22,False,False,False,False,False,0.0,0.0,0.0,0.0,,
0,205,2023-06-04T03:25:03+00:00,1.0,22,False,False,False,False,False,0.0,0.0,0.0,0.0,,
0,206,2023-06-04T04:20:05+00:00,1.0,17,False,False,False,False,False,0.0,0.0,0.0,0.0,,
0,207,2023-06-04T05:15:02+00:00,1.0,6,False,False,False,False,False,0.0,0.0,0.0,0.008,,
0,208,2023-06-04T08:55:02+00:00,1.0,10,False,False,False,False,False,0.0,0.0,0.0,0.0,,
0,209,2023-06-04T09:50:05+00:00,1.0,21,False,False,False,False,False,0.0,0.0,0.0,0.0,,
0,210,2023-06-04T10:45:03+00:00,1.0,22,False,False,False,False,False,0.0,0.0,0.056,0.056,,
0,211,2023-06-04T11:40:05+00:00,1.0,22,False,True,True,True,True,0.701,0.701,0.701,0.723,,
0,212,2023-06-04T12:35:02+00:00,1.0,22,False,False,False,False,False,0.0,0.0,0.046,0.285,,
0,213,2023-06-04T13:30:05+00:00,1.0,22,False,False,False,False,False,0.0,0.0,0.001,0.004,,
0,214,2023-06-04T14:25:03+00:00,1.0,22,False,False,False,False,True,0.0,0.747,0.946,0.948,,
0,215,2023-06-04T15:20:05+00:00,1.0,22,False,False,False,False,False,0.0,0.0,0.0,0.0,,
0,216,2023-06-04T16:15:03+00:00,1.0,22,False,False,False,False,False,0.0,0.0,0.0,0.017,,
0,217,2023-06-04T18:55:03+00:00,1.0,12,False,False,False,False,False,0.0,0.0,0.0,0.0,,
0,218,2023-06-04T19:50:05+00:00,1.0,16,False,False,False,False,False,0.0,0.0,0.0,0.0,,
0,219,2023-06-04T20:45:02+00:00,1.0,22,False,False,False,False,False,0.0,0.0,0.0,0.0,,
0,220,2023-06-04T21:40:05+00:00,1.0,22,False,False,False,False,False,0.0,0.0,0.0,0.0,,
0,221,2023-06-04T22:35:03+00:00,1.0,22,False,False,False,False,False,0.0,0.0,0.0,0.0,,
0,222,2023-06-04T23:30:06+00:00,1.0,22,False,False,False,False,False,0.0,0.0,0.0,0.0,,
0,223,2023-06-05T00:25:02+00:00,1.0,22,False,False,False,False,False,0.0,0.0,0.0,0.0,,
0,224,2023-06-05T01:20:05+00:00,1.0,22,False,False,False,False,False,0.0,0.0,0.0,0.0,,
0,225,2023-06-05T02:15:02+00:00,1.0,22,False,False,False,False,False,0.0,0.0,0.0,0.0,,
0,226,2023-06-05T03:10:05+00:00,1.0,22,False,False,False,False,False,0.0,0.0,0.0,0.0,,
0,227,2023-06-05T04:05:02+00:00,1.0,22,False,False,False,False,False,0.0,0.0,0.0,0.0,,
0,228,2023-06-05T05:00:04+00:00,1.0,22,False,False,False,False,False,0.0,0.0,0.002,0.003,,
0,229,2023-06-05T05:55:03+00:00,1.0,22,False,False,False,False,False,0.0,0.0,0.0,0.0,,
0,230,2023-06-05T06:50:05+00:00,1.0,22,False,False,False,False,False,0.0,0.0,0.002,0.002,,
0,231,2023-06-05T07:45:02+00:00,1.0,22,False,False,False,True,False,0.0,0.0,0.099,0.743,,
0,232,2023-06-05T08:40:05+00:00,1.0,22,True,True,True,True,True,0.794,0.811,0.856,0.856,,
0,233,2023-06-05T09:35:03+00:00,1.0,22,False,False,False,False,False,0.0,0.0,0.0,0.0,,
0,234,2023-06-05T10:30:05+00:00,1.0,22,False,False,False,False,False,0.0,0.0,0.0,0.0,,
0,235,2023-06-05T11:25:02+00:00,1.0,22,False,False,False,False,False,0.0,0.0,0.0,0.0,,
0,236,2023-06-05T12:20:05+00:00,1.0,22,False,False,False,False,False,0.0,0.0,0.0,0.061,,
0,237,2023-06-05T15:00:05+00:00,1.0,22,False,False,False,False,False,0.0,0.0,0.0,0.0,,
0,238,2023-06-05T15:55:03+00:00,1.0,22,False,False,False,False,False,0.0,0.0,0.0,0.0,,
0,239,2023-06-05T16:50:05+00:00,1.0,22,False,False,False,False,False,0.0,0.0,0.0,0.0,,
0,240,2023-06-05T17:45:03+00:00,1.0,22,False,False,False,False,False,0.0,0.0,0.0,0.0,,
0,241,2023-06-05T18:40:05+00:00,1.0,22,False,False,False,False,False,0.0,0.0,0.0,0.0,,
0,242,2023-06-05T19:35:02+00:00,1.0,22,False,False,False,False,False,0.0,0.0,0.0,0.0,,
0,243,2023-06-05T20:30:05+00:00,1.0,22,False,False,False,False,False,0.0,0.0,0.091,0.16,,
0,244,2023-06-05T21:25:02+00:00,1.0,22,False,False,False,False,False,0.0,0.0,0.151,0.419,,
0,245,2023-06-05T22:20:05+00:00,1.0,22,False,False,False,False,False,0.0,0.034,0.065,0.067,,
0,246,2023-06-05T23:15:02+00:00,1.0,22,False,False,False,True,False,0.0,0.0,0.0,0.16,,
0,247,2023-06-06T00:10:07+00:00,1.0,22,False,True,True,True,True,1.0,1.0,1.0,1.0,,
0,248,2023-06-06T01:05:02+00:00,1.0,22,True,True,True,True,False,0.0,0.003,0.014,0.014,,
0,249,2023-06-06T02:00:05+00:00,1.0,22,False,False,True,True,True,0.0,0.334,0.386,0.386,,
0,250,2023-06-06T02:55:02+00:00,1.0,22,True,False,False,False,False,0.0,0.0,0.0,0.182,,
0,251,2023-06-06T03:50:05+00:00,1.0,22,False,False,False,False,False,0.0,0.0,0.0,0.403,,
0,252,2023-06-06T04:45:03+00:00,1.0,22,False,False,False,False,False,0.0,0.261,0.313,0.618,,
0,253,2023-06-06T05:40:05+00:00,1.0,22,False,True,True,True,True,0.941,1.0,1.0,1.0,,
0,254,2023-06-06T06:35:03+00:00,1.0,22,True,True,True,True,True,1.0,1.0,1.0,1.0,,
0,255,2023-06-06T07:30:05+00:00,1.0,22,False,True,True,True,True,0.938,0.938,0.961,0.974,,
0,256,2023-06-06T08:25:03+00:00,1.0,22,True,True,True,True,True,1.0,1.0,1.0,1.0,,
0,257,2023-06-06T09:20:05+00:00,1.0,22,True,True,True,True,True,1.0,1.0,1.0,1.0,,
0,258,2023-06-06T10:15:03+00:00,1.0,22,True,True,True,True,True,0.946,0.954,0.954,0.986,,
0,259,2023-06-06T11:10:05+00:00,1.0,22,True,True,True,True,True,1.0,1.0,1.0,1.0,,
0,260,2023-06-06T12:05:02+00:00,1.0,22,False,False,False,False,False,0.0,0.0,0.272,0.432,,
0,261,2023-06-06T13:00:05+00:00,1.0,22,False,False,False,False,False,0.0,0.0,0.207,0.207,,
0,262,2023-06-06T13:55:03+00:00,1.0,18,False,False,False,False,False,0.0,0.0,0.0,0.0,,
0,263,2023-06-06T14:50:05+00:00,1.0,7,False,False,False,False,False,0.0,0.0,0.0,0.0,,
0,264,2023-06-06T17:35:03+00:00,1.0,4,False,False,False,False,False,0.0,0.0,0.0,0.0,,
0,265,2023-06-06T18:30:05+00:00,1.0,10,False,False,False,False,False,0.0,0.0,0.0,0.0,,
0,266,2023-06-06T19:25:02+00:00,1.0,6,False,False,False,False,False,0.0,0.0,0.0,0.0,,
0,267,2023-06-07T00:55:03+00:00,1.0,7,False,False,False,False,False,0.0,0.0,0.0,0.0,,
0,268,2023-06-07T01:50:05+00:00,1.0,18,False,False,False,False,False,0.0,0.0,0.0,0.0,,
0,269,2023-06-07T02:45:03+00:00,1.0,22,False,False,False,False,False,0.0,0.0,0.0,0.0,,
0,270,2023-06-07T03:40:05+00:00,1.0,22,False,False,False,False,False,0.0,0.0,0.002,0.002,,
0,271,2023-06-07T04:35:03+00:00,1.0,22,False,False,False,False,False,0.0,0.0,0.0,0.0,,
0,272,2023-06-07T05:30:05+00:00,1.0,22,False,False,False,False,False,0.0,0.026,0.036,0.037,,
0,273,2023-06-07T07:30:05+00:00,1.0,22,False,False,False,False,False,0.0,0.0,0.0,0.0,,
0,274,2023-06-07T08:25:03+00:00,1.0,22,False,False,False,False,False,0.0,0.012,0.307,0.307,,
0,275,2023-06-07T09:20:05+00:00,1.0,22,False,False,False,False,False,0.0,0.0,0.0,0.091,,
0,276,2023-06-07T10:15:03+00:00,1.0,22,False,False,False,False,False,0.0,0.0,0.0,0.089,,
0,277,2023-06-07T11:10:05+00:00,1.0,22,False,False,False,False,True,0.0,0.338,0.701,0.701,,
0,278,2023-06-07T12:05:02+00:00,1.0,22,False,False,False,False,False,0.0,0.0,0.207,0.244,,
0,279,2023-06-07T13:00:05+00:00,1.0,22,False,False,False,False,False,0.0,0.0,0.004,0.004,,
0,280,2023-06-07T13:55:03+00:00,1.0,22,False,False,False,False,False,0.0,0.0,0.046,0.092,,
0,281,2023-06-07T14:50:05+00:00,1.0,22,False,False,False,False,False,0.0,0.0,0.0,0.037,,
0,282,2023-06-07T15:45:02+00:00,1.0,22,False,False,False,False,False,0.0,0.0,0.0,0.0,,
0,283,2023-06-07T16:40:05+00:00,1.0,22,False,False,False,False,False,0.0,0.002,0.005,0.005,,
0,284,2023-06-07T17:35:03+00:00,1.0,22,False,False,False,False,False,0.0,0.0,0.0,0.0,,
0,285,2023-06-07T18:30:05+00:00,1.0,22,False,False,False,False,False,0.0,0.0,0.0,0.647,,
0,286,2023-06-07T19:25:03+00:00,1.0,22,False,False,False,False,False,0.0,0.0,0.0,0.0,,
0,287,2023-06-07T20:20:05+00:00,1.0,11,False,False,False,False,False,0.0,0.0,0.0,0.0,,
0,288,2023-06-07T22:10:08+00:00,20.0,0,False,False,False,False,False,0.0,0.0,0.0,0.0,,
0,289,2023-06-08T02:45:02+00:00,1.0,2,False,False,False,False,False,0.0,0.0,0.0,0.0,,
0,290,2023-06-08T03:40:05+00:00,1.0,10,False,False,False,False,False,0.0,0.0,0.0,0.0,,
0,291,2023-06-08T04:35:03+00:00,1.0,8,False,False,False,False,False,0.0,0.0,0.0,0.0,,
0,292,2023-06-08T06:25:03+00:00,1.0,1,False,False,False,False,False,0.0,0.0,0.0,0.0,,
0,293,2023-06-08T07:20:05+00:00,1.0,12,False,False,False,False,False,0.0,0.0,0.0,0.0,,
0,294,2023-06-08T08:15:03+00:00,1.0,22,False,False,False,False,False,0.0,0.0,0.0,0.0,,
0,295,2023-06-08T09:10:05+00:00,1.0,22,False,False,False,False,False,0.0,0.0,0.0,0.0,,
0,296,2023-06-08T10:05:03+00:00,1.0,22,False,False,False,False,True,0.0,0.046,0.279,0.596,,
0,297,2023-06-08T11:00:05+00:00,1.0,22,False,False,False,True,False,0.0,0.0,0.0,0.008,,
0,298,2023-06-08T11:55:03+00:00,1.0,22,True,True,True,True,True,0.0,0.324,0.946,0.954,,
0,299,2023-06-08T12:50:05+00:00,1.0,22,True,True,True,True,True,1.0,1.0,1.0,1.0,,
0,300,2023-06-08T13:45:03+00:00,1.0,22,True,False,False,False,True,1.0,1.0,1.0,1.0,,
0,301,2023-06-08T14:40:05+00:00,1.0,22,False,False,False,False,False,0.0,0.015,0.039,0.238,,
0,302,2023-06-08T15:35:02+00:00,1.0,22,False,False,False,False,False,0.0,0.0,0.0,0.054,,
0,303,2023-06-08T16:30:05+00:00,1.0,22,False,False,False,False,False,0.0,0.0,0.0,0.0,,
0,304,2023-06-08T17:25:02+00:00,1.0,22,False,False,False,False,False,0.0,0.0,0.0,0.0,,
0,305,2023-06-08T18:20:05+00:00,1.0,16,False,False,False,False,False,0.0,0.0,0.0,0.0,,
0,306,2023-06-08T19:15:02+00:00,1.0,5,False,False,False,False,False,0.0,0.0,0.0,0.0,,
0,307,2023-06-09T00:45:02+00:00,20.0,0,False,False,False,False,False,0.0,0.0,0.0,0.0,,
0,308,2023-06-09T08:05:03+00:00,1.0,2,False,False,False,False,False,0.0,0.0,0.0,0.0,,
0,309,2023-06-09T09:00:05+00:00,1.0,13,False,False,False,False,False,0.0,0.0,0.0,0.0,,
0,310,2023-06-09T09:55:03+00:00,1.0,22,False,False,False,False,True,0.0,0.0,0.253,0.299,,
0,311,2023-06-09T10:50:05+00:00,1.0,22,False,True,True,True,True,0.248,0.701,0.701,0.823,,
0,312,2023-06-09T11:45:02+00:00,1.0,22,True,True,True,True,True,1.0,1.0,1.0,1.0,,
0,313,2023-06-09T12:40:05+00:00,1.0,22,True,True,True,True,True,1.0,1.0,1.0,1.0,,
0,314,2023-06-09T13:35:03+00:00,1.0,22,False,False,True,True,False,0.0,0.0,0.008,0.261,,
0,315,2023-06-09T14:30:05+00:00,1.0,22,False,False,False,False,False,0.049,0.152,0.152,0.152,,
0,316,2023-06-09T15:25:03+00:00,1.0,22,False,False,False,False,False,0.0,0.0,0.0,0.054,,
0,317,2023-06-09T16:20:05+00:00,1.0,22,False,False,False,False,False,0.0,0.0,0.0,0.0,,
0,318,2023-06-09T17:15:03+00:00,1.0,22,False,False,False,False,False,0.0,0.0,0.0,0.0,,
0,319,2023-06-09T18:10:07+00:00,1.0,22,False,False,False,False,False,0.0,0.0,0.0,0.046,,
0,320,2023-06-09T19:05:02+00:00,1.0,22,False,False,False,False,False,0.0,0.0,0.0,0.0,,
0,321,2023-06-09T20:00:05+00:00,1.0,13,False,False,False,False,False,0.0,0.0,0.0,0.0,,
0,322,2023-06-09T20:55:03+00:00,1.0,2,False,False,False,False,False,0.0,0.0,0.0,0.0,,
0,323,2023-06-09T22:45:03+00:00,1.0,2,False,False,False,False,False,0.0,0.0,0.0,0.0,,
0,324,2023-06-09T23:40:05+00:00,1.0,5,False,False,False,False,False,0.0,0.0,0.0,0.0,,
0,325,2023-06-10T00:35:02+00:00,1.0,3,False,False,False,False,False,0.0,0.0,0.0,0.0,,
0,326,2023-06-10T01:30:05+00:00,1.0,7,False,False,False,False,False,0.0,0.0,0.0,0.0,,
0,327,2023-06-10T02:25:03+00:00,1.0,18,False,False,False,False,False,0.0,0.0,0.0,0.0,,
0,328,2023-06-10T03:20:05+00:00,1.0,22,False,False,False,False,False,0.0,0.0,0.0,0.0,,
0,329,2023-06-10T04:15:03+00:00,1.0,22,False,False,False,False,False,0.0,0.0,0.0,0.034,,
0,330,2023-06-10T05:10:05+00:00,1.0,22,False,False,False,False,False,0.0,0.0,0.0,0.0,,
0,331,2023-06-10T06:05:02+00:00,1.0,22,False,False,False,False,False,0.0,0.0,0.0,0.0,,
0,332,2023-06-10T07:00:05+00:00,1.0,22,False,False,False,False,False,0.0,0.0,0.037,0.207,,
0,333,2023-06-10T07:55:03+00:00,1.0,22,False,False,False,False,False,0.0,0.0,0.0,0.0,,
0,334,2023-06-10T08:50:05+00:00,1.0,22,False,False,False,False,False,0.0,0.0,0.0,0.0,,
0,335,2023-06-10T09:45:02+00:00,1.0,22,False,False,False,True,False,0.0,0.0,0.0,0.0,,
0,336,2023-06-10T10:40:05+00:00,1.0,22,True,True,True,True,True,1.0,1.0,1.0,1.0,,
0,337,2023-06-10T11:35:03+00:00,1.0,22,True,True,True,True,True,0.0,0.103,0.333,0.333,,
0,338,2023-06-10T12:30:05+00:00,1.0,22,True,True,True,True,True,1.0,1.0,1.0,1.0,,
0,339,2023-06-10T13:25:03+00:00,1.0,22,True,True,True,True,True,1.0,1.0,1.0,1.0,,
0,340,2023-06-10T14:20:05+00:00,1.0,22,True,True,True,True,True,1.0,1.0,1.0,1.0,,
0,341,2023-06-10T15:15:03+00:00,1.0,22,False,False,False,False,False,0.0,0.0,0.054,0.092,,
0,342,2023-06-10T16:10:07+00:00,1.0,22,False,False,False,False,False,0.0,0.002,0.124,0.305,,
0,343,2023-06-10T17:05:02+00:00,1.0,22,False,False,False,False,False,0.0,0.0,0.0,0.244,,
0,344,2023-06-10T18:00:05+00:00,1.0,22,False,False,False,False,False,0.0,0.0,0.0,0.0,,
0,345,2023-06-10T18:55:03+00:00,1.0,22,False,False,False,False,False,0.0,0.0,0.0,0.0,,
0,346,2023-06-10T19:50:06+00:00,1.0,22,False,False,True,True,False,0.0,0.0,0.0,0.0,,
0,347,2023-06-10T20:45:03+00:00,1.0,22,True,True,True,True,True,1.0,1.0,1.0,1.0,,
0,348,2023-06-10T21:40:05+00:00,1.0,22,False,False,False,False,False,0.0,0.0,0.0,0.0,,
0,349,2023-06-10T22:35:02+00:00,1.0,22,False,False,False,False,False,0.0,0.0,0.0,0.0,,
0,350,2023-06-10T23:30:05+00:00,1.0,22,False,False,False,False,False,0.0,0.0,0.0,0.037,,
0,351,2023-06-11T00:25:02+00:00,1.0,22,False,False,False,False,True,0.0,0.35,0.701,0.701,,
0,352,2023-06-11T01:20:05+00:00,1.0,22,False,False,False,False,False,0.0,0.0,0.0,0.0,,
0,353,2023-06-11T02:15:02+00:00,1.0,22,False,False,False,False,False,0.0,0.0,0.0,0.091,,
0,354,2023-06-11T03:10:05+00:00,1.0,22,False,False,False,False,False,0.0,0.0,0.0,0.0,,
0,355,2023-06-11T04:05:03+00:00,1.0,22,False,False,False,False,False,0.0,0.0,0.0,0.0,,
0,356,2023-06-11T05:00:05+00:00,1.0,22,False,False,False,False,False,0.0,0.0,0.0,0.0,,
0,357,2023-06-11T05:55:03+00:00,1.0,22,False,False,False,False,False,0.0,0.0,0.0,0.0,,
0,358,2023-06-11T06:50:05+00:00,1.0,22,False,False,False,False,False,0.0,0.0,0.0,0.0,,
0,359,2023-06-11T07:45:02+00:00,1.0,22,False,False,False,False,False,0.0,0.0,0.0,0.0,,
0,360,2023-06-11T08:40:05+00:00,1.0,22,False,False,False,True,True,0.351,0.351,0.352,0.546,,
0,361,2023-06-11T09:35:03+00:00,1.0,22,True,True,True,True,True,1.0,1.0,1.0,1.0,,
0,362,2023-06-11T10:30:05+00:00,1.0,22,True,True,True,True,True,1.0,1.0,1.0,1.0,,
0,363,2023-06-11T11:25:02+00:00,1.0,22,True,True,True,True,True,1.0,1.0,1.0,1.0,,
0,364,2023-06-11T12:20:05+00:00,1.0,22,False,False,False,False,True,0.0,0.891,0.95,0.999,,
0,365,2023-06-11T13:15:03+00:00,1.0,22,False,False,False,False,False,0.0,0.0,0.0,0.129,,
0,366,2023-06-11T14:10:08+00:00,1.0,22,False,False,False,False,False,0.0,0.0,0.293,0.464,,
0,367,2023-06-11T15:05:02+00:00,1.0,22,False,False,False,False,False,0.0,0.0,0.191,0.357,,
0,368,2023-06-11T16:00:05+00:00,1.0,22,False,True,True,True,False,0.0,0.0,0.0,0.0,,
0,369,2023-06-11T16:55:02+00:00,1.0,22,False,False,False,False,False,0.0,0.0,0.0,0.001,,
0,370,2023-06-11T17:50:05+00:00,1.0,22,False,False,False,False,False,0.0,0.0,0.0,0.551,,
0,371,2023-06-11T18:45:03+00:00,1.0,22,False,False,False,False,False,0.0,0.0,0.035,0.041,,
0,372,2023-06-11T19:40:05+00:00,1.0,22,False,False,False,False,False,0.0,0.02,0.043,0.043,,
0,373,2023-06-11T20:35:03+00:00,1.0,22,False,False,False,False,False,0.0,0.0,0.0,0.0,,
0,374,2023-06-11T21:30:05+00:00,1.0,22,False,False,False,False,True,0.0,0.0,0.317,0.484,,
0,375,2023-06-11T22:25:03+00:00,1.0,22,False,False,False,True,True,0.0,0.0,0.995,1.0,,
0,376,2023-06-11T23:20:05+00:00,1.0,22,True,True,True,True,True,1.0,1.0,1.0,1.0,,
0,377,2023-06-12T00:15:03+00:00,1.0,22,True,True,True,True,True,1.0,1.0,1.0,1.0,,
0,378,2023-06-12T01:10:05+00:00,1.0,22,True,True,True,True,True,1.0,1.0,1.0,1.0,,
0,379,2023-06-12T02:05:03+00:00,1.0,22,True,True,True,True,True,1.0,1.0,1.0,1.0,,
0,380,2023-06-12T03:00:05+00:00,1.0,22,True,True,True,True,False,0.0,0.0,0.0,0.0,,
0,381,2023-06-12T03:55:03+00:00,1.0,22,True,True,True,True,False,0.0,0.0,0.0,0.0,,
0,382,2023-06-12T04:50:05+00:00,1.0,22,False,False,False,False,False,0.0,0.0,0.068,0.1,,
0,383,2023-06-12T05:45:03+00:00,1.0,22,False,False,False,False,False,0.0,0.0,0.0,0.0,,
0,384,2023-06-12T06:40:05+00:00,1.0,22,False,False,False,False,False,0.0,0.0,0.002,0.002,,
0,385,2023-06-12T07:35:02+00:00,1.0,22,False,False,False,False,False,0.0,0.0,0.244,0.332,,
0,386,2023-06-12T08:30:05+00:00,1.0,22,False,False,False,True,True,1.0,1.0,1.0,1.0,,
0,387,2023-06-12T09:25:02+00:00,1.0,22,False,False,False,False,False,0.0,0.0,0.009,0.399,,
0,388,2023-06-12T10:20:05+00:00,1.0,22,False,False,False,False,True,0.966,1.0,1.0,1.0,,
0,389,2023-06-12T11:15:03+00:00,1.0,22,False,False,False,False,True,0.019,0.057,0.951,0.96,,
0,390,2023-06-12T12:10:08+00:00,1.0,22,False,False,False,False,False,0.015,0.182,0.185,0.185,,
0,391,2023-06-12T13:05:03+00:00,1.0,22,False,False,False,False,True,0.008,0.995,1.0,1.0,,
0,392,2023-06-12T14:00:05+00:00,1.0,22,False,False,False,False,False,0.0,0.0,0.0,0.246,,
0,393,2023-06-12T14:55:03+00:00,1.0,22,False,False,False,False,False,0.0,0.0,0.0,0.256,,
0,394,2023-06-12T15:50:05+00:00,1.0,22,False,False,False,False,False,0.0,0.0,0.0,0.0,,
0,395,2023-06-12T16:45:03+00:00,1.0,22,False,False,False,False,False,0.0,0.0,0.0,0.198,,
0,396,2023-06-12T17:40:05+00:00,1.0,22,False,False,False,False,False,0.0,0.0,0.0,0.008,,
0,397,2023-06-12T18:35:02+00:00,1.0,22,False,False,False,False,False,0.0,0.017,0.031,0.031,,
0,398,2023-06-12T19:30:05+00:00,1.0,22,False,False,False,False,True,1.0,1.0,1.0,1.0,,
0,399,2023-06-12T20:25:02+00:00,1.0,22,False,False,False,False,True,1.0,1.0,1.0,1.0,,
0,400,2023-06-12T21:20:05+00:00,1.0,22,False,False,False,False,False,0.0,0.0,0.0,0.0,,
0,401,2023-06-12T22:15:02+00:00,1.0,22,False,False,False,False,False,0.0,0.054,0.054,0.054,,
0,402,2023-06-12T23:10:05+00:00,1.0,22,False,False,False,False,False,0.0,0.0,0.0,0.014,,
0,403,2023-06-13T00:05:03+00:00,1.0,14,False,False,False,False,False,0.0,0.0,0.0,0.0,,
0,404,2023-06-13T01:00:05+00:00,1.0,3,False,False,False,False,False,0.0,0.0,0.0,0.0,,
0,405,2023-06-13T04:40:05+00:00,1.0,5,False,False,False,False,False,0.0,0.0,0.0,0.0,,
0,406,2023-06-13T05:35:03+00:00,1.0,9,False,False,False,False,False,0.0,0.0,0.0,0.0,,
0,407,2023-06-13T06:30:05+00:00,1.0,4,False,False,False,False,False,0.0,0.0,0.0,0.034,,
0,408,2023-06-13T12:00:05+00:00,1.0,10,False,False,False,False,False,0.0,0.0,0.0,0.0,,
0,409,2023-06-13T12:55:03+00:00,1.0,21,False,False,False,False,False,0.0,0.0,0.029,0.139,,
0,410,2023-06-13T13:50:05+00:00,1.0,22,False,False,False,False,False,0.0,0.0,0.0,0.048,,
0,411,2023-06-13T14:45:03+00:00,1.0,22,False,False,False,False,False,0.0,0.0,0.043,0.165,,
0,412,2023-06-13T15:40:05+00:00,1.0,22,False,False,False,False,True,0.056,0.293,0.317,0.461,,
0,413,2023-06-13T16:35:03+00:00,1.0,22,False,False,False,False,False,0.0,0.0,0.0,0.0,,
0,414,2023-06-13T17:30:05+00:00,1.0,22,False,False,False,False,False,0.0,0.0,0.0,0.0,,
0,415,2023-06-13T18:25:02+00:00,1.0,22,False,False,False,False,False,0.0,0.0,0.0,0.0,,
0,416,2023-06-13T19:20:05+00:00,1.0,22,False,False,False,False,False,0.0,0.091,0.244,0.259,,
0,417,2023-06-13T20:15:03+00:00,1.0,22,False,False,False,False,False,0.0,0.0,0.0,0.001,,
0,418,2023-06-13T21:10:05+00:00,1.0,18,False,False,False,False,False,0.0,0.0,0.0,0.0,,
0,419,2023-06-13T22:05:03+00:00,1.0,18,False,False,False,False,False,0.0,0.0,0.0,0.0,,
0,420,2023-06-13T23:00:05+00:00,1.0,22,False,False,False,False,False,0.0,0.0,0.0,0.0,,
0,421,2023-06-13T23:55:03+00:00,1.0,22,False,False,False,False,False,0.0,0.0,0.0,0.0,,
0,422,2023-06-14T00:50:05+00:00,1.0,22,False,False,False,False,False,0.0,0.0,0.0,0.0,,
0,423,2023-06-14T01:45:03+00:00,1.0,22,False,False,False,False,True,0.299,0.299,0.299,0.299,,
0,424,2023-06-14T02:40:05+00:00,1.0,22,False,False,False,False,False,0.0,0.0,0.0,0.0,,
0,425,2023-06-14T03:35:03+00:00,1.0,22,False,False,False,False,False,0.0,0.0,0.0,0.122,,
0,426,2023-06-14T04:30:05+00:00,1.0,22,False,False,False,False,False,0.0,0.0,0.0,0.045,,
0,427,2023-06-14T05:25:03+00:00,1.0,22,False,False,False,False,False,0.0,0.0,0.0,0.61,,
0,428,2023-06-14T06:20:05+00:00,1.0,22,False,False,False,False,False,0.0,0.0,0.0,0.037,,
0,429,2023-06-14T07:15:03+00:00,1.0,22,False,False,False,False,False,0.0,0.0,0.0,0.176,,
0,430,2023-06-14T08:10:08+00:00,1.0,22,False,False,False,True,True,0.008,0.908,0.949,0.956,,
0,431,2023-06-14T09:05:03+00:00,1.0,22,True,True,True,True,True,0.669,0.851,0.884,0.884,,
0,432,2023-06-14T10:00:05+00:00,1.0,22,True,False,False,True,False,0.0,0.0,0.137,0.172,,
0,433,2023-06-14T10:55:03+00:00,1.0,22,True,True,True,True,True,1.0,1.0,1.0,1.0,,
0,434,2023-06-14T11:50:05+00:00,1.0,22,True,True,True,True,True,1.0,1.0,1.0,1.0,,
0,435,2023-06-14T12:45:02+00:00,1.0,22,False,False,False,True,False,0.04,0.04,0.04,0.511,,
0,436,2023-06-14T13:40:05+00:00,1.0,22,False,True,True,True,True,1.0,1.0,1.0,1.0,,
0,437,2023-06-14T14:35:03+00:00,1.0,22,True,True,True,True,True,1.0,1.0,1.0,1.0,,
0,438,2023-06-14T15:30:05+00:00,1.0,22,False,False,False,False,False,0.0,0.0,0.0,0.054,,
0,439,2023-06-14T16:25:03+00:00,1.0,22,False,False,False,False,False,0.0,0.0,0.0,0.119,,
0,440,2023-06-14T17:20:05+00:00,1.0,22,False,False,False,False,False,0.0,0.0,0.007,0.01,,
0,441,2023-06-14T18:15:02+00:00,1.0,22,False,False,False,False,False,0.0,0.0,0.0,0.0,,
0,442,2023-06-14T19:10:05+00:00,1.0,22,False,False,False,False,True,1.0,1.0,1.0,1.0,,
0,443,2023-06-14T20:05:02+00:00,1.0,22,False,False,False,False,False,0.0,0.0,0.0,0.0,,
0,444,2023-06-14T21:00:05+00:00,1.0,22,False,False,False,True,False,0.0,0.0,0.0,0.341,,
0,445,2023-06-14T21:55:03+00:00,1.0,22,True,True,True,True,True,1.0,1.0,1.0,1.0,,
0,446,2023-06-14T22:50:05+00:00,1.0,22,True,True,True,True,True,1.0,1.0,1.0,1.0,,
0,447,2023-06-14T23:45:03+00:00,1.0,22,True,True,True,True,True,1.0,1.0,1.0,1.0,,
0,448,2023-06-15T00:40:05+00:00,1.0,22,False,False,True,True,False,0.0,0.0,0.008,0.009,,
0,449,2023-06-15T01:35:03+00:00,1.0,22,False,False,True,True,True,1.0,1.0,1.0,1.0,,
0,450,2023-06-15T02:30:05+00:00,1.0,22,True,True,True,True,True,1.0,1.0,1.0,1.0,,
0,451,2023-06-15T03:25:02+00:00,1.0,22,True,True,True,True,True,1.0,1.0,1.0,1.0,,
0,452,2023-06-15T04:20:05+00:00,1.0,22,True,True,True,True,True,1.0,1.0,1.0,1.0,,
0,453,2023-06-15T05:15:03+00:00,1.0,22,True,True,True,True,True,1.0,1.0,1.0,1.0,,
0,454,2023-06-15T06:10:08+00:00,1.0,22,False,True,True,True,True,1.0,1.0,1.0,1.0,,
0,455,2023-06-15T07:05:03+00:00,1.0,22,True,True,True,True,True,1.0,1.0,1.0,1.0,,
0,456,2023-06-15T08:00:05+00:00,1.0,22,True,True,True,True,False,0.0,0.0,0.0,0.02,,
0,457,2023-06-15T08:55:03+00:00,1.0,22,False,False,False,False,False,0.0,0.0,0.342,0.527,,
0,458,2023-06-15T09:50:05+00:00,1.0,22,False,False,False,False,False,0.0,0.0,0.0,0.292,,
0,459,2023-06-15T10:45:03+00:00,1.0,22,False,False,False,False,True,0.0,0.083,0.32,0.32,,
0,460,2023-06-15T11:40:05+00:00,1.0,22,False,False,False,False,False,0.027,0.027,0.035,0.288,,
0,461,2023-06-15T12:35:02+00:00,1.0,22,False,False,False,False,False,0.0,0.0,0.001,0.009,,
0,462,2023-06-15T13:30:05+00:00,1.0,22,False,False,False,False,False,0.0,0.0,0.054,0.643,,
0,463,2023-06-15T14:25:03+00:00,1.0,22,False,False,False,False,True,0.612,0.612,0.613,0.768,,
0,464,2023-06-15T15:20:05+00:00,1.0,22,False,False,False,False,False,0.0,0.0,0.0,0.035,,
0,465,2023-06-15T16:15:03+00:00,1.0,22,False,False,False,False,True,1.0,1.0,1.0,1.0,,
0,466,2023-06-15T17:10:05+00:00,1.0,22,False,False,False,False,False,0.0,0.0,0.0,0.0,,
0,467,2023-06-15T18:05:03+00:00,1.0,22,False,False,False,False,False,0.0,0.0,0.0,0.037,,
0,468,2023-06-15T19:00:05+00:00,1.0,22,False,False,False,False,False,0.0,0.126,0.43,0.54,,
0,469,2023-06-15T19:55:02+00:00,1.0,22,False,False,False,True,False,0.015,0.037,0.037,0.089,,
0,470,2023-06-15T20:50:05+00:00,1.0,22,True,True,True,True,True,0.0,0.632,0.632,0.649,,
0,471,2023-06-15T21:45:03+00:00,1.0,22,True,True,True,True,True,1.0,1.0,1.0,1.0,,
0,472,2023-06-15T22:40:05+00:00,1.0,22,True,False,False,False,False,0.0,0.0,0.0,0.252,,
0,473,2023-06-15T23:35:03+00:00,1.0,22,False,False,False,True,True,0.0,0.0,0.307,0.409,,
0,474,2023-06-16T00:30:05+00:00,1.0,22,True,False,False,False,True,1.0,1.0,1.0,1.0,,
0,475,2023-06-16T01:25:02+00:00,1.0,22,False,False,False,False,False,0.0,0.008,0.054,0.054,,
0,476,2023-06-16T02:20:05+00:00,1.0,22,False,False,False,False,False,0.0,0.0,0.0,0.0,,
0,477,2023-06-16T03:15:03+00:00,1.0,22,False,False,False,True,False,0.0,0.0,0.008,0.045,,
0,478,2023-06-16T04:10:08+00:00,1.0,22,True,True,True,True,False,0.0,0.0,0.0,0.0,,
0,479,2023-06-16T05:05:03+00:00,1.0,22,False,True,True,True,True,1.0,1.0,1.0,1.0,,
0,480,2023-06-16T06:00:05+00:00,1.0,22,False,False,False,False,False,0.0,0.0,0.004,0.219,,
0,481,2023-06-16T06:55:03+00:00,1.0,22,False,False,False,False,False,0.0,0.0,0.0,0.161,,
0,482,2023-06-16T07:50:05+00:00,1.0,22,False,False,False,False,False,0.0,0.405,0.647,0.774,,
0,483,2023-06-16T08:45:03+00:00,1.0,22,False,False,False,False,True,0.0,0.538,1.0,1.0,,
0,484,2023-06-16T09:40:05+00:00,1.0,22,False,False,True,True,False,0.0,0.0,0.0,0.008,,
0,485,2023-06-16T10:35:03+00:00,1.0,22,False,True,True,True,True,1.0,1.0,1.0,1.0,,
0,486,2023-06-16T11:30:05+00:00,1.0,22,True,False,False,True,False,0.0,0.062,0.118,0.143,,
0,487,2023-06-16T12:25:02+00:00,1.0,22,True,True,True,True,True,1.0,1.0,1.0,1.0,,
0,488,2023-06-16T13:20:05+00:00,1.0,22,True,True,True,True,True,0.046,0.41,0.848,0.948,,
0,489,2023-06-16T14:15:02+00:00,1.0,22,True,True,True,True,True,1.0,1.0,1.0,1.0,,
0,490,2023-06-16T15:10:05+00:00,1.0,22,True,True,True,True,True,0.0,0.26,0.854,0.908,,
0,491,2023-06-16T16:05:02+00:00,1.0,22,True,True,True,True,True,1.0,1.0,1.0,1.0,,
0,492,2023-06-16T17:00:05+00:00,1.0,22,True,True,True,True,True,1.0,1.0,1.0,1.0,,
0,493,2023-06-16T17:55:03+00:00,1.0,22,True,True,True,True,False,0.0,0.0,0.0,0.585,,
0,494,2023-06-16T18:50:05+00:00,1.0,22,True,True,True,True,True,0.0,0.0,0.253,0.478,,
0,495,2023-06-16T19:45:03+00:00,1.0,22,True,True,True,True,False,0.0,0.092,0.146,0.503,,
0,496,2023-06-16T20:40:05+00:00,1.0,22,True,True,True,True,True,1.0,1.0,1.0,1.0,,
0,497,2023-06-16T21:35:03+00:00,1.0,22,True,True,True,True,True,0.0,0.0,0.403,0.41,,
0,498,2023-06-16T22:30:05+00:00,1.0,22,False,False,False,False,True,0.112,0.299,0.299,0.299,,
0,499,2023-06-16T23:25:02+00:00,1.0,22,False,False,False,True,True,0.376,0.433,0.528,0.544,,
1,500,2023-06-17T00:20:05+00:00,1.0,22,True,True,True,True,True,0.731,1.0,1.0,1.0,,
1,501,2023-06-17T01:15:03+00:00,1.0,22,True,True,True,True,True,1.0,1.0,1.0,1.0,,
1,502,2023-06-17T02:10:08+00:00,1.0,22,True,True,True,True,True,1.0,1.0,1.0,1.0,,
1,503,2023-06-17T03:05:03+00:00,1.0,22,True,True,True,True,False,0.0,0.0,0.0,0.034,,
1,504,2023-06-17T04:00:05+00:00,1.0,22,True,True,True,True,True,1.0,1.0,1.0,1.0,,
1,505,2023-06-17T04:55:02+00:00,1.0,22,True,True,True,True,True,1.0,1.0,1.0,1.0,,
1,506,2023-06-17T05:50:05+00:00,1.0,22,True,True,True,True,True,1.0,1.0,1.0,1.0,,
1,507,2023-06-17T06:45:03+00:00,1.0,22,True,True,True,True,True,1.0,1.0,1.0,1.0,,
1,508,2023-06-17T07:40:05+00:00,1.0,22,True,True,True,True,True,1.0,1.0,1.0,1.0,,
1,509,2023-06-17T08:35:03+00:00,1.0,22,True,True,True,True,True,1.0,1.0,1.0,1.0,,
1,510,2023-06-17T09:30:05+00:00,1.0,22,True,True,True,True,True,1.0,1.0,1.0,1.0,,
1,511,2023-06-17T10:25:02+00:00,1.0,22,True,True,True,True,True,1.0,1.0,1.0,1.0,,
1,512,2023-06-17T11:20:05+00:00,1.0,22,True,True,True,True,True,1.0,1.0,1.0,1.0,,
1,513,2023-06-17T12:15:02+00:00,1.0,22,True,True,True,True,True,1.0,1.0,1.0,1.0,,
1,514,2023-06-17T13:10:05+00:00,1.0,22,True,True,True,True,True,1.0,1.0,1.0,1.0,,
1,515,2023-06-17T14:05:03+00:00,1.0,22,False,False,False,False,False,0.0,0.0,0.0,0.0,,
1,516,2023-06-17T15:00:05+00:00,1.0,22,False,False,False,False,False,0.0,0.0,0.0,0.0,,
1,517,2023-06-17T15:55:02+00:00,1.0,22,False,False,False,False,False,0.0,0.0,0.0,0.0,,
1,518,2023-06-17T16:50:05+00:00,1.0,22,False,False,False,False,False,0.0,0.0,0.0,0.0,,
1,519,2023-06-17T17:45:03+00:00,1.0,15,False,False,False,False,False,0.0,0.0,0.0,0.0,,
1,520,2023-06-17T18:40:05+00:00,1.0,4,False,False,False,False,False,0.0,0.0,0.0,0.0,,
1,521,2023-06-19T12:50:05+00:00,20.0,0,False,False,False,False,False,0.0,0.0,0.0,0.0,,
1,522,2023-06-19T22:00:05+00:00,20.0,0,False,False,False,False,False,0.0,0.0,0.0,0.0,,
1,523,2023-06-20T13:35:02+00:00,1.0,11,False,False,False,False,False,0.0,0.0,0.0,0.0,,
1,524,2023-06-20T14:30:05+00:00,1.0,22,False,False,False,False,False,0.0,0.0,0.061,0.425,,
1,525,2023-06-20T15:25:03+00:00,1.0,22,False,False,False,False,False,0.0,0.0,0.007,0.007,,
1,526,2023-06-20T16:20:05+00:00,1.0,22,False,False,False,False,False,0.0,0.0,0.199,0.337,,
1,527,2023-06-20T17:15:02+00:00,1.0,11,False,False,False,False,False,0.0,0.0,0.0,0.0,,
1,528,2023-06-21T11:05:03+00:00,1.0,1,False,False,False,False,False,0.0,0.0,0.0,0.0,,
1,529,2023-06-21T12:00:05+00:00,1.0,12,False,False,False,False,False,0.0,0.0,0.0,0.0,,
1,530,2023-06-21T12:55:03+00:00,1.0,16,False,False,False,False,False,0.0,0.0,0.0,0.0,,
1,531,2023-06-21T13:50:05+00:00,1.0,5,False,False,False,False,False,0.0,0.0,0.0,0.0,,
1,532,2023-06-21T23:55:03+00:00,20.0,0,False,False,False,False,False,0.0,0.0,0.0,0.0,,
1,533,2023-06-22T10:55:02+00:00,1.0,5,False,False,False,False,False,0.0,0.0,0.0,0.0,,
1,534,2023-06-22T11:50:05+00:00,1.0,16,False,False,False,False,False,0.0,0.0,0.0,0.0,,
1,535,2023-06-22T12:45:02+00:00,1.0,22,False,False,False,False,False,0.0,0.0,0.217,0.254,,
1,536,2023-06-22T13:40:05+00:00,1.0,22,False,False,False,True,True,1.0,1.0,1.0,1.0,,
1,537,2023-06-22T14:35:03+00:00,1.0,22,True,True,True,True,True,0.0,0.0,0.449,0.701,,
1,538,2023-06-22T15:30:05+00:00,1.0,22,True,True,True,True,True,1.0,1.0,1.0,1.0,,
1,539,2023-06-22T16:25:03+00:00,1.0,11,True,True,True,True,True,1.0,1.0,1.0,1.0,,
1,540,2023-06-23T03:25:03+00:00,1.0,5,False,False,False,False,False,0.0,0.0,0.0,0.0,,
1,541,2023-06-23T04:20:05+00:00,1.0,16,False,False,False,False,False,0.0,0.0,0.0,0.0,,
1,542,2023-06-23T05:15:02+00:00,1.0,22,False,False,False,False,False,0.0,0.0,0.0,0.0,,
1,543,2023-06-23T06:10:08+00:00,1.0,22,False,False,False,False,False,0.0,0.0,0.0,0.0,,
1,544,2023-06-23T07:05:03+00:00,1.0,22,False,False,False,False,False,0.0,0.0,0.0,0.0,,
1,545,2023-06-23T08:00:05+00:00,1.0,22,False,False,False,False,False,0.0,0.0,0.0,0.0,,
1,546,2023-06-23T08:55:03+00:00,1.0,22,False,False,False,False,False,0.0,0.0,0.0,0.0,,
1,547,2023-06-23T09:50:04+00:00,1.0,22,False,False,False,False,False,0.0,0.0,0.0,0.0,,
1,548,2023-06-23T10:45:03+00:00,1.0,22,False,False,False,False,False,0.0,0.0,0.0,0.0,,
1,549,2023-06-23T11:40:05+00:00,1.0,22,False,False,False,False,False,0.0,0.0,0.0,0.091,,
1,550,2023-06-23T12:35:03+00:00,1.0,22,False,False,False,False,False,0.0,0.0,0.0,0.0,,
1,551,2023-06-23T13:30:05+00:00,1.0,22,False,False,False,False,False,0.0,0.0,0.091,0.091,,
1,552,2023-06-23T14:25:02+00:00,1.0,22,False,False,False,False,False,0.0,0.0,0.0,0.0,,
1,553,2023-06-23T15:20:05+00:00,1.0,22,False,False,False,False,False,0.0,0.0,0.0,0.0,,
1,554,2023-06-23T16:15:03+00:00,1.0,22,False,False,False,False,False,0.0,0.0,0.0,0.0,,
1,555,2023-06-23T17:10:05+00:00,1.0,22,False,False,False,False,False,0.0,0.0,0.0,0.0,,
1,556,2023-06-23T18:05:02+00:00,1.0,22,False,False,False,False,False,0.0,0.0,0.0,0.0,,
1,557,2023-06-23T19:00:04+00:00,1.0,22,False,False,False,False,False,0.0,0.0,0.0,0.0,,
1,558,2023-06-23T19:55:02+00:00,1.0,22,False,False,False,False,False,0.0,0.0,0.0,0.0,,
1,559,2023-06-23T20:50:05+00:00,1.0,22,False,False,False,False,False,0.0,0.0,0.0,0.0,,
1,560,2023-06-23T21:45:03+00:00,1.0,22,False,False,False,False,False,0.0,0.0,0.0,0.0,,
1,561,2023-06-23T22:40:05+00:00,1.0,22,False,False,False,False,False,0.0,0.0,0.005,0.117,,
1,562,2023-06-23T23:35:02+00:00,1.0,22,False,False,False,False,False,0.0,0.0,0.0,0.198,,
1,563,2023-06-24T00:30:05+00:00,1.0,22,False,False,False,False,False,0.0,0.0,0.012,0.019,,
1,564,2023-06-24T01:25:02+00:00,1.0,22,False,False,False,False,False,0.0,0.0,0.091,0.251,,
1,565,2023-06-24T02:20:05+00:00,1.0,22,False,False,False,False,True,0.0,0.0,0.304,0.481,,
1,566,2023-06-24T03:15:02+00:00,1.0,22,False,False,True,True,True,0.0,0.425,0.432,0.64,,
1,567,2023-06-24T04:10:08+00:00,1.0,22,True,True,True,True,True,1.0,1.0,1.0,1.0,,
1,568,2023-06-24T05:05:02+00:00,1.0,22,True,True,True,True,True,1.0,1.0,1.0,1.0,,
1,569,2023-06-24T06:00:05+00:00,1.0,22,True,True,True,True,True,1.0,1.0,1.0,1.0,,
1,570,2023-06-24T06:55:03+00:00,1.0,22,False,False,False,False,False,0.0,0.0,0.0,0.0,,
1,571,2023-06-24T07:50:05+00:00,1.0,22,False,False,False,False,False,0.0,0.0,0.0,0.0,,
1,572,2023-06-24T08:45:02+00:00,1.0,22,False,False,False,False,False,0.0,0.0,0.0,0.207,,
1,573,2023-06-24T09:40:05+00:00,1.0,22,False,False,False,False,False,0.0,0.0,0.0,0.207,,
1,574,2023-06-24T10:35:03+00:00,1.0,22,False,False,False,False,False,0.0,0.0,0.0,0.0,,
1,575,2023-06-24T11:30:06+00:00,1.0,22,False,False,False,False,False,0.0,0.0,0.0,0.0,,
1,576,2023-06-24T12:25:02+00:00,1.0,22,False,False,False,False,False,0.0,0.0,0.341,0.403,,
1,577,2023-06-24T13:20:05+00:00,1.0,22,False,False,False,False,False,0.0,0.0,0.0,0.0,,
1,578,2023-06-24T14:15:03+00:00,1.0,22,False,False,False,False,False,0.0,0.0,0.006,0.062,,
1,579,2023-06-24T15:10:05+00:00,1.0,22,False,False,False,False,False,0.0,0.0,0.0,0.008,,
1,580,2023-06-24T16:05:02+00:00,1.0,22,False,False,False,False,False,0.0,0.0,0.0,0.008,,
1,581,2023-06-24T17:00:05+00:00,1.0,22,False,False,False,False,False,0.0,0.0,0.153,0.428,,
1,582,2023-06-24T17:55:02+00:00,1.0,22,False,False,False,False,False,0.0,0.0,0.0,0.0,,
1,583,2023-06-24T18:50:05+00:00,1.0,22,False,False,False,True,True,0.0,0.0,0.717,0.842,,
1,584,2023-06-24T19:45:02+00:00,1.0,22,True,True,True,True,True,1.0,1.0,1.0,1.0,,
1,585,2023-06-24T20:40:05+00:00,1.0,22,True,True,True,True,True,1.0,1.0,1.0,1.0,,
1,586,2023-06-24T21:35:03+00:00,1.0,22,True,True,True,True,True,1.0,1.0,1.0,1.0,,
1,587,2023-06-24T22:30:05+00:00,1.0,22,True,True,True,True,True,1.0,1.0,1.0,1.0,,
1,588,2023-06-24T23:25:03+00:00,1.0,22,True,True,True,True,True,1.0,1.0,1.0,1.0,,
1,589,2023-06-25T00:20:05+00:00,1.0,22,True,True,True,True,True,1.0,1.0,1.0,1.0,,
1,590,2023-06-25T01:15:02+00:00,1.0,22,True,True,True,True,True,1.0,1.0,1.0,1.0,,
1,591,2023-06-25T02:10:07+00:00,1.0,22,False,True,True,True,False,0.0,0.0,0.054,0.054,,
1,592,2023-06-25T03:05:03+00:00,1.0,17,False,False,False,False,False,0.0,0.0,0.0,0.008,,
1,593,2023-06-25T04:00:05+00:00,1.0,6,False,False,False,False,False,0.0,0.0,0.0,0.0,,
1,594,2023-06-25T09:30:05+00:00,1.0,8,False,False,False,False,False,0.0,0.0,0.0,0.0,,
1,595,2023-06-25T10:25:03+00:00,1.0,19,False,False,False,False,False,0.0,0.0,0.0,0.0,,
1,596,2023-06-25T11:20:05+00:00,1.0,22,False,False,False,False,False,0.0,0.0,0.0,0.0,,
1,597,2023-06-25T12:15:02+00:00,1.0,22,False,False,False,False,False,0.0,0.0,0.0,0.046,,
1,598,2023-06-25T13:10:05+00:00,1.0,22,False,False,False,False,False,0.0,0.0,0.0,0.0,,
1,599,2023-06-25T14:05:02+00:00,1.0,22,False,False,False,True,False,0.0,0.0,0.0,0.02,,
1,600,2023-06-25T15:00:05+00:00,1.0,22,False,True,True,True,True,1.0,1.0,1.0,1.0,,
1,601,2023-06-25T15:55:03+00:00,1.0,22,False,False,False,False,False,0.0,0.0,0.0,0.0,,
1,602,2023-06-25T16:50:05+00:00,1.0,22,False,False,False,False,False,0.0,0.0,0.0,0.001,,
1,603,2023-06-25T17:45:02+00:00,1.0,20,False,False,False,False,False,0.0,0.0,0.0,0.0,,
1,604,2023-06-25T18:40:05+00:00,1.0,9,False,False,False,False,False,0.0,0.0,0.0,0.0,,
1,605,2023-06-25T20:30:05+00:00,20.0,0,True,True,True,True,True,1.0,1.0,1.0,1.0,,
1,606,2023-06-25T23:15:03+00:00,20.0,0,False,False,False,False,False,0.0,0.0,0.0,0.0,,
1,607,2023-06-26T08:25:03+00:00,20.0,0,False,False,False,False,False,0.0,0.0,0.0,0.0,,
1,608,2023-06-27T16:30:05+00:00,1.0,1,False,False,False,False,False,0.0,0.0,0.0,0.0,,
1,609,2023-06-27T17:25:02+00:00,1.0,1,False,False,False,False,False,0.0,0.0,0.0,0.0,,
1,610,2023-06-27T22:00:05+00:00,1.0,7,False,False,False,False,False,0.0,0.0,0.0,0.0,,
1,611,2023-06-27T22:55:03+00:00,1.0,7,False,False,False,False,False,0.0,0.0,0.0,0.0,,
1,612,2023-06-27T23:50:05+00:00,20.0,0,False,False,False,False,False,0.0,0.0,0.0,0.0,,
1,613,2023-06-28T03:30:05+00:00,1.0,6,False,False,False,False,False,0.0,0.0,0.0,0.0,,
1,614,2023-06-28T04:25:03+00:00,1.0,17,False,False,False,False,False,0.0,0.0,0.0,0.0,,
1,615,2023-06-28T05:20:05+00:00,1.0,22,False,False,False,False,False,0.0,0.0,0.0,0.0,,
1,616,2023-06-28T06:15:02+00:00,1.0,22,False,False,False,False,False,0.0,0.0,0.0,0.046,,
1,617,2023-06-28T09:25:02+00:00,1.0,22,False,False,False,False,False,0.0,0.0,0.0,0.02,,
1,618,2023-06-28T10:20:05+00:00,1.0,22,False,False,False,False,False,0.0,0.0,0.0,0.0,,
1,619,2023-06-28T11:15:03+00:00,1.0,22,False,False,False,False,False,0.0,0.037,0.647,0.657,,
1,620,2023-06-28T12:10:08+00:00,1.0,22,False,False,False,True,False,0.0,0.0,0.241,0.379,,
1,621,2023-06-28T13:05:03+00:00,1.0,22,False,False,False,False,False,0.0,0.0,0.0,0.054,,
1,622,2023-06-28T14:00:05+00:00,1.0,22,False,False,False,False,False,0.0,0.0,0.0,0.276,,
1,623,2023-06-28T14:55:02+00:00,1.0,22,False,False,False,False,False,0.0,0.0,0.007,0.042,,
1,624,2023-06-28T15:50:05+00:00,1.0,22,False,False,False,False,False,0.0,0.0,0.259,0.419,,
1,625,2023-06-28T16:45:02+00:00,1.0,22,False,False,False,False,False,0.0,0.0,0.0,0.0,,
1,626,2023-06-28T17:40:05+00:00,1.0,22,False,False,False,False,False,0.0,0.0,0.0,0.054,,
1,627,2023-06-28T18:35:02+00:00,1.0,22,False,False,False,False,False,0.0,0.0,0.0,0.0,,
1,628,2023-06-28T19:30:05+00:00,1.0,22,False,False,False,False,True,0.0,0.253,0.299,0.299,,
1,629,2023-06-28T20:25:02+00:00,1.0,22,False,False,False,False,False,0.0,0.0,0.0,0.0,,
1,630,2023-06-28T21:20:05+00:00,1.0,22,False,False,False,False,False,0.0,0.0,0.0,0.091,,
1,631,2023-06-28T22:15:03+00:00,1.0,22,False,False,False,False,False,0.0,0.0,0.0,0.0,,
1,632,2023-06-28T23:10:05+00:00,1.0,22,False,False,False,False,False,0.0,0.0,0.0,0.0,,
1,633,2023-06-29T00:05:03+00:00,1.0,22,False,False,False,False,False,0.0,0.0,0.0,0.0,,
1,634,2023-06-29T01:00:05+00:00,1.0,22,False,False,False,False,False,0.0,0.0,0.0,0.0,,
1,635,2023-06-29T01:55:02+00:00,1.0,16,False,False,False,False,False,0.0,0.0,0.0,0.0,,
1,636,2023-06-29T02:50:05+00:00,1.0,5,False,False,False,False,False,0.0,0.0,0.0,0.0,,
1,637,2023-06-30T14:35:02+00:00,1.0,6,False,False,False,False,False,0.0,0.0,0.0,0.0,,
1,638,2023-06-30T15:30:05+00:00,1.0,17,False,False,False,False,False,0.0,0.0,0.0,0.0,,
1,639,2023-06-30T16:25:03+00:00,1.0,22,False,False,False,False,False,0.0,0.0,0.0,0.0,,
1,640,2023-06-30T17:20:04+00:00,1.0,22,False,False,False,False,False,0.0,0.0,0.0,0.0,,
1,641,2023-06-30T18:15:02+00:00,1.0,22,False,False,False,False,False,0.0,0.0,0.0,0.0,,
1,642,2023-06-30T19:10:05+00:00,1.0,22,False,False,False,False,False,0.0,0.0,0.0,0.0,,
1,643,2023-06-30T20:05:02+00:00,1.0,22,False,False,False,False,False,0.0,0.0,0.0,0.0,,
1,644,2023-06-30T21:00:05+00:00,1.0,16,False,False,False,False,False,0.0,0.0,0.0,0.0,,
1,645,2023-06-30T21:55:02+00:00,1.0,8,False,False,False,False,False,0.0,0.0,0.0,0.0,,
1,646,2023-06-30T22:50:05+00:00,1.0,14,False,False,False,False,False,0.0,0.0,0.0,0.0,,
1,647,2023-06-30T23:45:03+00:00,1.0,22,False,False,False,False,False,0.0,0.0,0.0,0.0,,
1,648,2023-07-01T00:40:05+00:00,1.0,22,False,False,False,False,False,0.0,0.0,0.0,0.0,,
1,649,2023-07-01T01:35:02+00:00,1.0,22,False,False,False,False,False,0.0,0.0,0.0,0.0,,
1,650,2023-07-01T02:30:05+00:00,1.0,22,False,False,False,False,False,0.0,0.0,0.0,0.0,,
1,651,2023-07-01T03:25:03+00:00,1.0,22,False,False,False,False,False,0.0,0.0,0.0,0.0,,
1,652,2023-07-01T04:20:04+00:00,1.0,22,False,False,False,False,False,0.0,0.0,0.001,0.001,,
1,653,2023-07-01T05:15:03+00:00,1.0,22,False,False,False,False,True,0.0,0.0,0.552,0.65,,
1,654,2023-07-01T06:10:08+00:00,1.0,22,False,False,False,False,False,0.0,0.0,0.0,0.024,,
1,655,2023-07-01T07:05:03+00:00,1.0,22,False,False,False,False,False,0.0,0.0,0.105,0.195,,
1,656,2023-07-01T08:00:05+00:00,1.0,22,False,False,True,True,True,0.0,0.187,0.701,0.786,,
1,657,2023-07-01T08:55:03+00:00,1.0,22,True,True,True,True,True,1.0,1.0,1.0,1.0,,
1,658,2023-07-01T09:50:05+00:00,1.0,22,True,True,True,True,True,1.0,1.0,1.0,1.0,,
1,659,2023-07-01T10:45:02+00:00,1.0,22,True,True,True,True,True,1.0,1.0,1.0,1.0,,
1,660,2023-07-01T11:40:05+00:00,1.0,22,True,True,True,True,True,1.0,1.0,1.0,1.0,,
1,661,2023-07-01T12:35:03+00:00,1.0,22,True,True,True,True,True,1.0,1.0,1.0,1.0,,
1,662,2023-07-01T13:30:05+00:00,1.0,22,True,True,True,True,True,1.0,1.0,1.0,1.0,,
1,663,2023-07-01T14:25:03+00:00,1.0,22,True,True,True,True,True,1.0,1.0,1.0,1.0,,
1,664,2023-07-01T15:20:05+00:00,1.0,22,True,True,True,True,True,1.0,1.0,1.0,1.0,,
1,665,2023-07-01T16:15:02+00:00,1.0,22,True,True,True,True,True,1.0,1.0,1.0,1.0,,
1,666,2023-07-01T17:10:05+00:00,1.0,22,True,True,True,True,True,1.0,1.0,1.0,1.0,,
1,667,2023-07-01T18:05:03+00:00,1.0,22,True,True,True,True,True,1.0,1.0,1.0,1.0,,
1,668,2023-07-01T19:00:05+00:00,1.0,22,False,False,False,False,True,1.0,1.0,1.0,1.0,,
1,669,2023-07-01T19:55:03+00:00,1.0,22,False,False,False,True,True,0.046,0.299,0.299,0.313,,
1,670,2023-07-01T20:50:05+00:00,1.0,22,False,True,True,True,True,0.575,0.598,0.62,0.64,,
1,671,2023-07-01T21:45:02+00:00,1.0,22,False,False,False,False,False,0.0,0.0,0.054,0.367,,
1,672,2023-07-01T22:40:05+00:00,1.0,22,False,False,True,True,True,0.0,0.449,0.717,0.717,,
1,673,2023-07-01T23:35:03+00:00,1.0,22,True,True,True,True,True,1.0,1.0,1.0,1.0,,
1,674,2023-07-02T00:30:05+00:00,1.0,22,True,True,True,True,True,1.0,1.0,1.0,1.0,,
1,675,2023-07-02T01:25:02+00:00,1.0,17,False,False,False,False,True,0.0,0.046,0.701,0.701,,
1,676,2023-07-02T02:20:05+00:00,1.0,6,False,False,False,False,False,0.008,0.016,0.016,0.024,,
1,677,2023-07-02T03:15:03+00:00,1.0,6,False,False,False,False,False,0.0,0.0,0.0,0.0,,
1,678,2023-07-02T04:10:08+00:00,1.0,17,False,False,False,False,False,0.0,0.0,0.0,0.0,,
1,679,2023-07-02T05:05:02+00:00,1.0,22,False,False,False,False,False,0.0,0.0,0.0,0.001,,
1,680,2023-07-02T06:00:05+00:00,1.0,22,False,False,False,False,False,0.0,0.0,0.0,0.0,,
1,681,2023-07-02T06:55:03+00:00,1.0,22,False,False,False,False,False,0.0,0.0,0.0,0.0,,
1,682,2023-07-02T07:50:05+00:00,1.0,22,False,False,False,False,False,0.0,0.0,0.0,0.0,,
1,683,2023-07-02T08:45:02+00:00,1.0,22,False,False,False,True,True,0.0,0.0,0.594,0.705,,
1,684,2023-07-02T09:40:05+00:00,1.0,22,False,False,False,False,False,0.0,0.0,0.0,0.02,,
1,685,2023-07-02T10:35:02+00:00,1.0,22,False,False,False,False,False,0.0,0.0,0.0,0.0,,
1,686,2023-07-02T11:30:05+00:00,1.0,22,False,False,False,False,True,0.0,0.126,0.701,0.701,,
1,687,2023-07-02T12:25:03+00:00,1.0,22,False,False,False,False,False,0.0,0.0,0.001,0.287,,
1,688,2023-07-02T13:20:05+00:00,1.0,22,False,False,False,False,False,0.0,0.0,0.0,0.001,,
1,689,2023-07-02T14:15:02+00:00,1.0,22,False,False,False,False,False,0.0,0.0,0.0,0.008,,
1,690,2023-07-02T15:10:05+00:00,1.0,22,False,False,False,False,False,0.0,0.0,0.0,0.0,,
1,691,2023-07-02T16:05:02+00:00,1.0,22,False,False,False,False,False,0.0,0.0,0.0,0.054,,
1,692,2023-07-02T17:00:05+00:00,1.0,16,False,False,False,False,False,0.0,0.0,0.0,0.001,,
1,693,2023-07-02T17:55:03+00:00,1.0,5,False,False,False,False,True,0.0,0.596,0.947,0.951,,
1,694,2023-07-03T04:00:05+00:00,20.0,0,False,False,False,False,False,0.0,0.0,0.0,0.0,,
1,695,2023-07-03T14:05:02+00:00,1.0,5,False,False,False,False,False,0.0,0.0,0.0,0.0,,
1,696,2023-07-03T15:00:05+00:00,1.0,10,False,False,False,False,False,0.0,0.0,0.0,0.0,,
1,697,2023-07-03T15:55:03+00:00,1.0,11,False,False,False,False,False,0.0,0.0,0.0,0.0,,
1,698,2023-07-03T16:50:05+00:00,1.0,6,False,False,False,False,False,0.0,0.0,0.0,0.0,,
1,699,2023-07-03T17:45:03+00:00,20.0,0,False,False,False,False,False,0.0,0.0,0.0,0.0,,
1,700,2023-07-03T23:15:02+00:00,20.0,0,False,False,False,False,False,0.0,0.0,0.0,0.0,,
1,701,2023-07-04T01:05:03+00:00,1.0,6,False,False,False,False,False,0.0,0.0,0.0,0.0,,
1,702,2023-07-04T02:00:05+00:00,1.0,17,False,False,False,False,False,0.0,0.0,0.0,0.0,,
1,703,2023-07-04T02:55:03+00:00,1.0,22,False,False,False,False,False,0.0,0.0,0.0,0.0,,
1,704,2023-07-04T03:50:05+00:00,1.0,22,False,False,False,False,False,0.0,0.0,0.0,0.0,,
1,705,2023-07-04T04:45:02+00:00,1.0,22,False,False,False,False,False,0.0,0.0,0.0,0.0,,
1,706,2023-07-04T05:40:05+00:00,1.0,22,False,False,False,False,False,0.0,0.0,0.0,0.0,,
1,707,2023-07-04T06:35:02+00:00,1.0,19,False,False,False,False,False,0.0,0.0,0.0,0.0,,
1,708,2023-07-04T07:30:05+00:00,1.0,8,False,False,False,False,False,0.0,0.0,0.0,0.0,,
1,709,2023-07-04T09:20:05+00:00,1.0,7,False,False,False,False,False,0.0,0.0,0.0,0.0,,
1,710,2023-07-04T10:15:03+00:00,1.0,18,False,False,False,False,False,0.0,0.0,0.0,0.0,,
1,711,2023-07-04T11:10:05+00:00,1.0,22,False,False,False,False,False,0.0,0.0,0.0,0.0,,
1,712,2023-07-04T12:05:03+00:00,1.0,22,False,False,False,False,False,0.0,0.0,0.0,0.0,,
1,713,2023-07-04T15:45:03+00:00,1.0,22,False,False,False,False,False,0.0,0.0,0.0,0.0,,
1,714,2023-07-04T16:40:05+00:00,1.0,22,False,False,False,False,False,0.0,0.0,0.0,0.403,,
1,715,2023-07-04T17:35:02+00:00,1.0,22,False,False,False,False,False,0.0,0.0,0.006,0.028,,
1,716,2023-07-04T18:30:05+00:00,1.0,18,False,False,False,False,False,0.0,0.0,0.0,0.0,,
1,717,2023-07-04T19:25:03+00:00,1.0,7,False,False,False,False,False,0.0,0.0,0.0,0.0,,
1,718,2023-07-05T03:40:05+00:00,1.0,10,False,False,False,False,False,0.0,0.0,0.0,0.0,,
1,719,2023-07-05T04:35:03+00:00,1.0,21,False,False,False,False,False,0.0,0.0,0.0,0.0,,
1,720,2023-07-05T05:30:04+00:00,1.0,22,False,False,False,False,False,0.0,0.0,0.0,0.0,,
1,721,2023-07-05T06:25:02+00:00,1.0,15,False,False,False,False,False,0.0,0.0,0.0,0.0,,
1,722,2023-07-05T07:20:05+00:00,1.0,5,False,False,False,False,False,0.0,0.0,0.0,0.0,,
1,723,2023-07-05T08:15:02+00:00,1.0,12,False,False,False,False,False,0.0,0.0,0.0,0.0,,
1,724,2023-07-05T09:10:05+00:00,1.0,22,False,False,False,False,False,0.0,0.0,0.0,0.013,,
1,725,2023-07-06T09:40:05+00:00,1.0,1,False,False,False,False,False,0.0,0.0,0.0,0.0,,
1,726,2023-07-06T10:35:03+00:00,1.0,12,False,False,False,False,False,0.0,0.0,0.0,0.0,,
1,727,2023-07-06T11:30:05+00:00,1.0,22,False,False,False,False,False,0.0,0.0,0.037,0.037,,
1,728,2023-07-06T12:25:02+00:00,1.0,22,False,True,True,True,False,0.0,0.0,0.0,0.0,,
1,729,2023-07-06T13:20:05+00:00,1.0,22,True,True,True,True,True,1.0,1.0,1.0,1.0,,
1,730,2023-07-06T14:15:03+00:00,1.0,22,False,False,False,False,True,0.0,0.241,0.406,0.47,,
1,731,2023-07-06T15:10:05+00:00,1.0,22,False,False,False,False,False,0.0,0.0,0.0,0.0,,
1,732,2023-07-06T16:05:03+00:00,1.0,22,False,False,False,False,False,0.0,0.0,0.0,0.0,,
1,733,2023-07-06T17:00:05+00:00,1.0,22,False,False,False,False,False,0.0,0.0,0.0,0.0,,
1,734,2023-07-06T17:55:03+00:00,1.0,22,False,False,False,False,False,0.0,0.0,0.0,0.003,,
1,735,2023-07-06T18:50:05+00:00,1.0,22,False,False,False,False,False,0.0,0.0,0.0,0.02,,
1,736,2023-07-06T19:45:03+00:00,1.0,12,False,False,False,False,False,0.0,0.0,0.0,0.0,,
1,737,2023-07-06T20:40:05+00:00,1.0,1,False,False,False,False,False,0.0,0.0,0.0,0.0,,
1,738,2023-07-07T09:25:03+00:00,1.0,11,False,False,False,False,False,0.0,0.0,0.0,0.0,,
1,739,2023-07-07T10:20:05+00:00,1.0,22,False,True,True,True,True,0.0,0.612,1.0,1.0,,
1,740,2023-07-07T11:15:02+00:00,1.0,22,False,False,False,True,False,0.0,0.0,0.0,0.0,,
1,741,2023-07-07T12:10:07+00:00,1.0,22,True,True,True,True,True,1.0,1.0,1.0,1.0,,
1,742,2023-07-07T13:05:03+00:00,1.0,22,True,True,True,True,True,1.0,1.0,1.0,1.0,,
1,743,2023-07-07T14:00:05+00:00,1.0,22,True,True,True,True,True,1.0,1.0,1.0,1.0,,
1,744,2023-07-07T14:55:03+00:00,1.0,22,False,False,True,True,True,0.0,0.046,0.701,0.701,,
1,745,2023-07-07T15:50:05+00:00,1.0,22,True,True,True,True,True,1.0,1.0,1.0,1.0,,
1,746,2023-07-07T16:45:03+00:00,1.0,22,True,True,True,True,True,1.0,1.0,1.0,1.0,,
1,747,2023-07-07T17:40:05+00:00,1.0,12,False,False,False,False,False,0.0,0.046,0.116,0.117,,
1,748,2023-07-07T18:35:03+00:00,1.0,1,False,False,False,False,False,0.0,0.0,0.0,0.0,,
1,749,2023-07-08T00:05:03+00:00,20.0,0,False,False,False,False,False,0.0,0.0,0.0,0.0,,
1,750,2023-07-08T13:50:05+00:00,1.0,1,False,False,False,False,False,0.0,0.0,0.0,0.0,,
1,751,2023-07-08T14:45:02+00:00,1.0,1,False,False,False,False,False,0.0,0.0,0.0,0.0,,
1,752,2023-07-08T15:40:05+00:00,1.0,1,False,False,False,False,False,0.0,0.0,0.0,0.0,,
1,753,2023-07-08T16:35:02+00:00,1.0,1,False,False,False,False,False,0.0,0.0,0.0,0.0,,
1,754,2023-07-09T11:50:05+00:00,20.0,0,False,False,False,False,False,0.0,0.0,0.0,0.0,,
1,755,2023-07-09T13:40:05+00:00,20.0,0,False,False,False,False,False,0.0,0.0,0.0,0.0,,
1,756,2023-07-09T14:35:02+00:00,1.0,1,False,False,False,False,False,0.0,0.0,0.0,0.0,,
1,757,2023-07-09T15:30:05+00:00,1.0,1,False,False,False,False,False,0.0,0.0,0.0,0.0,,
1,758,2023-07-09T18:15:03+00:00,1.0,1,False,False,False,False,False,0.0,0.0,0.0,0.0,,
1,759,2023-07-09T19:10:05+00:00,1.0,1,False,False,False,False,False,0.0,0.0,0.0,0.0,,
1,760,2023-07-10T07:05:02+00:00,20.0,0,False,False,False,False,False,0.0,0.0,0.0,0.0,,
1,761,2023-07-10T18:05:02+00:00,1.0,1,False,False,False,False,False,0.0,0.0,0.0,0.0,,
1,762,2023-07-10T19:00:05+00:00,1.0,2,False,False,False,False,False,0.0,0.0,0.0,0.069,,
1,763,2023-07-10T19:55:02+00:00,1.0,1,False,False,False,False,False,0.0,0.0,0.0,0.0,,
1,764,2023-07-12T14:05:03+00:00,20.0,0,False,False,False,False,False,0.0,0.0,0.0,0.0,,
1,765,2023-07-12T16:50:05+00:00,20.0,0,False,False,False,False,False,0.0,0.0,0.29,0.29,,
1,766,2023-07-12T20:30:05+00:00,20.0,0,False,False,False,False,False,0.0,0.0,0.0,0.0,,
1,767,2023-07-13T11:05:03+00:00,1.0,7,False,False,False,False,False,0.0,0.0,0.0,0.0,,
1,768,2023-07-13T12:00:05+00:00,1.0,18,False,False,False,False,False,0.0,0.0,0.0,0.0,,
1,769,2023-07-13T12:55:02+00:00,1.0,22,False,False,False,False,False,0.0,0.0,0.0,0.0,,
1,770,2023-07-13T13:50:05+00:00,1.0,22,False,False,False,False,False,0.0,0.0,0.0,0.0,,
1,771,2023-07-13T14:45:03+00:00,1.0,22,False,False,False,False,False,0.0,0.0,0.0,0.0,,
1,772,2023-07-13T15:40:05+00:00,1.0,22,False,False,False,False,False,0.0,0.0,0.0,0.0,,
1,773,2023-07-13T16:35:03+00:00,1.0,22,False,False,False,False,False,0.0,0.0,0.0,0.0,,
1,774,2023-07-13T17:30:05+00:00,1.0,22,False,False,False,False,False,0.0,0.0,0.0,0.0,,
1,775,2023-07-13T18:25:03+00:00,1.0,22,False,False,False,False,False,0.0,0.0,0.0,0.244,,
1,776,2023-07-13T19:20:05+00:00,1.0,16,False,False,False,False,False,0.0,0.0,0.0,0.0,,
1,777,2023-07-13T20:15:03+00:00,1.0,5,False,False,False,False,False,0.0,0.0,0.0,0.0,,
1,778,2023-07-14T04:30:05+00:00,20.0,0,False,False,False,False,False,0.0,0.0,0.0,0.0,,
1,779,2023-07-14T09:05:02+00:00,20.0,0,False,False,False,False,False,0.0,0.0,0.0,0.0,,
1,780,2023-07-14T16:25:02+00:00,1.0,2,False,False,False,False,False,0.0,0.0,0.0,0.0,,
1,781,2023-07-14T17:20:05+00:00,1.0,2,False,False,False,False,False,0.0,0.0,0.0,0.0,,
1,782,2023-07-16T10:35:02+00:00,20.0,0,False,False,False,False,False,0.0,0.0,0.0,0.0,,
1,783,2023-07-17T04:55:03+00:00,20.0,0,False,False,False,False,False,0.0,0.0,0.0,0.0,,
1,784,2023-07-17T22:20:05+00:00,20.0,0,False,False,False,False,False,0.0,0.0,0.0,0.0,,
1,785,2023-07-18T21:15:03+00:00,1.0,9,False,False,False,False,False,0.0,0.0,0.0,0.0,,
1,786,2023-07-18T22:10:08+00:00,1.0,20,False,False,False,False,False,0.0,0.0,0.0,0.0,,
1,787,2023-07-18T23:05:03+00:00,1.0,22,False,False,False,False,False,0.0,0.0,0.0,0.054,,
1,788,2023-07-19T00:00:05+00:00,1.0,22,False,False,False,False,False,0.0,0.0,0.0,0.0,,
1,789,2023-07-19T00:55:02+00:00,1.0,19,False,False,False,False,False,0.0,0.0,0.0,0.0,,
1,790,2023-07-19T01:50:05+00:00,1.0,8,False,False,False,False,False,0.0,0.0,0.0,0.0,,
1,791,2023-07-19T09:10:05+00:00,20.0,0,False,False,False,False,False,0.0,0.0,0.0,0.0,,
1,792,2023-07-19T10:05:03+00:00,20.0,0,False,False,False,False,False,0.0,0.0,0.0,0.0,,
1,793,2023-07-19T11:55:03+00:00,20.0,0,False,False,False,False,False,0.0,0.0,0.0,0.0,,
1,794,2023-07-19T23:50:05+00:00,1.0,4,False,False,False,False,False,0.0,0.0,0.0,0.0,,
1,795,2023-07-20T00:45:02+00:00,1.0,15,False,False,False,False,False,0.0,0.0,0.0,0.0,,
1,796,2023-07-20T01:40:05+00:00,1.0,22,False,False,False,False,False,0.0,0.0,0.0,0.064,,
1,797,2023-07-20T02:35:03+00:00,1.0,22,False,False,False,True,False,0.0,0.0,0.0,0.034,,
1,798,2023-07-20T03:30:05+00:00,1.0,22,False,True,True,True,False,0.0,0.0,0.0,0.046,,
1,799,2023-07-20T04:25:03+00:00,1.0,20,False,False,False,False,False,0.0,0.0,0.0,0.0,,
1,800,2023-07-20T05:20:05+00:00,1.0,9,False,False,False,False,False,0.0,0.0,0.0,0.0,,
1,801,2023-07-20T21:50:05+00:00,20.0,0,False,False,False,False,False,0.0,0.0,0.0,0.0,,
1,802,2023-07-21T08:50:05+00:00,20.0,0,False,False,False,False,False,0.0,0.0,0.0,0.0,,
1,803,2023-07-21T12:30:05+00:00,1.0,6,False,False,False,False,False,0.0,0.0,0.0,0.0,,
1,804,2023-07-21T13:25:03+00:00,1.0,9,False,False,False,False,False,0.0,0.0,0.0,0.0,,
1,805,2023-07-21T14:20:05+00:00,1.0,7,False,False,False,False,False,0.0,0.0,0.0,0.0,,
1,806,2023-07-21T15:15:02+00:00,1.0,15,False,False,False,False,False,0.0,0.0,0.0,0.002,,
1,807,2023-07-21T16:10:07+00:00,1.0,19,False,False,False,True,False,0.0,0.054,0.054,0.079,,
1,808,2023-07-21T17:05:02+00:00,1.0,8,True,True,True,True,False,0.0,0.0,0.0,0.0,,
1,809,2023-07-24T06:20:05+00:00,1.0,8,False,False,False,False,False,0.0,0.0,0.0,0.0,,
1,810,2023-07-24T07:15:03+00:00,1.0,19,False,False,False,False,False,0.0,0.0,0.0,0.0,,
1,811,2023-07-24T08:10:08+00:00,1.0,17,False,False,False,False,False,0.0,0.0,0.0,0.0,,
1,812,2023-07-24T09:05:03+00:00,1.0,10,False,False,False,False,False,0.0,0.0,0.0,0.0,,
1,813,2023-07-25T02:00:05+00:00,1.0,8,False,False,False,False,False,0.0,0.0,0.0,0.0,,
1,814,2023-07-25T02:55:02+00:00,1.0,17,False,False,False,False,False,0.0,0.0,0.0,0.0,,
1,815,2023-07-25T03:50:05+00:00,1.0,20,False,False,False,False,False,0.0,0.0,0.0,0.0,,
1,816,2023-07-25T04:45:03+00:00,1.0,16,False,False,False,False,False,0.0,0.0,0.0,0.0,,
1,817,2023-07-25T05:40:05+00:00,1.0,5,False,False,False,False,False,0.0,0.0,0.0,0.0,,
1,818,2023-07-25T08:25:02+00:00,1.0,1,False,False,False,False,False,0.0,0.0,0.0,0.0,,
1,819,2023-07-25T09:20:05+00:00,1.0,12,False,False,False,False,False,0.0,0.0,0.0,0.0,,
1,820,2023-07-25T10:15:03+00:00,1.0,22,False,False,False,False,False,0.0,0.0,0.0,0.0,,
1,821,2023-07-25T11:10:05+00:00,1.0,22,False,False,False,False,False,0.0,0.0,0.0,0.0,,
1,822,2023-07-25T12:05:03+00:00,1.0,22,False,False,False,False,False,0.0,0.0,0.012,0.012,,
1,823,2023-07-25T13:00:05+00:00,1.0,22,False,False,False,False,False,0.0,0.0,0.0,0.0,,
1,824,2023-07-25T13:55:03+00:00,1.0,22,False,False,False,False,False,0.0,0.0,0.0,0.0,,
1,825,2023-07-25T14:50:05+00:00,1.0,22,False,False,False,False,False,0.0,0.0,0.152,0.426,,
1,826,2023-07-25T15:45:02+00:00,1.0,22,False,False,True,True,False,0.0,0.054,0.101,0.246,,
1,827,2023-07-25T16:40:05+00:00,1.0,18,False,True,True,True,True,0.0,0.468,0.468,0.468,,
1,828,2023-07-25T17:35:03+00:00,1.0,10,False,False,False,False,False,0.0,0.0,0.0,0.0,,
1,829,2023-07-25T18:30:05+00:00,1.0,12,False,False,True,True,False,0.0,0.0,0.0,0.0,,
1,830,2023-07-25T19:25:02+00:00,1.0,9,False,False,False,False,False,0.0,0.0,0.0,0.0,,
1,831,2023-07-25T22:10:08+00:00,20.0,0,False,False,False,False,False,0.0,0.0,0.0,0.0,,
1,832,2023-07-26T00:55:03+00:00,1.0,2,False,False,False,False,False,0.0,0.0,0.0,0.0,,
1,833,2023-07-26T01:50:05+00:00,1.0,13,False,False,False,False,False,0.0,0.0,0.0,0.0,,
1,834,2023-07-26T02:45:03+00:00,1.0,22,False,False,False,False,False,0.0,0.0,0.0,0.153,,
1,835,2023-07-26T03:40:05+00:00,1.0,22,False,False,False,False,False,0.0,0.0,0.0,0.0,,
1,836,2023-07-26T04:35:02+00:00,1.0,22,False,False,False,False,False,0.0,0.0,0.0,0.0,,
1,837,2023-07-26T05:30:05+00:00,1.0,22,False,False,False,False,False,0.0,0.0,0.0,0.0,,
1,838,2023-07-26T06:25:03+00:00,1.0,22,False,False,False,False,False,0.0,0.0,0.0,0.008,,
1,839,2023-07-26T07:20:05+00:00,1.0,22,False,False,False,False,False,0.0,0.0,0.0,0.0,,
1,840,2023-07-26T08:15:03+00:00,1.0,22,False,False,False,False,False,0.0,0.0,0.018,0.018,,
1,841,2023-07-26T09:10:05+00:00,1.0,22,False,False,False,False,False,0.0,0.0,0.0,0.002,,
1,842,2023-07-26T10:05:02+00:00,1.0,22,False,False,False,True,False,0.0,0.0,0.0,0.0,,
1,843,2023-07-26T11:00:05+00:00,1.0,22,True,False,True,True,True,1.0,1.0,1.0,1.0,,
1,844,2023-07-26T11:55:03+00:00,1.0,22,False,False,False,False,False,0.0,0.0,0.0,0.0,,
1,845,2023-07-26T12:50:05+00:00,1.0,22,False,False,False,False,False,0.0,0.0,0.0,0.527,,
1,846,2023-07-26T13:45:02+00:00,1.0,22,False,False,True,True,False,0.0,0.0,0.0,0.244,,
1,847,2023-07-26T14:40:05+00:00,1.0,22,False,False,False,False,False,0.0,0.0,0.0,0.135,,
1,848,2023-07-26T15:35:02+00:00,1.0,22,False,False,False,False,False,0.0,0.0,0.0,0.046,,
1,849,2023-07-26T16:30:05+00:00,1.0,22,False,False,False,False,False,0.0,0.0,0.0,0.0,,
1,850,2023-07-26T17:25:03+00:00,1.0,22,False,False,False,False,False,0.0,0.0,0.0,0.0,,
1,851,2023-07-26T18:20:05+00:00,1.0,22,False,False,False,False,False,0.0,0.0,0.0,0.0,,
1,852,2023-07-26T19:15:02+00:00,1.0,22,False,False,False,False,False,0.0,0.0,0.0,0.0,,
1,853,2023-07-26T20:10:08+00:00,1.0,22,False,False,False,False,False,0.0,0.0,0.0,0.037,,
1,854,2023-07-26T21:05:03+00:00,1.0,19,False,False,False,False,False,0.0,0.0,0.0,0.0,,
1,855,2023-07-26T22:00:05+00:00,1.0,13,False,False,False,False,False,0.0,0.0,0.0,0.0,,
1,856,2023-07-26T22:55:03+00:00,1.0,13,False,False,False,False,False,0.0,0.0,0.0,0.0,,
1,857,2023-07-26T23:50:05+00:00,1.0,8,False,False,False,False,False,0.0,0.0,0.0,0.0,,
1,858,2023-07-27T01:40:05+00:00,1.0,1,False,False,False,False,False,0.0,0.0,0.0,0.0,,
1,859,2023-07-27T02:35:03+00:00,1.0,12,False,False,False,False,False,0.0,0.0,0.0,0.0,,
1,860,2023-07-27T03:30:05+00:00,1.0,13,False,False,False,False,False,0.0,0.0,0.0,0.0,,
1,861,2023-07-27T04:25:03+00:00,1.0,2,False,False,False,False,False,0.0,0.0,0.0,0.27,,
1,862,2023-07-27T09:55:02+00:00,20.0,0,False,False,False,False,False,0.0,0.0,0.0,0.0,,
1,863,2023-07-27T19:05:02+00:00,20.0,0,False,False,False,False,False,0.0,0.0,0.0,0.0,,
1,864,2023-07-28T11:35:03+00:00,1.0,2,False,False,False,False,False,0.0,0.0,0.0,0.0,,
1,865,2023-07-28T12:30:04+00:00,1.0,13,False,False,False,False,False,0.0,0.0,0.0,0.0,,
1,866,2023-07-28T13:25:03+00:00,1.0,22,False,False,False,False,False,0.0,0.0,0.0,0.182,,
1,867,2023-07-28T14:20:05+00:00,1.0,22,False,False,False,False,False,0.0,0.0,0.504,0.736,,
1,868,2023-07-28T15:15:03+00:00,1.0,14,False,False,False,False,False,0.0,0.0,0.046,0.046,,
1,869,2023-07-28T16:10:08+00:00,1.0,3,False,False,False,False,False,0.0,0.0,0.0,0.029,,
1,870,2023-07-29T01:20:05+00:00,20.0,0,False,False,False,False,False,0.0,0.0,0.0,0.0,,
1,871,2023-07-30T07:35:03+00:00,20.0,0,False,False,False,False,False,0.0,0.0,0.0,0.0,,
1,872,2023-07-30T11:15:03+00:00,20.0,0,False,False,False,False,False,0.0,0.0,0.0,0.0,,
1,873,2023-07-30T15:50:06+00:00,1.0,3,False,False,False,False,False,0.0,0.0,0.0,0.0,,
1,874,2023-07-30T16:45:02+00:00,1.0,9,False,False,False,False,False,0.0,0.0,0.0,0.0,,
1,875,2023-07-30T17:40:05+00:00,1.0,14,False,False,False,False,False,0.0,0.0,0.0,0.0,,
1,876,2023-07-30T18:35:02+00:00,1.0,13,False,False,False,False,False,0.0,0.0,0.0,0.0,,
1,877,2023-07-30T19:30:05+00:00,1.0,16,False,False,False,False,False,0.0,0.0,0.0,0.0,,
1,878,2023-07-30T20:25:02+00:00,1.0,22,False,False,False,False,False,0.0,0.0,0.0,0.0,,
1,879,2023-07-30T21:20:06+00:00,1.0,18,False,False,False,False,False,0.0,0.0,0.0,0.0,,
1,880,2023-07-30T22:15:02+00:00,1.0,7,False,False,False,False,False,0.0,0.0,0.0,0.011,,
1,881,2023-07-31T18:25:03+00:00,20.0,0,False,False,False,False,False,0.0,0.0,0.0,0.0,,
1,882,2023-07-31T23:55:03+00:00,20.0,0,False,False,False,False,False,0.0,0.0,0.0,0.0,,
1,883,2023-08-01T03:35:02+00:00,20.0,0,False,False,False,False,False,0.0,0.0,0.0,0.0,,
1,884,2023-08-01T06:20:05+00:00,20.0,0,False,False,False,False,False,0.0,0.0,0.0,0.0,,
1,885,2023-08-01T08:10:08+00:00,20.0,0,False,False,False,False,False,0.0,0.0,0.0,0.0,,
1,886,2023-08-02T03:30:05+00:00,1.0,2,False,False,False,False,False,0.0,0.0,0.0,0.0,,
1,887,2023-08-02T04:25:02+00:00,1.0,13,False,True,True,True,True,0.299,0.299,0.299,0.299,,
1,888,2023-08-02T05:20:04+00:00,1.0,22,True,True,True,True,False,0.0,0.0,0.0,0.0,,
1,889,2023-08-02T06:15:02+00:00,1.0,22,True,True,True,True,True,1.0,1.0,1.0,1.0,,
1,890,2023-08-02T07:10:05+00:00,1.0,22,True,True,True,True,True,1.0,1.0,1.0,1.0,,
1,891,2023-08-02T08:05:02+00:00,1.0,22,True,True,True,True,True,1.0,1.0,1.0,1.0,,
1,892,2023-08-02T09:00:04+00:00,1.0,22,True,True,True,True,True,1.0,1.0,1.0,1.0,,
1,893,2023-08-02T15:10:05+00:00,20.0,0,False,False,False,False,False,0.0,0.0,0.0,0.0,,
1,894,2023-08-02T17:00:05+00:00,20.0,0,False,False,False,False,False,0.0,0.0,0.0,0.0,,
1,895,2023-08-03T03:05:02+00:00,20.0,0,False,False,False,False,False,0.0,0.0,0.0,0.0,,
1,896,2023-08-04T22:10:08+00:00,1.0,3,False,False,False,False,False,0.0,0.0,0.0,0.0,,
1,897,2023-08-04T23:05:03+00:00,1.0,14,False,False,False,False,False,0.0,0.0,0.0,0.0,,
1,898,2023-08-05T00:00:05+00:00,1.0,22,False,False,False,False,False,0.0,0.0,0.0,0.0,,
1,899,2023-08-05T00:55:02+00:00,1.0,22,False,False,False,False,False,0.0,0.0,0.252,0.404,,
1,900,2023-08-05T01:50:05+00:00,1.0,22,False,False,False,False,False,0.0,0.0,0.041,0.204,,
1,901,2023-08-05T02:45:03+00:00,1.0,22,False,False,False,True,False,0.0,0.246,0.246,0.366,,
1,902,2023-08-05T03:40:05+00:00,1.0,22,True,True,True,True,False,0.0,0.003,0.032,0.077,,
1,903,2023-08-05T04:35:02+00:00,1.0,22,True,True,True,True,True,1.0,1.0,1.0,1.0,,
1,904,2023-08-05T05:30:05+00:00,1.0,22,False,False,False,True,False,0.0,0.0,0.038,0.183,,
1,905,2023-08-05T06:25:03+00:00,1.0,22,True,True,True,True,True,1.0,1.0,1.0,1.0,,
1,906,2023-08-05T07:20:05+00:00,1.0,22,True,True,True,True,True,1.0,1.0,1.0,1.0,,
1,907,2023-08-05T08:15:03+00:00,1.0,22,True,True,True,True,True,1.0,1.0,1.0,1.0,,
1,908,2023-08-05T09:10:05+00:00,1.0,22,True,True,True,True,True,1.0,1.0,1.0,1.0,,
1,909,2023-08-05T10:05:03+00:00,1.0,22,True,True,True,True,True,1.0,1.0,1.0,1.0,,
1,910,2023-08-05T11:00:06+00:00,1.0,22,False,False,True,True,True,0.557,0.564,0.566,0.566,,
1,911,2023-08-05T11:55:03+00:00,1.0,22,True,True,True,True,True,0.0,0.02,0.295,0.295,,
1,912,2023-08-05T12:50:05+00:00,1.0,22,False,False,False,False,False,0.0,0.0,0.151,0.419,,
1,913,2023-08-05T13:45:02+00:00,1.0,22,False,False,False,False,False,0.0,0.0,0.0,0.0,,
1,914,2023-08-05T14:40:05+00:00,1.0,22,False,False,False,False,False,0.0,0.0,0.0,0.0,,
1,915,2023-08-05T15:35:03+00:00,1.0,22,False,False,False,False,False,0.0,0.0,0.0,0.0,,
1,916,2023-08-05T16:30:05+00:00,1.0,22,False,False,False,False,False,0.0,0.0,0.0,0.0,,
1,917,2023-08-05T17:25:02+00:00,1.0,22,False,False,False,False,False,0.0,0.0,0.0,0.034,,
1,918,2023-08-05T18:20:05+00:00,1.0,22,False,False,False,False,False,0.0,0.0,0.098,0.105,,
1,919,2023-08-05T19:15:02+00:00,1.0,22,False,False,False,True,False,0.0,0.0,0.001,0.071,,
1,920,2023-08-05T20:10:08+00:00,1.0,22,True,True,True,True,True,1.0,1.0,1.0,1.0,,
1,921,2023-08-05T21:05:03+00:00,1.0,22,True,True,True,True,True,1.0,1.0,1.0,1.0,,
1,922,2023-08-05T22:00:05+00:00,1.0,22,True,True,True,True,False,0.0,0.0,0.0,0.0,,
1,923,2023-08-05T22:55:02+00:00,1.0,22,True,True,True,True,True,1.0,1.0,1.0,1.0,,
1,924,2023-08-05T23:50:05+00:00,1.0,22,True,True,True,True,True,1.0,1.0,1.0,1.0,,
1,925,2023-08-06T00:45:02+00:00,1.0,17,False,False,False,False,False,0.0,0.0,0.0,0.0,,
1,926,2023-08-06T01:40:05+00:00,1.0,6,False,False,False,False,False,0.0,0.0,0.0,0.0,,
1,927,2023-08-06T02:35:03+00:00,1.0,10,False,False,False,False,False,0.0,0.0,0.0,0.0,,
1,928,2023-08-06T03:30:05+00:00,1.0,21,False,False,True,True,False,0.0,0.0,0.014,0.226,,
1,929,2023-08-06T04:25:03+00:00,1.0,22,True,True,True,True,True,1.0,1.0,1.0,1.0,,
1,930,2023-08-06T05:20:05+00:00,1.0,20,True,True,True,True,True,1.0,1.0,1.0,1.0,,
1,931,2023-08-06T06:15:03+00:00,1.0,20,False,False,False,False,True,0.507,0.507,0.507,0.507,,
1,932,2023-08-06T07:10:05+00:00,1.0,22,False,False,False,False,False,0.0,0.0,0.0,0.0,,
1,933,2023-08-06T08:05:02+00:00,1.0,22,False,False,False,False,False,0.0,0.0,0.034,0.081,,
1,934,2023-08-06T09:00:05+00:00,1.0,22,False,False,False,False,False,0.0,0.0,0.0,0.091,,
1,935,2023-08-06T09:55:03+00:00,1.0,22,False,False,False,False,False,0.0,0.0,0.0,0.003,,
1,936,2023-08-06T10:50:05+00:00,1.0,22,False,False,False,False,False,0.0,0.0,0.153,0.256,,
1,937,2023-08-06T11:45:02+00:00,1.0,22,False,False,False,False,True,0.163,0.202,0.32,0.353,,
1,938,2023-08-06T12:40:05+00:00,1.0,22,False,False,False,True,True,0.126,0.701,0.701,0.788,,
1,939,2023-08-06T13:35:03+00:00,1.0,22,True,True,True,True,True,1.0,1.0,1.0,1.0,,
1,940,2023-08-06T14:30:05+00:00,1.0,22,False,True,True,True,True,1.0,1.0,1.0,1.0,,
1,941,2023-08-06T15:25:03+00:00,1.0,16,False,False,False,False,True,0.0,0.061,0.654,0.667,,
1,942,2023-08-06T16:20:05+00:00,1.0,5,False,False,False,False,False,0.0,0.0,0.219,0.219,,
1,943,2023-08-06T19:05:03+00:00,1.0,9,False,False,False,False,False,0.0,0.0,0.0,0.0,,
1,944,2023-08-06T20:00:05+00:00,1.0,20,False,False,False,False,False,0.0,0.0,0.0,0.0,,
1,945,2023-08-06T20:55:03+00:00,1.0,22,False,False,False,False,False,0.0,0.0,0.191,0.366,,
1,946,2023-08-06T21:50:05+00:00,1.0,22,False,False,False,False,False,0.0,0.0,0.016,0.206,,
1,947,2023-08-06T22:45:03+00:00,1.0,22,False,False,False,False,False,0.0,0.0,0.0,0.252,,
1,948,2023-08-06T23:40:05+00:00,1.0,22,False,False,False,False,False,0.0,0.0,0.0,0.0,,
1,949,2023-08-07T00:35:03+00:00,1.0,22,False,False,False,False,False,0.0,0.0,0.0,0.447,,
1,950,2023-08-07T01:30:05+00:00,1.0,22,False,False,False,False,False,0.0,0.0,0.067,0.102,,
1,951,2023-08-07T02:25:03+00:00,1.0,22,False,False,False,False,True,0.845,0.867,0.867,0.867,,
1,952,2023-08-07T03:20:05+00:00,1.0,22,False,False,False,True,False,0.0,0.0,0.046,0.284,,
1,953,2023-08-07T04:15:02+00:00,1.0,22,False,True,True,True,False,0.0,0.0,0.014,0.016,,
1,954,2023-08-07T05:10:05+00:00,1.0,22,True,True,True,True,True,1.0,1.0,1.0,1.0,,
1,955,2023-08-07T06:05:03+00:00,1.0,22,True,True,True,True,True,1.0,1.0,1.0,1.0,,
1,956,2023-08-07T07:00:05+00:00,1.0,22,True,True,True,True,True,1.0,1.0,1.0,1.0,,
1,957,2023-08-07T07:55:02+00:00,1.0,22,True,True,True,True,True,0.172,0.261,0.269,0.269,,
1,958,2023-08-07T08:50:05+00:00,1.0,17,False,False,False,False,False,0.0,0.0,0.0,0.0,,
1,959,2023-08-07T09:45:02+00:00,1.0,16,False,False,False,False,False,0.0,0.0,0.0,0.0,,
1,960,2023-08-07T10:40:05+00:00,1.0,21,False,False,False,False,False,0.0,0.0,0.0,0.0,,
1,961,2023-08-07T11:35:03+00:00,1.0,22,False,False,False,True,False,0.0,0.0,0.0,0.0,,
1,962,2023-08-07T12:30:05+00:00,1.0,22,False,True,True,True,True,1.0,1.0,1.0,1.0,,
1,963,2023-08-07T13:25:02+00:00,1.0,22,False,False,False,False,False,0.0,0.0,0.046,0.054,,
1,964,2023-08-07T14:20:05+00:00,1.0,22,False,False,False,False,False,0.0,0.423,0.489,0.489,,
1,965,2023-08-07T15:15:02+00:00,1.0,22,False,False,False,False,False,0.0,0.0,0.0,0.0,,
1,966,2023-08-07T16:10:08+00:00,1.0,22,False,False,False,False,False,0.0,0.0,0.0,0.0,,
1,967,2023-08-07T17:05:03+00:00,1.0,22,False,False,False,False,False,0.0,0.0,0.0,0.091,,
1,968,2023-08-07T18:00:04+00:00,1.0,22,False,False,False,False,False,0.0,0.0,0.008,0.019,,
1,969,2023-08-07T18:55:03+00:00,1.0,22,False,False,False,False,False,0.0,0.0,0.0,0.0,,
1,970,2023-08-07T19:50:05+00:00,1.0,22,False,False,False,False,False,0.0,0.0,0.0,0.057,,
1,971,2023-08-07T20:45:03+00:00,1.0,22,False,False,False,False,False,0.0,0.153,0.244,0.244,,
1,972,2023-08-07T21:40:05+00:00,1.0,22,False,False,False,False,False,0.0,0.0,0.8,0.826,,
1,973,2023-08-07T22:35:03+00:00,1.0,22,False,False,False,False,False,0.0,0.0,0.0,0.0,,
1,974,2023-08-07T23:30:05+00:00,1.0,12,False,False,False,False,False,0.0,0.0,0.0,0.244,,
1,975,2023-08-08T00:25:02+00:00,1.0,1,False,False,False,False,False,0.0,0.0,0.0,0.0,,
1,976,2023-08-09T16:35:02+00:00,20.0,0,False,False,False,False,False,0.0,0.0,0.0,0.0,,
1,977,2023-08-09T17:30:05+00:00,20.0,0,False,False,False,False,False,0.0,0.0,0.0,0.0,,
1,978,2023-08-09T19:20:05+00:00,20.0,0,False,False,False,False,False,0.0,0.0,0.0,0.0,,
1,979,2023-08-09T22:05:03+00:00,1.0,6,False,False,False,False,False,0.0,0.0,0.0,0.0,,
1,980,2023-08-09T23:00:05+00:00,1.0,17,False,False,False,False,False,0.0,0.0,0.0,0.0,,
1,981,2023-08-09T23:55:02+00:00,1.0,22,False,False,False,False,False,0.0,0.0,0.0,0.0,,
1,982,2023-08-10T00:50:05+00:00,1.0,22,False,False,False,False,False,0.0,0.0,0.0,0.034,,
1,983,2023-08-10T01:45:03+00:00,1.0,22,False,False,False,True,False,0.0,0.0,0.013,0.024,,
1,984,2023-08-10T02:40:05+00:00,1.0,22,True,False,True,True,True,0.0,0.25,0.687,0.701,,
1,985,2023-08-10T03:35:03+00:00,1.0,18,True,False,False,False,False,0.0,0.0,0.0,0.0,,
1,986,2023-08-10T04:30:05+00:00,1.0,7,False,False,False,False,False,0.0,0.0,0.0,0.0,,
1,987,2023-08-10T20:05:03+00:00,20.0,0,False,False,False,False,False,0.0,0.0,0.0,0.0,,
1,988,2023-08-11T04:20:05+00:00,20.0,0,False,False,False,False,False,0.0,0.0,0.0,0.0,,
1,989,2023-08-12T01:25:03+00:00,20.0,0,False,False,False,False,False,0.0,0.0,0.0,0.0,,
1,990,2023-08-12T08:45:03+00:00,20.0,0,False,False,False,False,False,0.0,0.0,0.0,0.0,,
1,991,2023-08-14T14:50:05+00:00,20.0,0,False,False,False,False,False,0.0,0.0,0.0,0.0,,
1,992,2023-08-14T20:20:05+00:00,20.0,0,False,False,False,False,False,0.0,0.0,0.0,0.0,,
1,993,2023-08-14T23:05:03+00:00,20.0,0,False,False,False,False,False,0.0,0.0,0.0,0.0,,
1,994,2023-08-15T07:20:05+00:00,1.0,3,False,False,False,False,False,0.0,0.0,0.0,0.0,,
1,995,2023-08-15T08:15:03+00:00,1.0,6,False,False,False,False,False,0.0,0.0,0.0,0.0,,
1,996,2023-08-15T09:10:05+00:00,1.0,10,False,False,False,False,False,0.0,0.0,0.0,0.0,,
1,997,2023-08-15T10:05:02+00:00,1.0,18,False,False,False,False,False,0.0,0.0,0.0,0.0,,
1,998,2023-08-15T11:00:05+00:00,1.0,22,False,False,False,False,True,0.0,0.0,0.288,0.925,,
1,999,2023-08-15T11:55:02+00:00,1.0,22,False,False,False,False,False,0.0,0.0,0.0,0.259,,
2,1000,2023-08-15T12:50:05+00:00,1.0,22,False,False,False,True,True,1.0,1.0,1.0,1.0,,
2,1001,2023-08-15T13:45:03+00:00,1.0,22,True,True,True,True,True,1.0,1.0,1.0,1.0,,
2,1002,2023-08-15T14:40:05+00:00,1.0,22,True,True,True,True,True,1.0,1.0,1.0,1.0,,
2,1003,2023-08-15T15:35:02+00:00,1.0,22,True,True,True,True,True,1.0,1.0,1.0,1.0,,
2,1004,2023-08-15T16:30:05+00:00,1.0,22,True,True,True,True,True,1.0,1.0,1.0,1.0,,
2,1005,2023-08-15T17:25:03+00:00,1.0,22,False,False,False,False,False,0.0,0.0,0.01,0.044,,
2,1006,2023-08-15T18:20:05+00:00,1.0,12,False,False,False,False,False,0.0,0.0,0.0,0.0,,
2,1007,2023-08-15T19:15:03+00:00,1.0,1,False,False,False,False,False,0.0,0.0,0.0,0.0,,
2,1008,2023-08-15T23:50:05+00:00,1.0,11,False,False,False,False,False,0.0,0.0,0.0,0.0,,
2,1009,2023-08-16T00:45:03+00:00,1.0,18,False,False,False,False,False,0.0,0.0,0.0,0.0,,
2,1010,2023-08-16T01:40:05+00:00,1.0,7,False,False,False,False,False,0.0,0.0,0.0,0.0,,
2,1011,2023-08-16T10:50:04+00:00,20.0,0,False,False,False,False,False,0.0,0.0,0.0,0.244,,
2,1012,2023-08-16T13:35:03+00:00,1.0,2,False,False,False,False,False,0.0,0.0,0.0,0.0,,
2,1013,2023-08-16T14:30:04+00:00,1.0,13,False,False,False,False,False,0.0,0.0,0.0,0.0,,
2,1014,2023-08-16T15:25:03+00:00,1.0,21,False,False,False,False,False,0.0,0.0,0.0,0.0,,
2,1015,2023-08-16T16:20:06+00:00,1.0,16,False,False,False,False,False,0.0,0.0,0.0,0.0,,
2,1016,2023-08-16T17:15:02+00:00,1.0,6,False,False,False,False,False,0.0,0.0,0.0,0.0,,
2,1017,2023-08-16T18:10:08+00:00,20.0,0,False,False,False,False,False,0.0,0.0,0.0,0.0,,
2,1018,2023-08-18T08:45:02+00:00,20.0,0,False,False,False,False,False,0.0,0.0,0.0,0.0,,
2,1019,2023-08-18T09:40:05+00:00,1.0,9,False,False,False,False,False,0.0,0.0,0.0,0.0,,
2,1020,2023-08-18T10:35:02+00:00,1.0,20,False,False,False,False,False,0.0,0.0,0.0,0.0,,
2,1021,2023-08-18T11:30:05+00:00,1.0,22,False,False,False,False,False,0.0,0.0,0.037,0.207,,
2,1022,2023-08-18T12:25:03+00:00,1.0,22,False,False,False,False,False,0.0,0.0,0.153,0.647,,
2,1023,2023-08-18T13:20:05+00:00,1.0,22,False,False,False,False,False,0.0,0.0,0.0,0.008,,
2,1024,2023-08-18T14:15:03+00:00,1.0,22,False,False,False,False,False,0.0,0.0,0.0,0.0,,
2,1025,2023-08-18T16:45:03+00:00,1.0,22,False,False,False,False,False,0.0,0.0,0.0,0.0,,
2,1026,2023-08-18T17:40:05+00:00,1.0,17,False,False,False,False,False,0.0,0.0,0.0,0.0,,
2,1027,2023-08-18T18:35:03+00:00,1.0,6,False,False,False,False,False,0.0,0.0,0.0,0.0,,
2,1028,2023-08-19T06:30:05+00:00,20.0,0,False,False,False,False,True,0.393,0.403,0.403,0.423,,
2,1029,2023-08-19T08:20:05+00:00,1.0,8,False,False,False,False,False,0.0,0.0,0.0,0.0,,
2,1030,2023-08-19T09:15:03+00:00,1.0,19,False,False,False,False,False,0.0,0.0,0.0,0.0,,
2,1031,2023-08-19T10:10:08+00:00,1.0,22,False,False,False,False,False,0.0,0.0,0.0,0.16,,
2,1032,2023-08-19T11:05:02+00:00,1.0,22,False,False,False,False,False,0.0,0.0,0.0,0.02,,
2,1033,2023-08-19T12:00:04+00:00,1.0,22,False,False,False,False,True,0.0,0.008,0.261,0.299,,
2,1034,2023-08-19T12:55:03+00:00,1.0,22,False,False,False,False,False,0.0,0.0,0.0,0.0,,
2,1035,2023-08-19T13:50:05+00:00,1.0,22,False,False,False,False,False,0.0,0.0,0.034,0.054,,
2,1036,2023-08-19T14:45:03+00:00,1.0,22,False,False,False,False,True,0.0,0.338,0.701,0.701,,
2,1037,2023-08-19T15:40:05+00:00,1.0,22,False,False,False,False,False,0.0,0.0,0.0,0.153,,
2,1038,2023-08-19T16:35:03+00:00,1.0,22,False,False,False,False,False,0.0,0.0,0.0,0.0,,
2,1039,2023-08-19T17:30:05+00:00,1.0,22,False,False,False,True,False,0.0,0.0,0.0,0.0,,
2,1040,2023-08-19T18:25:03+00:00,1.0,22,False,True,True,True,True,0.513,0.513,0.513,0.513,,
2,1041,2023-08-19T19:20:05+00:00,1.0,22,True,True,True,True,False,0.0,0.0,0.0,0.0,,
2,1042,2023-08-19T20:15:03+00:00,1.0,22,False,False,False,False,False,0.0,0.0,0.0,0.0,,
2,1043,2023-08-19T21:10:05+00:00,1.0,22,False,False,False,False,False,0.0,0.0,0.0,0.0,,
2,1044,2023-08-19T22:05:02+00:00,1.0,22,False,False,False,False,False,0.0,0.0,0.0,0.341,,
2,1045,2023-08-19T23:00:05+00:00,1.0,22,False,False,False,False,False,0.0,0.0,0.0,0.0,,
2,1046,2023-08-19T23:55:02+00:00,1.0,22,False,False,False,False,False,0.0,0.0,0.0,0.0,,
2,1047,2023-08-20T00:50:05+00:00,1.0,22,False,False,False,False,False,0.0,0.0,0.0,0.0,,
2,1048,2023-08-20T01:45:02+00:00,1.0,22,False,False,False,False,False,0.0,0.0,0.0,0.0,,
2,1049,2023-08-20T02:40:05+00:00,1.0,11,False,False,False,False,False,0.0,0.0,0.0,0.0,,
2,1050,2023-08-20T16:25:02+00:00,1.0,5,False,False,False,False,False,0.0,0.0,0.0,0.0,,
2,1051,2023-08-20T17:20:04+00:00,1.0,16,False,False,False,False,False,0.0,0.0,0.0,0.0,,
2,1052,2023-08-20T18:15:02+00:00,1.0,22,False,False,False,False,False,0.0,0.0,0.0,0.252,,
2,1053,2023-08-20T19:10:05+00:00,1.0,22,False,False,False,False,False,0.0,0.0,0.0,0.0,,
2,1054,2023-08-20T20:05:02+00:00,1.0,22,False,False,False,False,False,0.0,0.0,0.0,0.065,,
2,1055,2023-08-20T21:00:05+00:00,1.0,22,False,False,False,False,False,0.0,0.0,0.0,0.644,,
2,1056,2023-08-20T21:55:03+00:00,1.0,17,False,False,False,False,False,0.0,0.0,0.0,0.0,,
2,1057,2023-08-20T22:50:05+00:00,1.0,6,False,False,False,False,False,0.0,0.0,0.0,0.0,,
2,1058,2023-08-21T00:40:05+00:00,20.0,0,False,False,False,False,False,0.0,0.0,0.0,0.0,,
2,1059,2023-08-21T01:35:03+00:00,20.0,0,False,False,False,False,False,0.0,0.0,0.0,0.0,,
2,1060,2023-08-21T06:10:07+00:00,20.0,0,False,False,False,False,False,0.0,0.0,0.0,0.0,,
2,1061,2023-08-21T11:40:05+00:00,1.0,3,False,False,False,False,False,0.0,0.0,0.0,0.0,,
2,1062,2023-08-21T12:35:03+00:00,1.0,14,False,False,False,False,False,0.0,0.0,0.0,0.0,,
2,1063,2023-08-21T13:30:05+00:00,1.0,22,False,False,False,False,False,0.0,0.0,0.091,0.091,,
2,1064,2023-08-21T14:25:03+00:00,1.0,22,False,False,False,False,False,0.0,0.054,0.073,0.124,,
2,1065,2023-08-21T15:20:05+00:00,1.0,22,False,False,False,False,False,0.0,0.0,0.02,0.03,,
2,1066,2023-08-21T16:15:02+00:00,1.0,22,False,False,False,False,False,0.0,0.0,0.0,0.02,,
2,1067,2023-08-21T17:10:05+00:00,1.0,20,False,True,True,True,False,0.0,0.0,0.0,0.0,,
2,1068,2023-08-21T18:05:03+00:00,1.0,16,False,False,False,False,False,0.0,0.0,0.0,0.0,,
2,1069,2023-08-21T19:00:05+00:00,1.0,7,False,False,False,False,False,0.0,0.0,0.0,0.0,,
2,1070,2023-08-22T03:15:03+00:00,20.0,0,False,False,False,False,False,0.0,0.0,0.0,0.0,,
2,1071,2023-08-22T14:15:02+00:00,20.0,0,False,False,False,False,False,0.0,0.0,0.0,0.0,,
2,1072,2023-08-22T23:25:03+00:00,20.0,0,False,False,False,False,False,0.0,0.0,0.0,0.0,,
2,1073,2023-08-23T10:25:03+00:00,1.0,7,False,False,False,False,False,0.0,0.0,0.0,0.0,,
2,1074,2023-08-23T11:20:05+00:00,1.0,18,False,False,False,False,False,0.0,0.0,0.0,0.0,,
2,1075,2023-08-23T12:15:02+00:00,1.0,22,False,False,False,False,False,0.0,0.0,0.0,0.0,,
2,1076,2023-08-23T13:10:05+00:00,1.0,22,False,False,False,False,False,0.0,0.0,0.0,0.068,,
2,1077,2023-08-23T14:05:03+00:00,1.0,22,False,False,False,False,False,0.0,0.0,0.02,0.02,,
2,1078,2023-08-23T15:00:05+00:00,1.0,22,False,False,False,False,False,0.0,0.061,0.464,0.497,,
2,1079,2023-08-23T15:55:03+00:00,1.0,22,False,False,False,False,False,0.0,0.0,0.0,0.054,,
2,1080,2023-08-23T16:50:05+00:00,1.0,22,False,False,False,False,False,0.0,0.0,0.001,0.001,,
2,1081,2023-08-23T17:45:03+00:00,1.0,22,False,False,False,False,False,0.0,0.0,0.008,0.008,,
2,1082,2023-08-23T18:40:05+00:00,1.0,22,False,False,False,False,False,0.0,0.0,0.0,0.038,,
2,1083,2023-08-23T19:35:02+00:00,1.0,20,False,False,False,False,False,0.0,0.0,0.0,0.0,,
2,1084,2023-08-23T20:30:05+00:00,1.0,9,False,False,False,False,False,0.0,0.0,0.0,0.0,,
2,1085,2023-08-24T09:20:05+00:00,1.0,4,False,False,False,False,False,0.0,0.0,0.0,0.0,,
2,1086,2023-08-24T10:15:03+00:00,1.0,15,False,False,False,False,False,0.0,0.0,0.0,0.0,,
2,1087,2023-08-24T12:50:05+00:00,1.0,22,False,False,False,False,False,0.0,0.0,0.034,0.034,,
2,1088,2023-08-24T13:45:03+00:00,1.0,22,False,False,False,False,False,0.0,0.0,0.244,0.428,,
2,1089,2023-08-24T14:40:05+00:00,1.0,22,False,False,False,False,False,0.0,0.0,0.0,0.252,,
2,1090,2023-08-24T15:35:02+00:00,1.0,22,False,False,False,False,True,0.0,0.0,0.256,0.748,,
2,1091,2023-08-24T16:30:05+00:00,1.0,22,False,False,False,False,True,0.0,0.475,0.631,0.693,,
2,1092,2023-08-24T17:25:02+00:00,1.0,17,False,False,False,False,False,0.0,0.0,0.0,0.0,,
2,1093,2023-08-24T18:20:05+00:00,1.0,6,False,False,False,False,False,0.0,0.0,0.0,0.0,,
2,1094,2023-08-26T02:25:03+00:00,20.0,0,False,False,False,False,False,0.0,0.0,0.0,0.0,,
2,1095,2023-08-26T05:10:05+00:00,20.0,0,False,False,False,False,False,0.0,0.0,0.0,0.0,,
2,1096,2023-08-26T14:20:05+00:00,1.0,3,False,False,False,False,False,0.0,0.0,0.0,0.0,,
2,1097,2023-08-26T15:15:02+00:00,1.0,3,False,False,False,False,False,0.0,0.0,0.0,0.0,,
2,1098,2023-08-27T11:25:03+00:00,1.0,8,False,False,False,False,False,0.0,0.0,0.0,0.0,,
2,1099,2023-08-27T12:20:05+00:00,1.0,19,False,False,False,False,False,0.0,0.0,0.0,0.0,,
2,1100,2023-08-27T13:15:02+00:00,1.0,22,False,False,False,False,False,0.0,0.0,0.0,0.037,,
2,1101,2023-08-27T14:10:08+00:00,1.0,22,False,False,False,False,False,0.0,0.0,0.0,0.0,,
2,1102,2023-08-27T15:05:03+00:00,1.0,22,False,False,False,False,False,0.0,0.0,0.0,0.0,,
2,1103,2023-08-27T16:00:05+00:00,1.0,12,False,False,False,False,False,0.0,0.0,0.0,0.0,,
2,1104,2023-08-27T16:55:03+00:00,1.0,1,False,False,False,False,False,0.0,0.0,0.0,0.0,,
2,1105,2023-08-27T19:40:05+00:00,20.0,0,False,False,False,False,False,0.0,0.0,0.0,0.0,,
2,1106,2023-08-28T06:40:04+00:00,20.0,0,False,False,False,False,False,0.0,0.0,0.0,0.0,,
2,1107,2023-08-28T08:30:05+00:00,20.0,0,False,False,False,False,False,0.0,0.0,0.0,0.0,,
2,1108,2023-08-28T18:40:05+00:00,1.0,22,False,False,False,False,False,0.0,0.0,0.0,0.0,,
2,1109,2023-08-28T19:35:03+00:00,1.0,22,False,False,False,False,False,0.008,0.016,0.016,0.016,,
2,1110,2023-08-28T20:30:05+00:00,1.0,22,False,False,True,True,False,0.0,0.0,0.0,0.054,,
2,1111,2023-08-28T21:25:03+00:00,1.0,22,True,True,True,True,True,0.64,0.957,0.97,0.972,,
2,1112,2023-08-28T23:45:03+00:00,1.0,22,True,True,True,True,True,1.0,1.0,1.0,1.0,,
2,1113,2023-08-29T00:40:05+00:00,1.0,22,True,True,True,True,True,1.0,1.0,1.0,1.0,,
2,1114,2023-08-29T01:35:03+00:00,1.0,22,True,True,True,True,True,1.0,1.0,1.0,1.0,,
2,1115,2023-08-29T02:30:05+00:00,1.0,22,True,True,True,True,True,1.0,1.0,1.0,1.0,,
2,1116,2023-08-29T03:25:03+00:00,1.0,22,False,False,False,False,False,0.0,0.0,0.0,0.0,,
2,1117,2023-08-29T04:20:05+00:00,1.0,22,False,False,True,True,False,0.0,0.0,0.165,0.218,,
2,1118,2023-08-29T05:15:03+00:00,1.0,22,False,False,False,False,False,0.0,0.0,0.004,0.005,,
2,1119,2023-08-29T06:10:08+00:00,1.0,22,False,False,False,False,False,0.0,0.0,0.0,0.0,,
2,1120,2023-08-29T07:05:03+00:00,1.0,22,False,False,False,False,False,0.0,0.0,0.0,0.0,,
2,1121,2023-08-29T08:00:05+00:00,1.0,22,False,False,False,False,False,0.0,0.0,0.0,0.0,,
2,1122,2023-08-29T08:55:03+00:00,1.0,22,False,False,False,False,False,0.0,0.0,0.214,0.647,,
2,1123,2023-08-29T09:50:05+00:00,1.0,22,False,False,False,False,False,0.0,0.0,0.0,0.0,,
2,1124,2023-08-29T10:45:02+00:00,1.0,22,False,False,False,False,False,0.0,0.0,0.008,0.008,,
2,1125,2023-08-29T11:40:05+00:00,1.0,22,False,False,False,False,False,0.0,0.0,0.0,0.046,,
2,1126,2023-08-29T12:35:03+00:00,1.0,22,False,False,False,False,False,0.0,0.0,0.0,0.02,,
2,1127,2023-08-29T13:30:05+00:00,1.0,22,False,False,False,False,False,0.0,0.0,0.002,0.012,,
2,1128,2023-08-29T14:25:03+00:00,1.0,22,False,False,False,False,False,0.0,0.0,0.0,0.341,,
2,1129,2023-08-29T15:20:05+00:00,1.0,22,False,False,False,False,False,0.0,0.0,0.003,0.011,,
2,1130,2023-08-29T16:15:03+00:00,1.0,22,False,False,False,False,False,0.0,0.0,0.0,0.36,,
2,1131,2023-08-29T17:10:05+00:00,1.0,22,False,False,False,False,False,0.0,0.0,0.0,0.046,,
2,1132,2023-08-29T18:05:03+00:00,1.0,22,False,False,False,False,False,0.0,0.008,0.065,0.086,,
2,1133,2023-08-29T19:00:05+00:00,1.0,22,False,False,True,True,True,0.966,1.0,1.0,1.0,,
2,1134,2023-08-29T19:55:03+00:00,1.0,22,True,True,True,True,False,0.0,0.0,0.0,0.071,,
2,1135,2023-08-29T20:50:05+00:00,1.0,22,True,True,True,True,True,0.0,0.0,0.305,0.314,,
2,1136,2023-08-29T21:45:03+00:00,1.0,22,True,True,True,True,False,0.0,0.0,0.046,0.437,,
2,1137,2023-08-29T22:40:05+00:00,1.0,22,False,False,True,True,False,0.0,0.0,0.046,0.054,,
2,1138,2023-08-29T23:35:02+00:00,1.0,22,True,True,True,True,False,0.0,0.0,0.054,0.14,,
2,1139,2023-08-30T00:30:05+00:00,1.0,22,True,True,True,True,True,1.0,1.0,1.0,1.0,,
2,1140,2023-08-30T01:25:03+00:00,1.0,22,True,True,True,True,True,1.0,1.0,1.0,1.0,,
2,1141,2023-08-30T02:20:05+00:00,1.0,22,True,True,True,True,True,1.0,1.0,1.0,1.0,,
2,1142,2023-08-30T03:15:02+00:00,1.0,22,True,True,True,True,True,1.0,1.0,1.0,1.0,,
2,1143,2023-08-30T04:10:08+00:00,1.0,22,True,True,True,True,False,0.0,0.001,0.116,0.464,,
2,1144,2023-08-30T05:05:02+00:00,1.0,22,True,True,True,True,True,1.0,1.0,1.0,1.0,,
2,1145,2023-08-30T06:00:05+00:00,1.0,22,False,False,False,False,False,0.0,0.0,0.0,0.008,,
2,1146,2023-08-30T06:55:03+00:00,1.0,22,False,False,False,False,False,0.0,0.0,0.002,0.093,,
2,1147,2023-08-30T07:50:04+00:00,1.0,22,False,False,False,False,False,0.0,0.0,0.0,0.0,,
2,1148,2023-08-30T08:45:03+00:00,1.0,22,False,False,False,False,False,0.0,0.001,0.004,0.232,,
2,1149,2023-08-30T09:40:05+00:00,1.0,22,False,True,True,True,True,0.031,0.255,0.284,0.323,,
2,1150,2023-08-30T12:15:03+00:00,1.0,22,False,False,False,False,True,0.578,0.92,0.92,0.923,,
2,1151,2023-08-30T13:10:05+00:00,1.0,22,False,False,False,False,False,0.0,0.0,0.0,0.0,,
2,1152,2023-08-30T14:05:03+00:00,1.0,22,False,False,False,False,False,0.0,0.0,0.0,0.008,,
2,1153,2023-08-30T15:00:05+00:00,1.0,22,False,False,False,False,False,0.0,0.0,0.0,0.0,,
2,1154,2023-08-30T15:55:03+00:00,1.0,22,False,False,False,False,False,0.0,0.0,0.0,0.0,,
2,1155,2023-08-30T16:50:05+00:00,1.0,22,False,False,False,False,False,0.0,0.0,0.0,0.0,,
2,1156,2023-08-30T17:45:02+00:00,1.0,22,False,False,False,False,True,0.299,0.299,0.299,0.299,,
2,1157,2023-08-30T18:40:05+00:00,1.0,22,False,False,False,False,False,0.0,0.0,0.0,0.0,,
2,1158,2023-08-30T19:35:03+00:00,1.0,22,False,False,False,False,False,0.0,0.005,0.02,0.02,,
2,1159,2023-08-30T20:30:05+00:00,1.0,22,False,True,True,True,True,0.605,1.0,1.0,1.0,,
2,1160,2023-08-30T21:25:02+00:00,1.0,22,False,False,False,True,True,0.854,0.854,0.854,0.862,,
2,1161,2023-08-30T22:20:05+00:00,1.0,22,False,True,True,True,False,0.01,0.373,0.559,0.559,,
2,1162,2023-08-30T23:15:02+00:00,1.0,22,True,True,True,True,False,0.0,0.0,0.0,0.0,,
2,1163,2023-08-31T00:10:08+00:00,1.0,22,False,False,False,False,False,0.0,0.0,0.037,0.244,,
2,1164,2023-08-31T01:05:03+00:00,1.0,22,False,False,False,False,False,0.0,0.0,0.0,0.0,,
2,1165,2023-08-31T02:00:05+00:00,1.0,22,False,False,False,False,False,0.0,0.0,0.0,0.034,,
2,1166,2023-08-31T02:55:02+00:00,1.0,22,False,False,False,True,False,0.0,0.0,0.0,0.0,,
2,1167,2023-08-31T03:50:05+00:00,1.0,22,False,True,True,True,False,0.643,0.643,0.719,0.874,,
2,1168,2023-08-31T04:45:03+00:00,1.0,22,True,True,True,True,True,1.0,1.0,1.0,1.0,,
2,1169,2023-08-31T05:40:05+00:00,1.0,22,True,True,True,True,True,1.0,1.0,1.0,1.0,,
2,1170,2023-08-31T06:35:02+00:00,1.0,22,True,False,True,True,True,1.0,1.0,1.0,1.0,,
2,1171,2023-08-31T07:30:05+00:00,1.0,22,True,True,True,True,False,0.0,0.244,0.32,0.444,,
2,1172,2023-08-31T08:25:03+00:00,1.0,22,False,False,False,False,False,0.0,0.006,0.037,0.165,,
2,1173,2023-08-31T09:20:05+00:00,1.0,22,False,False,False,False,False,0.0,0.0,0.002,0.002,,
2,1174,2023-08-31T10:15:03+00:00,1.0,22,False,False,False,False,False,0.0,0.0,0.0,0.091,,
2,1175,2023-08-31T11:10:05+00:00,1.0,22,False,False,False,False,False,0.0,0.0,0.0,0.0,,
2,1176,2023-08-31T12:05:02+00:00,1.0,22,False,False,False,False,False,0.0,0.0,0.0,0.0,,
2,1177,2023-08-31T13:00:05+00:00,1.0,22,False,False,False,False,True,0.0,0.239,0.383,0.449,,
2,1178,2023-08-31T13:55:02+00:00,1.0,22,False,False,False,False,True,0.0,0.0,0.687,0.92,,
2,1179,2023-08-31T14:50:05+00:00,1.0,22,False,False,False,False,False,0.0,0.0,0.0,0.261,,
2,1180,2023-08-31T15:45:03+00:00,1.0,22,False,False,False,False,True,0.0,0.0,0.299,0.299,,
2,1181,2023-08-31T16:40:05+00:00,1.0,20,False,False,False,False,False,0.0,0.0,0.0,0.0,,
2,1182,2023-08-31T17:35:03+00:00,1.0,9,False,False,False,False,False,0.0,0.0,0.0,0.0,,
2,1183,2023-08-31T18:30:05+00:00,20.0,0,False,False,False,False,False,0.0,0.0,0.0,0.0,,
2,1184,2023-09-01T05:30:05+00:00,20.0,0,False,False,False,False,False,0.0,0.0,0.0,0.0,,
2,1185,2023-09-03T16:50:05+00:00,1.0,3,False,False,False,False,False,0.0,0.0,0.0,0.0,,
2,1186,2023-09-03T17:45:03+00:00,1.0,14,False,False,False,False,False,0.0,0.0,0.0,0.0,,
2,1187,2023-09-03T18:40:04+00:00,1.0,22,False,False,False,False,False,0.0,0.0,0.0,0.0,,
2,1188,2023-09-03T19:35:03+00:00,1.0,22,False,False,False,False,False,0.0,0.0,0.0,0.0,,
2,1189,2023-09-03T20:30:05+00:00,1.0,22,False,False,False,False,False,0.0,0.0,0.0,0.016,,
2,1190,2023-09-03T21:25:03+00:00,1.0,22,False,False,False,False,False,0.0,0.0,0.0,0.261,,
2,1191,2023-09-03T22:20:05+00:00,1.0,15,False,False,False,False,False,0.0,0.151,0.403,0.408,,
2,1192,2023-09-03T23:15:03+00:00,1.0,4,False,False,False,False,False,0.0,0.0,0.0,0.0,,
2,1193,2023-09-04T04:45:03+00:00,20.0,0,False,False,False,False,False,0.0,0.0,0.037,0.037,,
2,1194,2023-09-04T06:35:02+00:00,20.0,0,False,False,False,False,False,0.0,0.0,0.0,0.0,,
2,1195,2023-09-04T07:30:05+00:00,20.0,0,False,False,False,False,False,0.0,0.0,0.0,0.0,,
2,1196,2023-09-04T13:35:03+00:00,1.0,1,False,False,False,False,False,0.0,0.0,0.0,0.0,,
2,1197,2023-09-04T14:30:05+00:00,1.0,12,False,False,False,False,False,0.0,0.0,0.0,0.0,,
2,1198,2023-09-04T15:25:03+00:00,1.0,22,False,False,False,False,False,0.0,0.0,0.0,0.0,,
2,1199,2023-09-04T16:20:05+00:00,1.0,16,False,False,False,False,False,0.0,0.0,0.0,0.0,,
2,1200,2023-09-04T17:15:02+00:00,1.0,5,False,False,False,False,False,0.0,0.0,0.0,0.0,,
2,1201,2023-09-04T20:00:05+00:00,1.0,3,False,False,False,False,False,0.0,0.0,0.0,0.0,,
2,1202,2023-09-04T20:55:02+00:00,1.0,3,False,False,False,False,False,0.0,0.0,0.0,0.0,,
2,1203,2023-09-05T00:35:02+00:00,20.0,0,False,False,False,False,False,0.0,0.0,0.0,0.0,,
2,1204,2023-09-06T13:10:06+00:00,20.0,0,False,False,False,False,False,0.0,0.0,0.0,0.0,,
2,1205,2023-09-07T00:10:08+00:00,1.0,2,False,False,False,False,False,0.0,0.0,0.0,0.0,,
2,1206,2023-09-07T01:05:02+00:00,1.0,5,False,False,False,False,False,0.0,0.0,0.0,0.0,,
2,1207,2023-09-07T02:00:05+00:00,1.0,5,False,False,False,False,False,0.0,0.0,0.0,0.0,,
2,1208,2023-09-07T02:55:02+00:00,1.0,2,False,False,False,False,False,0.0,0.0,0.0,0.0,,
2,1209,2023-09-07T05:40:05+00:00,20.0,0,False,False,False,False,False,0.0,0.0,0.0,0.0,,
2,1210,2023-09-07T09:20:05+00:00,1.0,3,False,False,False,False,False,0.0,0.0,0.0,0.0,,
2,1211,2023-09-07T10:15:02+00:00,1.0,14,False,False,False,False,False,0.0,0.0,0.0,0.0,,
2,1212,2023-09-07T11:10:05+00:00,1.0,22,False,False,False,False,False,0.0,0.0,0.0,0.0,,
2,1213,2023-09-07T12:05:02+00:00,1.0,22,False,False,False,False,False,0.0,0.0,0.0,0.0,,
2,1214,2023-09-07T13:00:05+00:00,1.0,22,False,False,False,False,False,0.0,0.0,0.0,0.0,,
2,1215,2023-09-07T13:55:02+00:00,1.0,22,False,False,False,False,False,0.0,0.0,0.0,0.0,,
2,1216,2023-09-07T14:50:05+00:00,1.0,11,False,False,False,False,False,0.0,0.0,0.0,0.0,,
2,1217,2023-09-08T16:30:05+00:00,20.0,0,False,False,False,False,False,0.0,0.0,0.0,0.0,,
2,1218,2023-09-09T02:35:03+00:00,20.0,0,False,False,False,False,False,0.0,0.0,0.0,0.0,,
2,1219,2023-09-10T04:15:02+00:00,20.0,0,False,False,False,False,False,0.0,0.0,0.0,0.0,,
2,1220,2023-09-10T07:00:05+00:00,20.0,0,False,False,False,False,False,0.0,0.0,0.0,0.0,,
2,1221,2023-09-11T03:10:05+00:00,20.0,0,False,False,False,False,False,0.0,0.0,0.0,0.0,,
2,1222,2023-09-11T04:05:02+00:00,20.0,0,False,False,False,False,False,0.0,0.0,0.0,0.0,,
2,1223,2023-09-11T18:45:02+00:00,20.0,0,False,False,False,False,False,0.0,0.0,0.0,0.0,,
2,1224,2023-09-12T04:50:05+00:00,20.0,0,False,False,False,False,False,0.0,0.0,0.0,0.0,,
2,1225,2023-09-12T19:30:05+00:00,20.0,0,False,False,False,False,False,0.0,0.0,0.0,0.0,,
2,1226,2023-09-13T00:05:02+00:00,20.0,0,False,False,False,False,False,0.0,0.0,0.0,0.0,,
2,1227,2023-09-13T19:20:05+00:00,1.0,3,False,False,False,False,False,0.0,0.0,0.0,0.0,,
2,1228,2023-09-13T20:15:03+00:00,1.0,7,False,False,False,False,False,0.0,0.0,0.0,0.0,,
2,1229,2023-09-13T21:10:05+00:00,1.0,4,False,False,False,False,False,0.0,0.0,0.0,0.0,,
2,1230,2023-09-13T23:00:05+00:00,20.0,0,False,False,False,False,False,0.0,0.0,0.0,0.0,,
2,1231,2023-09-14T04:30:05+00:00,1.0,3,False,False,False,False,False,0.0,0.0,0.0,0.0,,
2,1232,2023-09-14T05:25:03+00:00,1.0,14,False,False,False,False,False,0.0,0.0,0.0,0.0,,
2,1233,2023-09-14T06:20:05+00:00,1.0,22,False,False,False,False,False,0.0,0.0,0.0,0.0,,
2,1234,2023-09-14T07:15:02+00:00,1.0,22,False,False,False,False,False,0.0,0.0,0.01,0.017,,
2,1235,2023-09-14T08:10:07+00:00,1.0,22,False,False,False,False,False,0.0,0.0,0.283,0.457,,
2,1236,2023-09-14T09:05:02+00:00,1.0,22,False,False,True,True,True,1.0,1.0,1.0,1.0,,
2,1237,2023-09-14T10:00:05+00:00,1.0,22,True,True,True,True,False,0.0,0.073,0.451,0.462,,
2,1238,2023-09-14T10:55:03+00:00,1.0,20,False,False,False,False,False,0.0,0.0,0.0,0.0,,
2,1239,2023-09-14T11:50:05+00:00,1.0,9,False,False,False,False,False,0.0,0.0,0.0,0.0,,
2,1240,2023-09-14T12:45:03+00:00,20.0,0,False,False,False,False,False,0.0,0.0,0.0,0.0,,
2,1241,2023-09-15T05:15:02+00:00,1.0,4,False,False,False,False,False,0.0,0.0,0.0,0.0,,
2,1242,2023-09-15T06:10:07+00:00,1.0,15,False,False,True,True,True,0.0,0.854,0.97,0.97,,
2,1243,2023-09-15T07:05:03+00:00,1.0,22,False,False,False,False,False,0.0,0.0,0.0,0.0,,
2,1244,2023-09-15T08:00:05+00:00,1.0,22,False,False,False,False,True,0.0,0.0,0.316,0.358,,
2,1245,2023-09-15T08:55:02+00:00,1.0,22,False,False,False,True,False,0.0,0.0,0.046,0.16,,
2,1246,2023-09-15T09:50:05+00:00,1.0,22,False,False,False,False,True,0.003,0.179,0.297,0.489,,
2,1247,2023-09-15T10:45:02+00:00,1.0,22,False,False,False,False,True,0.0,0.891,0.891,0.893,,
2,1248,2023-09-15T11:40:05+00:00,1.0,22,False,False,False,False,True,0.0,0.647,0.647,0.647,,
2,1249,2023-09-15T12:35:03+00:00,1.0,22,False,False,False,False,False,0.0,0.0,0.0,0.006,,
2,1250,2023-09-15T13:30:05+00:00,1.0,22,False,False,False,False,False,0.0,0.0,0.001,0.001,,
2,1251,2023-09-15T14:25:03+00:00,1.0,22,False,False,False,False,False,0.0,0.0,0.0,0.0,,
2,1252,2023-09-15T15:20:05+00:00,1.0,22,False,False,False,False,False,0.0,0.117,0.119,0.441,,
2,1253,2023-09-15T16:15:02+00:00,1.0,19,False,False,False,False,False,0.0,0.0,0.0,0.0,,
2,1254,2023-09-15T17:10:05+00:00,1.0,8,False,False,False,False,False,0.0,0.0,0.0,0.0,,
2,1255,2023-09-16T15:35:02+00:00,1.0,22,False,False,False,False,False,0.0,0.0,0.0,0.0,,
2,1256,2023-09-16T16:30:05+00:00,1.0,22,False,False,False,False,False,0.0,0.0,0.0,0.0,,
2,1257,2023-09-16T17:25:03+00:00,1.0,22,False,False,False,False,False,0.0,0.0,0.0,0.0,,
2,1258,2023-09-16T18:20:05+00:00,1.0,12,False,False,False,False,False,0.0,0.0,0.0,0.403,,
2,1259,2023-09-16T19:15:03+00:00,1.0,1,False,False,False,False,False,0.0,0.0,0.0,0.0,,
2,1260,2023-09-16T20:10:07+00:00,20.0,0,False,False,False,False,False,0.0,0.0,0.0,0.0,,
2,1261,2023-09-17T15:25:03+00:00,20.0,0,False,False,False,False,False,0.0,0.0,0.0,0.0,,
2,1262,2023-09-18T14:15:03+00:00,1.0,10,False,False,False,False,False,0.0,0.0,0.0,0.0,,
2,1263,2023-09-18T15:10:05+00:00,1.0,21,False,False,False,False,False,0.0,0.0,0.0,0.0,,
2,1264,2023-09-18T16:05:03+00:00,1.0,22,False,False,False,False,False,0.0,0.0,0.0,0.016,,
2,1265,2023-09-18T17:00:05+00:00,1.0,22,False,False,False,False,False,0.0,0.0,0.0,0.03,,
2,1266,2023-09-18T17:55:03+00:00,1.0,22,False,False,False,False,False,0.0,0.0,0.034,0.054,,
2,1267,2023-09-18T18:50:05+00:00,1.0,22,False,False,False,False,False,0.0,0.0,0.004,0.042,,
2,1268,2023-09-18T19:45:02+00:00,1.0,22,False,False,False,False,False,0.0,0.0,0.0,0.0,,
2,1269,2023-09-18T20:40:05+00:00,1.0,22,False,False,False,False,False,0.0,0.0,0.0,0.272,,
2,1270,2023-09-18T21:35:03+00:00,1.0,22,False,False,False,False,False,0.0,0.0,0.001,0.349,,
2,1271,2023-09-18T22:30:05+00:00,1.0,22,False,False,True,True,True,0.0,0.645,0.929,0.93,,
2,1272,2023-09-18T23:25:03+00:00,1.0,22,True,True,True,True,True,0.193,0.951,0.978,0.978,,
2,1273,2023-09-19T00:20:05+00:00,1.0,22,True,True,True,True,True,1.0,1.0,1.0,1.0,,
2,1274,2023-09-19T01:15:02+00:00,1.0,22,False,False,False,False,False,0.0,0.0,0.0,0.0,,
2,1275,2023-09-19T02:10:08+00:00,1.0,22,False,False,False,False,False,0.0,0.0,0.0,0.066,,
2,1276,2023-09-19T04:50:05+00:00,1.0,19,False,False,False,False,False,0.0,0.0,0.0,0.0,,
2,1277,2023-09-19T05:45:02+00:00,1.0,8,False,False,False,False,False,0.0,0.0,0.0,0.0,,
2,1278,2023-09-19T10:20:05+00:00,1.0,7,False,False,False,False,False,0.0,0.0,0.0,0.0,,
2,1279,2023-09-19T11:15:02+00:00,1.0,18,False,False,False,False,False,0.0,0.0,0.0,0.0,,
2,1280,2023-09-19T12:10:08+00:00,1.0,22,False,False,False,False,False,0.0,0.0,0.0,0.0,,
2,1281,2023-09-19T13:05:03+00:00,1.0,13,False,False,False,False,False,0.0,0.0,0.0,0.0,,
2,1282,2023-09-19T14:00:05+00:00,1.0,4,False,False,False,False,False,0.0,0.0,0.0,0.0,,
2,1283,2023-09-19T14:55:02+00:00,1.0,9,False,False,False,False,False,0.0,0.0,0.0,0.0,,
2,1284,2023-09-19T15:50:05+00:00,1.0,8,False,False,False,False,False,0.0,0.0,0.0,0.0,,
2,1285,2023-09-19T16:45:02+00:00,1.0,1,False,False,False,False,False,0.0,0.0,0.0,0.0,,
2,1286,2023-09-20T09:25:02+00:00,1.0,4,False,False,False,False,False,0.0,0.0,0.0,0.0,,
2,1287,2023-09-20T10:20:05+00:00,1.0,15,False,False,False,False,False,0.0,0.0,0.0,0.0,,
2,1288,2023-09-20T11:15:02+00:00,1.0,22,False,False,False,False,False,0.0,0.0,0.0,0.4,,
2,1289,2023-09-20T12:10:08+00:00,1.0,22,False,False,False,False,False,0.0,0.088,0.683,0.683,,
2,1290,2023-09-20T13:05:02+00:00,1.0,22,False,False,False,False,False,0.0,0.0,0.0,0.021,,
2,1291,2023-09-20T14:00:05+00:00,1.0,22,False,False,False,False,False,0.0,0.008,0.335,0.692,,
2,1292,2023-09-20T14:55:02+00:00,1.0,22,False,False,False,False,False,0.0,0.0,0.001,0.155,,
2,1293,2023-09-20T15:50:05+00:00,1.0,22,False,False,False,False,False,0.0,0.0,0.0,0.0,,
2,1294,2023-09-20T16:45:03+00:00,1.0,22,False,False,False,False,False,0.0,0.0,0.0,0.0,,
2,1295,2023-09-20T17:40:05+00:00,1.0,22,False,False,False,False,False,0.0,0.0,0.001,0.001,,
2,1296,2023-09-20T18:35:03+00:00,1.0,22,False,False,False,False,False,0.0,0.0,0.0,0.0,,
2,1297,2023-09-20T19:30:05+00:00,1.0,22,False,False,False,False,False,0.0,0.0,0.0,0.0,,
2,1298,2023-09-20T20:25:03+00:00,1.0,22,False,False,False,False,False,0.0,0.187,0.302,0.303,,
2,1299,2023-09-20T21:20:05+00:00,1.0,22,False,False,False,False,False,0.0,0.0,0.0,0.0,,
2,1300,2023-09-20T22:15:03+00:00,1.0,22,False,False,False,False,False,0.0,0.0,0.0,0.0,,
2,1301,2023-09-20T23:10:05+00:00,1.0,22,False,False,False,False,False,0.0,0.0,0.0,0.02,,
2,1302,2023-09-21T00:05:02+00:00,1.0,22,False,False,False,False,False,0.0,0.0,0.0,0.034,,
2,1303,2023-09-21T01:00:05+00:00,1.0,22,False,False,False,False,False,0.0,0.0,0.0,0.054,,
2,1304,2023-09-21T01:55:02+00:00,1.0,22,False,False,False,True,False,0.0,0.0,0.0,0.0,,
2,1305,2023-09-21T02:50:05+00:00,1.0,12,True,True,True,True,True,1.0,1.0,1.0,1.0,,
2,1306,2023-09-21T03:45:02+00:00,1.0,1,False,False,False,False,False,0.0,0.0,0.0,0.0,,
2,1307,2023-09-21T06:30:05+00:00,1.0,10,False,False,False,False,False,0.0,0.0,0.0,0.0,,
2,1308,2023-09-21T07:25:02+00:00,1.0,21,False,False,False,False,False,0.0,0.0,0.0,0.0,,
2,1309,2023-09-21T08:20:05+00:00,1.0,22,False,False,False,False,False,0.0,0.0,0.038,0.05,,
2,1310,2023-09-21T09:15:03+00:00,1.0,22,False,False,False,True,False,0.0,0.0,0.0,0.027,,
2,1311,2023-09-21T10:10:08+00:00,1.0,22,False,True,True,True,True,1.0,1.0,1.0,1.0,,
2,1312,2023-09-21T11:05:02+00:00,1.0,22,False,False,True,True,False,0.0,0.02,0.15,0.801,,
2,1313,2023-09-21T12:00:04+00:00,1.0,22,False,True,True,True,True,0.0,0.369,0.702,0.768,,
2,1314,2023-09-21T12:55:03+00:00,1.0,22,True,True,True,True,True,1.0,1.0,1.0,1.0,,
2,1315,2023-09-21T13:50:05+00:00,1.0,22,True,True,True,True,True,1.0,1.0,1.0,1.0,,
2,1316,2023-09-21T14:45:03+00:00,1.0,22,True,True,True,True,True,1.0,1.0,1.0,1.0,,
2,1317,2023-09-21T15:40:05+00:00,1.0,22,True,True,True,True,True,0.984,0.984,0.985,0.985,,
2,1318,2023-09-21T16:35:03+00:00,1.0,22,True,True,True,True,True,0.979,0.979,0.986,0.996,,
2,1319,2023-09-21T17:30:05+00:00,1.0,22,True,True,True,True,True,1.0,1.0,1.0,1.0,,
2,1320,2023-09-21T18:25:02+00:00,1.0,22,True,True,True,True,True,1.0,1.0,1.0,1.0,,
2,1321,2023-09-21T19:20:05+00:00,1.0,22,False,False,False,False,False,0.0,0.0,0.0,0.042,,
2,1322,2023-09-21T20:15:03+00:00,1.0,22,False,False,False,False,False,0.0,0.0,0.0,0.0,,
2,1323,2023-09-21T21:10:05+00:00,1.0,18,False,False,False,False,False,0.0,0.0,0.0,0.0,,
2,1324,2023-09-21T22:05:03+00:00,1.0,7,False,False,False,False,False,0.0,0.0,0.0,0.0,,
2,1325,2023-09-22T01:45:03+00:00,1.0,11,False,False,False,False,False,0.0,0.0,0.0,0.0,,
2,1326,2023-09-22T02:40:05+00:00,1.0,22,False,False,False,False,False,0.0,0.0,0.022,0.038,,
2,1327,2023-09-22T03:35:02+00:00,1.0,22,False,False,False,False,False,0.0,0.0,0.047,0.211,,
2,1328,2023-09-22T04:30:05+00:00,1.0,15,False,False,False,True,False,0.0,0.126,0.258,0.445,,
2,1329,2023-09-22T05:25:02+00:00,1.0,4,False,False,False,False,True,0.0,0.261,0.299,0.299,,
2,1330,2023-09-22T08:10:07+00:00,1.0,7,False,False,False,False,False,0.0,0.0,0.0,0.0,,
2,1331,2023-09-22T09:05:02+00:00,1.0,18,False,False,False,False,False,0.0,0.0,0.091,0.244,,
2,1332,2023-09-22T10:00:05+00:00,1.0,22,False,False,False,False,False,0.0,0.135,0.304,0.669,,
2,1333,2023-09-22T10:55:02+00:00,1.0,22,False,False,False,True,True,0.0,0.097,0.466,0.622,,
2,1334,2023-09-22T11:50:05+00:00,1.0,22,False,False,False,False,False,0.058,0.246,0.534,0.785,,
2,1335,2023-09-22T12:45:03+00:00,1.0,22,False,False,False,False,False,0.0,0.063,0.584,0.842,,
2,1336,2023-09-22T13:40:05+00:00,1.0,22,False,False,False,False,False,0.0,0.0,0.141,0.878,,
2,1337,2023-09-22T14:35:02+00:00,1.0,22,False,False,False,False,False,0.0,0.0,0.272,0.794,,
2,1338,2023-09-22T15:30:05+00:00,1.0,22,False,False,True,True,True,0.0,0.008,0.299,0.299,,
2,1339,2023-09-22T16:25:02+00:00,1.0,22,False,False,False,False,False,0.0,0.0,0.0,0.001,,
2,1340,2023-09-22T17:20:05+00:00,1.0,22,False,False,False,False,False,0.0,0.0,0.0,0.0,,
2,1341,2023-09-22T18:15:02+00:00,1.0,13,False,False,False,False,False,0.0,0.0,0.0,0.02,,
2,1342,2023-09-22T19:10:05+00:00,1.0,2,False,False,False,False,False,0.0,0.0,0.0,0.0,,
2,1343,2023-09-23T04:20:05+00:00,20.0,0,False,False,False,False,False,0.0,0.0,0.0,0.0,,
2,1344,2023-09-23T05:15:02+00:00,20.0,0,False,False,False,False,False,0.0,0.0,0.0,0.0,,
2,1345,2023-09-23T06:10:07+00:00,1.0,11,False,False,False,False,False,0.0,0.0,0.0,0.0,,
2,1346,2023-09-23T07:05:03+00:00,1.0,22,False,False,False,False,False,0.0,0.0,0.0,0.0,,
2,1347,2023-09-23T08:00:05+00:00,1.0,19,False,False,False,False,False,0.0,0.0,0.0,0.0,,
2,1348,2023-09-23T08:55:03+00:00,1.0,14,False,False,False,False,False,0.0,0.0,0.0,0.0,,
2,1349,2023-09-23T09:50:05+00:00,1.0,17,False,False,False,False,False,0.0,0.0,0.0,0.0,,
2,1350,2023-09-23T10:45:02+00:00,1.0,22,False,False,False,False,False,0.0,0.0,0.0,0.091,,
2,1351,2023-09-23T11:40:05+00:00,1.0,22,False,False,False,False,False,0.0,0.0,0.0,0.0,,
2,1352,2023-09-23T12:35:03+00:00,1.0,22,False,False,False,False,False,0.0,0.0,0.01,0.073,,
2,1353,2023-09-23T13:30:05+00:00,1.0,22,False,False,False,False,False,0.0,0.0,0.0,0.0,,
2,1354,2023-09-23T14:25:03+00:00,1.0,22,False,False,False,False,False,0.0,0.0,0.256,0.522,,
2,1355,2023-09-23T15:20:05+00:00,1.0,22,False,False,False,False,True,0.0,0.422,0.68,0.709,,
2,1356,2023-09-23T16:15:03+00:00,1.0,22,False,False,False,True,True,0.02,0.299,0.406,0.47,,
2,1357,2023-09-23T17:10:05+00:00,1.0,22,True,True,True,True,True,0.995,1.0,1.0,1.0,,
2,1358,2023-09-23T18:05:02+00:00,1.0,22,False,True,True,True,True,0.0,0.781,0.963,0.97,,
2,1359,2023-09-23T19:00:05+00:00,1.0,22,True,True,True,True,True,1.0,1.0,1.0,1.0,,
2,1360,2023-09-23T19:55:03+00:00,1.0,22,False,False,False,True,True,0.743,1.0,1.0,1.0,,
2,1361,2023-09-23T20:50:05+00:00,1.0,22,True,True,True,True,True,1.0,1.0,1.0,1.0,,
2,1362,2023-09-23T21:45:03+00:00,1.0,22,True,True,True,True,True,1.0,1.0,1.0,1.0,,
2,1363,2023-09-23T22:40:05+00:00,1.0,22,True,True,True,True,True,1.0,1.0,1.0,1.0,,
2,1364,2023-09-23T23:35:02+00:00,1.0,22,True,True,True,True,True,1.0,1.0,1.0,1.0,,
2,1365,2023-09-24T00:30:05+00:00,1.0,22,True,True,True,True,True,1.0,1.0,1.0,1.0,,
2,1366,2023-09-24T01:25:02+00:00,1.0,22,True,True,True,True,True,1.0,1.0,1.0,1.0,,
2,1367,2023-09-24T02:20:05+00:00,1.0,22,False,True,True,True,False,0.0,0.0,0.0,0.0,,
2,1368,2023-09-24T03:15:02+00:00,1.0,22,False,False,False,False,False,0.0,0.0,0.0,0.0,,
2,1369,2023-09-24T04:10:07+00:00,1.0,22,False,False,False,False,False,0.0,0.0,0.0,0.0,,
2,1370,2023-09-24T05:05:03+00:00,1.0,22,False,False,False,False,False,0.0,0.0,0.0,0.008,,
2,1371,2023-09-24T06:00:05+00:00,1.0,22,False,False,False,False,False,0.0,0.0,0.0,0.0,,
2,1372,2023-09-24T06:55:02+00:00,1.0,22,False,False,False,False,False,0.0,0.0,0.278,0.278,,
2,1373,2023-09-24T07:50:05+00:00,1.0,22,False,False,False,True,False,0.0,0.0,0.0,0.0,,
2,1374,2023-09-24T08:45:03+00:00,1.0,22,True,True,True,True,True,1.0,1.0,1.0,1.0,,
2,1375,2023-09-24T09:40:06+00:00,1.0,21,True,False,False,False,False,0.0,0.0,0.0,0.1,,
2,1376,2023-09-24T10:35:03+00:00,1.0,10,False,False,False,False,False,0.0,0.0,0.0,0.0,,
2,1377,2023-09-24T11:30:05+00:00,1.0,10,False,False,False,False,False,0.0,0.0,0.0,0.0,,
2,1378,2023-09-24T12:25:03+00:00,1.0,21,False,False,False,False,False,0.0,0.0,0.0,0.0,,
2,1379,2023-09-24T13:20:05+00:00,1.0,22,False,False,False,False,False,0.0,0.0,0.0,0.0,,
2,1380,2023-09-24T14:15:03+00:00,1.0,22,False,False,False,False,False,0.0,0.0,0.0,0.0,,
2,1381,2023-09-24T15:10:05+00:00,1.0,22,False,False,False,False,False,0.0,0.0,0.0,0.0,,
2,1382,2023-09-24T16:05:02+00:00,1.0,22,False,False,False,False,False,0.0,0.0,0.001,0.001,,
2,1383,2023-09-24T17:00:05+00:00,1.0,22,False,False,False,False,False,0.0,0.0,0.046,0.054,,
2,1384,2023-09-24T17:55:02+00:00,1.0,22,False,False,False,False,False,0.0,0.0,0.0,0.0,,
2,1385,2023-09-24T18:50:05+00:00,1.0,22,False,False,False,False,False,0.0,0.0,0.0,0.0,,
2,1386,2023-09-24T19:45:03+00:00,1.0,22,False,False,False,False,False,0.0,0.0,0.0,0.0,,
2,1387,2023-09-24T20:40:05+00:00,1.0,22,False,False,False,False,False,0.0,0.0,0.0,0.0,,
2,1388,2023-09-24T21:35:02+00:00,1.0,22,False,False,False,False,False,0.0,0.0,0.0,0.0,,
2,1389,2023-09-24T22:30:05+00:00,1.0,22,False,False,False,False,False,0.0,0.0,0.151,0.403,,
2,1390,2023-09-24T23:25:02+00:00,1.0,22,False,False,False,False,False,0.0,0.0,0.0,0.0,,
2,1391,2023-09-25T00:20:05+00:00,1.0,22,False,False,False,False,False,0.0,0.0,0.0,0.02,,
2,1392,2023-09-25T01:15:02+00:00,1.0,22,False,False,False,False,False,0.0,0.0,0.0,0.0,,
2,1393,2023-09-25T02:10:08+00:00,1.0,22,False,False,False,False,False,0.0,0.0,0.0,0.0,,
2,1394,2023-09-25T03:05:03+00:00,1.0,22,False,False,False,False,False,0.0,0.0,0.0,0.0,,
2,1395,2023-09-25T04:00:05+00:00,1.0,22,False,False,False,False,False,0.0,0.0,0.0,0.046,,
2,1396,2023-09-25T04:55:02+00:00,1.0,22,False,False,False,False,True,0.0,0.299,0.299,0.315,,
2,1397,2023-09-25T05:50:05+00:00,1.0,22,False,False,False,False,True,0.0,0.277,0.376,0.376,,
2,1398,2023-09-25T06:45:03+00:00,1.0,22,False,False,False,True,True,1.0,1.0,1.0,1.0,,
2,1399,2023-09-25T07:40:05+00:00,1.0,22,True,True,True,True,True,1.0,1.0,1.0,1.0,,
2,1400,2023-09-25T08:35:02+00:00,1.0,22,True,True,True,True,True,1.0,1.0,1.0,1.0,,
2,1401,2023-09-25T09:30:05+00:00,1.0,22,True,True,True,True,True,0.0,0.084,0.382,0.515,,
2,1402,2023-09-25T10:25:03+00:00,1.0,22,True,True,True,True,True,1.0,1.0,1.0,1.0,,
2,1403,2023-09-25T11:20:05+00:00,1.0,22,True,True,True,True,True,1.0,1.0,1.0,1.0,,
2,1404,2023-09-25T12:15:03+00:00,1.0,22,True,True,True,True,True,1.0,1.0,1.0,1.0,,
2,1405,2023-09-25T13:10:05+00:00,1.0,22,True,True,True,True,True,1.0,1.0,1.0,1.0,,
2,1406,2023-09-25T14:05:03+00:00,1.0,22,True,True,True,True,True,1.0,1.0,1.0,1.0,,
2,1407,2023-09-25T15:00:05+00:00,1.0,22,True,True,True,True,True,1.0,1.0,1.0,1.0,,
2,1408,2023-09-25T15:55:02+00:00,1.0,22,True,True,True,True,True,1.0,1.0,1.0,1.0,,
2,1409,2023-09-25T16:50:05+00:00,1.0,22,True,True,True,True,True,1.0,1.0,1.0,1.0,,
2,1410,2023-09-25T17:45:03+00:00,1.0,22,True,True,True,True,True,1.0,1.0,1.0,1.0,,
2,1411,2023-09-25T18:40:05+00:00,1.0,22,False,False,False,False,False,0.0,0.0,0.01,0.215,,
2,1412,2023-09-25T19:35:03+00:00,1.0,22,False,False,False,False,False,0.0,0.0,0.395,0.399,,
2,1413,2023-09-25T20:30:05+00:00,1.0,22,False,False,False,False,False,0.0,0.0,0.0,0.0,,
2,1414,2023-09-25T21:25:02+00:00,1.0,22,False,False,False,False,False,0.0,0.0,0.0,0.0,,
2,1415,2023-09-25T22:20:05+00:00,1.0,22,False,False,False,False,False,0.0,0.0,0.01,0.01,,
2,1416,2023-09-25T23:15:03+00:00,1.0,22,False,False,False,False,False,0.0,0.0,0.003,0.005,,
2,1417,2023-09-26T00:10:08+00:00,1.0,12,False,False,False,False,False,0.0,0.0,0.016,0.016,,
2,1418,2023-09-26T01:05:02+00:00,1.0,1,False,False,False,False,False,0.0,0.0,0.0,0.0,,
2,1419,2023-09-26T05:40:05+00:00,1.0,5,False,False,False,False,False,0.0,0.0,0.0,0.0,,
2,1420,2023-09-26T06:35:03+00:00,1.0,5,False,False,False,False,False,0.0,0.0,0.0,0.0,,
2,1421,2023-09-26T10:15:02+00:00,1.0,9,False,False,False,False,False,0.0,0.0,0.0,0.037,,
2,1422,2023-09-26T11:10:05+00:00,1.0,20,False,False,False,False,False,0.0,0.0,0.0,0.341,,
2,1423,2023-09-26T12:05:03+00:00,1.0,20,False,False,False,False,False,0.0,0.252,0.403,0.403,,
2,1424,2023-09-26T13:00:05+00:00,1.0,9,False,False,False,False,False,0.0,0.0,0.0,0.0,,
2,1425,2023-09-26T13:55:03+00:00,1.0,2,False,False,False,False,False,0.0,0.0,0.0,0.0,,
2,1426,2023-09-26T14:50:05+00:00,1.0,2,False,False,False,False,False,0.0,0.0,0.0,0.0,,
2,1427,2023-09-28T16:35:03+00:00,20.0,0,False,False,False,False,False,0.0,0.0,0.0,0.0,,
2,1428,2023-09-29T10:00:05+00:00,20.0,0,False,False,False,False,False,0.0,0.0,0.0,0.0,,
2,1429,2023-09-30T22:40:05+00:00,20.0,0,False,False,False,False,False,0.0,0.0,0.0,0.0,,
2,1430,2023-10-01T14:15:03+00:00,20.0,0,False,False,False,False,False,0.0,0.0,0.0,0.0,,
2,1431,2023-10-03T08:25:03+00:00,20.0,0,False,False,False,False,False,0.0,0.0,0.0,0.0,,
2,1432,2023-10-04T14:40:05+00:00,20.0,0,False,False,False,False,False,0.0,0.0,0.0,0.0,,
2,1433,2023-10-05T11:45:03+00:00,1.0,9,False,False,False,False,False,0.0,0.0,0.0,0.0,,
2,1434,2023-10-05T12:40:05+00:00,1.0,20,False,False,False,False,False,0.0,0.0,0.0,0.0,,
2,1435,2023-10-05T13:35:02+00:00,1.0,22,False,False,False,False,False,0.0,0.0,0.0,0.0,,
2,1436,2023-10-05T14:30:05+00:00,1.0,22,False,False,False,False,False,0.0,0.0,0.0,0.0,,
2,1437,2023-10-05T15:25:03+00:00,1.0,22,False,False,False,False,False,0.0,0.0,0.0,0.0,,
2,1438,2023-10-05T16:20:05+00:00,1.0,22,False,False,False,False,False,0.0,0.0,0.0,0.0,,
2,1439,2023-10-05T17:15:03+00:00,1.0,22,False,False,False,False,False,0.0,0.0,0.0,0.0,,
2,1440,2023-10-05T18:10:08+00:00,1.0,17,False,False,False,False,False,0.0,0.0,0.0,0.0,,
2,1441,2023-10-05T19:05:03+00:00,1.0,6,False,False,False,False,False,0.0,0.0,0.0,0.0,,
2,1442,2023-10-06T00:35:03+00:00,1.0,4,False,False,False,False,False,0.0,0.0,0.0,0.0,,
2,1443,2023-10-06T01:30:05+00:00,1.0,15,False,False,False,False,False,0.0,0.0,0.0,0.207,,
2,1444,2023-10-06T02:25:03+00:00,1.0,22,False,False,False,False,False,0.0,0.0,0.0,0.0,,
2,1445,2023-10-06T03:20:05+00:00,1.0,22,False,True,True,True,False,0.0,0.0,0.0,0.244,,
2,1446,2023-10-06T04:15:03+00:00,1.0,15,False,False,False,False,False,0.0,0.0,0.0,0.0,,
2,1447,2023-10-06T05:10:05+00:00,1.0,4,False,False,False,False,False,0.0,0.0,0.0,0.0,,
2,1448,2023-10-06T07:00:05+00:00,20.0,0,False,False,False,False,False,0.0,0.0,0.0,0.0,,
2,1449,2023-10-06T07:55:02+00:00,20.0,0,False,False,False,False,False,0.0,0.0,0.0,0.0,,
2,1450,2023-10-06T09:45:02+00:00,20.0,0,False,False,False,False,False,0.0,0.0,0.0,0.0,,
2,1451,2023-10-06T17:05:03+00:00,20.0,0,False,False,False,False,False,0.0,0.0,0.0,0.0,,
2,1452,2023-10-07T00:45:03+00:00,20.0,0,False,False,False,False,False,0.0,0.0,0.0,0.0,,
2,1453,2023-10-07T17:00:05+00:00,20.0,0,False,False,False,False,False,0.0,0.0,0.0,0.0,,
2,1454,2023-10-08T08:00:05+00:00,20.0,0,False,False,False,False,False,0.0,0.0,0.0,0.0,,
2,1455,2023-10-10T02:55:03+00:00,20.0,0,False,False,False,False,False,0.0,0.0,0.0,0.0,,
2,1456,2023-10-10T14:15:03+00:00,1.0,6,False,False,False,False,False,0.0,0.0,0.0,0.0,,
2,1457,2023-10-10T15:10:05+00:00,1.0,14,False,False,False,False,False,0.0,0.0,0.0,0.0,,
2,1458,2023-10-10T16:05:02+00:00,1.0,8,False,False,False,False,False,0.0,0.0,0.0,0.0,,
2,1459,2023-10-10T17:55:05+00:00,1.0,6,False,False,False,False,False,0.0,0.0,0.0,0.0,,
2,1460,2023-10-10T18:50:05+00:00,1.0,17,False,False,False,False,False,0.0,0.0,0.0,0.0,,
2,1461,2023-10-10T19:45:02+00:00,1.0,22,False,False,False,False,False,0.0,0.0,0.0,0.004,,
2,1462,2023-10-10T20:40:05+00:00,1.0,22,False,False,False,False,False,0.0,0.0,0.0,0.0,,
2,1463,2023-10-10T21:35:03+00:00,1.0,22,False,False,False,False,False,0.0,0.0,0.008,0.244,,
2,1464,2023-10-10T22:30:05+00:00,1.0,17,False,False,False,False,False,0.0,0.0,0.013,0.028,,
2,1465,2023-10-10T23:25:02+00:00,1.0,6,False,False,False,False,False,0.054,0.054,0.054,0.054,,
2,1466,2023-10-12T04:45:02+00:00,20.0,0,False,False,False,False,False,0.0,0.0,0.0,0.0,,
2,1467,2023-10-12T14:50:05+00:00,20.0,0,False,False,False,False,False,0.0,0.0,0.0,0.0,,
2,1468,2023-10-12T16:40:05+00:00,20.0,0,False,False,False,False,False,0.0,0.0,0.0,0.0,,
2,1469,2023-10-13T10:05:02+00:00,20.0,0,False,False,False,False,False,0.0,0.0,0.0,0.0,,
2,1470,2023-10-14T05:20:05+00:00,20.0,0,False,False,False,False,False,0.0,0.0,0.0,0.0,,
2,1471,2023-10-15T03:20:05+00:00,20.0,0,False,False,False,False,False,0.0,0.0,0.0,0.0,,
2,1472,2023-10-15T07:55:03+00:00,20.0,0,False,False,False,False,False,0.0,0.0,0.0,0.0,,
2,1473,2023-10-16T10:35:02+00:00,20.0,0,False,False,False,False,False,0.0,0.0,0.0,0.0,,
2,1474,2023-10-16T14:15:02+00:00,1.0,2,False,False,False,False,False,0.0,0.0,0.0,0.0,,
2,1475,2023-10-16T15:10:05+00:00,1.0,13,False,False,False,False,False,0.0,0.0,0.0,0.0,,
2,1476,2023-10-16T16:05:02+00:00,1.0,21,False,False,False,False,False,0.0,0.0,0.0,0.0,,
2,1477,2023-10-16T17:00:05+00:00,1.0,21,False,False,False,False,False,0.0,0.0,0.0,0.0,,
2,1478,2023-10-16T17:55:03+00:00,1.0,22,False,False,False,False,False,0.0,0.0,0.0,0.0,,
2,1479,2023-10-16T18:50:05+00:00,1.0,22,False,False,False,False,False,0.0,0.0,0.0,0.0,,
2,1480,2023-10-16T19:45:03+00:00,1.0,22,False,False,False,False,False,0.0,0.0,0.0,0.046,,
2,1481,2023-10-16T20:40:05+00:00,1.0,22,False,False,False,False,False,0.0,0.132,0.33,0.33,,
2,1482,2023-10-16T21:35:03+00:00,1.0,21,False,False,False,False,False,0.0,0.0,0.0,0.034,,
2,1483,2023-10-16T22:30:05+00:00,1.0,14,False,False,False,False,False,0.0,0.0,0.0,0.0,,
2,1484,2023-10-16T23:25:03+00:00,1.0,15,False,False,False,False,False,0.0,0.0,0.0,0.0,,
2,1485,2023-10-17T00:20:05+00:00,1.0,22,False,False,False,False,False,0.0,0.0,0.0,0.0,,
2,1486,2023-10-17T01:15:03+00:00,1.0,22,False,False,False,False,False,0.0,0.0,0.016,0.368,,
2,1487,2023-10-17T02:10:07+00:00,1.0,22,False,False,False,False,False,0.0,0.0,0.08,0.13,,
2,1488,2023-10-17T03:05:03+00:00,1.0,22,False,False,True,True,True,0.288,0.948,0.948,0.956,,
2,1489,2023-10-17T04:00:05+00:00,1.0,22,True,True,True,True,True,1.0,1.0,1.0,1.0,,
2,1490,2023-10-17T04:55:03+00:00,1.0,22,True,True,True,True,True,1.0,1.0,1.0,1.0,,
2,1491,2023-10-17T05:50:05+00:00,1.0,22,True,True,True,True,False,0.0,0.003,0.038,0.217,,
2,1492,2023-10-17T06:45:02+00:00,1.0,22,True,True,True,True,True,1.0,1.0,1.0,1.0,,
2,1493,2023-10-17T07:40:05+00:00,1.0,22,True,True,True,True,True,0.393,0.862,0.872,0.892,,
2,1494,2023-10-17T08:35:03+00:00,1.0,22,True,True,True,True,True,1.0,1.0,1.0,1.0,,
2,1495,2023-10-17T09:30:05+00:00,1.0,22,True,True,True,True,True,1.0,1.0,1.0,1.0,,
2,1496,2023-10-17T10:25:02+00:00,1.0,22,True,True,True,True,True,1.0,1.0,1.0,1.0,,
2,1497,2023-10-17T11:20:05+00:00,1.0,17,True,False,False,False,True,1.0,1.0,1.0,1.0,,
2,1498,2023-10-17T12:15:03+00:00,1.0,6,False,False,False,False,False,0.0,0.0,0.0,0.0,,
2,1499,2023-10-18T20:25:03+00:00,1.0,1,False,False,False,False,False,0.0,0.0,0.0,0.0,,
3,1500,2023-10-18T21:20:05+00:00,1.0,12,False,False,False,False,False,0.0,0.0,0.0,0.0,,
3,1501,2023-10-18T22:15:03+00:00,1.0,22,False,False,False,False,False,0.0,0.0,0.0,0.0,,
3,1502,2023-10-18T23:10:05+00:00,1.0,22,False,False,False,False,False,0.0,0.0,0.0,0.0,,
3,1503,2023-10-19T00:05:03+00:00,1.0,22,False,True,True,True,True,0.755,1.0,1.0,1.0,,
3,1504,2023-10-19T01:00:05+00:00,1.0,22,False,False,True,True,False,0.0,0.0,0.0,0.0,,
3,1505,2023-10-19T01:55:03+00:00,1.0,22,True,False,False,False,True,0.26,0.612,0.612,0.612,,
3,1506,2023-10-19T02:50:06+00:00,1.0,22,False,False,False,False,False,0.0,0.0,0.0,0.0,,
3,1507,2023-10-19T03:45:03+00:00,1.0,22,False,False,False,False,False,0.0,0.0,0.0,0.0,,
3,1508,2023-10-19T04:40:05+00:00,1.0,18,False,False,False,False,False,0.0,0.0,0.0,0.0,,
3,1509,2023-10-19T05:35:02+00:00,1.0,18,False,False,False,False,False,0.0,0.0,0.0,0.0,,
3,1510,2023-10-19T06:30:05+00:00,1.0,22,False,False,False,False,False,0.0,0.0,0.0,0.0,,
3,1511,2023-10-19T07:25:02+00:00,1.0,22,False,False,False,False,False,0.0,0.0,0.02,0.385,,
3,1512,2023-10-19T08:20:05+00:00,1.0,22,False,False,False,False,False,0.0,0.0,0.45,0.803,,
3,1513,2023-10-19T09:15:03+00:00,1.0,22,False,True,True,True,True,0.703,0.703,0.739,0.82,,
3,1514,2023-10-19T10:10:07+00:00,1.0,22,False,False,True,True,False,0.0,0.0,0.282,0.794,,
3,1515,2023-10-19T11:05:03+00:00,1.0,22,True,True,True,True,True,1.0,1.0,1.0,1.0,,
3,1516,2023-10-19T12:00:05+00:00,1.0,12,False,False,False,False,False,0.0,0.0,0.0,0.001,,
3,1517,2023-10-19T12:55:02+00:00,1.0,1,False,False,False,False,False,0.0,0.0,0.0,0.0,,
3,1518,2023-10-19T15:40:05+00:00,1.0,1,False,False,False,False,False,0.0,0.0,0.0,0.0,,
3,1519,2023-10-19T16:35:03+00:00,1.0,8,False,False,False,False,False,0.0,0.0,0.026,0.034,,
3,1520,2023-10-19T17:30:05+00:00,1.0,12,False,False,False,False,False,0.0,0.0,0.0,0.0,,
3,1521,2023-10-19T18:25:03+00:00,1.0,16,False,False,False,False,False,0.0,0.0,0.0,0.0,,
3,1522,2023-10-19T19:20:05+00:00,1.0,22,False,False,False,False,False,0.0,0.0,0.0,0.0,,
3,1523,2023-10-19T20:15:02+00:00,1.0,22,False,False,False,False,False,0.0,0.0,0.0,0.0,,
3,1524,2023-10-19T21:10:05+00:00,1.0,22,False,False,True,True,False,0.0,0.02,0.056,0.312,,
3,1525,2023-10-19T22:05:03+00:00,1.0,22,False,True,True,True,False,0.0,0.0,0.009,0.009,,
3,1526,2023-10-19T23:00:05+00:00,1.0,22,False,False,False,False,False,0.0,0.0,0.0,0.001,,
3,1527,2023-10-19T23:55:02+00:00,1.0,22,False,False,False,False,False,0.0,0.0,0.0,0.0,,
3,1528,2023-10-20T00:50:05+00:00,1.0,14,False,False,False,False,False,0.0,0.0,0.0,0.0,,
3,1529,2023-10-20T01:45:02+00:00,1.0,13,False,False,False,False,False,0.0,0.0,0.0,0.0,,
3,1530,2023-10-20T02:40:05+00:00,1.0,12,False,False,False,False,False,0.0,0.0,0.0,0.0,,
3,1531,2023-10-20T03:35:03+00:00,1.0,2,False,False,False,False,False,0.0,0.0,0.0,0.0,,
3,1532,2023-10-20T20:05:02+00:00,1.0,4,False,False,False,False,False,0.0,0.0,0.0,0.02,,
3,1533,2023-10-20T21:00:05+00:00,1.0,15,False,False,False,False,False,0.0,0.0,0.0,0.0,,
3,1534,2023-10-20T21:55:03+00:00,1.0,22,False,False,False,False,False,0.0,0.0,0.0,0.046,,
3,1535,2023-10-20T22:50:06+00:00,1.0,22,False,False,False,False,False,0.0,0.0,0.091,0.208,,
3,1536,2023-10-20T23:45:03+00:00,1.0,22,False,False,False,True,False,0.0,0.0,0.416,0.619,,
3,1537,2023-10-21T00:40:05+00:00,1.0,22,False,False,True,True,True,0.435,1.0,1.0,1.0,,
3,1538,2023-10-21T01:35:03+00:00,1.0,22,False,True,True,True,True,1.0,1.0,1.0,1.0,,
3,1539,2023-10-21T02:30:05+00:00,1.0,22,False,True,True,True,False,0.0,0.007,0.828,0.844,,
3,1540,2023-10-21T03:25:02+00:00,1.0,22,True,True,True,True,True,1.0,1.0,1.0,1.0,,
3,1541,2023-10-21T04:20:05+00:00,1.0,22,True,True,True,True,False,0.0,0.0,0.003,0.102,,
3,1542,2023-10-21T05:15:02+00:00,1.0,22,True,True,True,True,True,1.0,1.0,1.0,1.0,,
3,1543,2023-10-21T06:10:08+00:00,1.0,22,True,True,True,True,True,1.0,1.0,1.0,1.0,,
3,1544,2023-10-21T07:05:03+00:00,1.0,22,True,True,True,True,True,1.0,1.0,1.0,1.0,,
3,1545,2023-10-21T08:00:05+00:00,1.0,22,True,True,True,True,False,0.0,0.0,0.548,0.663,,
3,1546,2023-10-21T08:55:02+00:00,1.0,22,True,True,True,True,True,1.0,1.0,1.0,1.0,,
3,1547,2023-10-21T09:50:05+00:00,1.0,22,True,True,True,True,True,0.946,0.946,0.97,0.972,,
3,1548,2023-10-21T10:45:03+00:00,1.0,22,True,True,True,True,True,1.0,1.0,1.0,1.0,,
3,1549,2023-10-21T11:40:05+00:00,1.0,22,True,True,True,True,True,1.0,1.0,1.0,1.0,,
3,1550,2023-10-21T12:35:02+00:00,1.0,22,True,True,True,True,False,0.0,0.032,0.079,0.135,,
3,1551,2023-10-21T13:30:05+00:00,1.0,22,False,False,True,True,False,0.0,0.849,0.938,0.951,,
3,1552,2023-10-21T14:25:02+00:00,1.0,22,True,True,True,True,True,1.0,1.0,1.0,1.0,,
3,1553,2023-10-21T15:20:05+00:00,1.0,22,True,True,True,True,True,1.0,1.0,1.0,1.0,,
3,1554,2023-10-21T16:15:03+00:00,1.0,22,True,True,True,True,True,1.0,1.0,1.0,1.0,,
3,1555,2023-10-21T17:10:05+00:00,1.0,22,True,True,True,True,True,1.0,1.0,1.0,1.0,,
3,1556,2023-10-21T18:05:03+00:00,1.0,22,True,True,True,True,True,1.0,1.0,1.0,1.0,,
3,1557,2023-10-21T19:00:05+00:00,1.0,22,True,True,True,True,True,1.0,1.0,1.0,1.0,,
3,1558,2023-10-21T19:55:02+00:00,1.0,22,True,True,True,True,True,1.0,1.0,1.0,1.0,,
3,1559,2023-10-21T20:50:05+00:00,1.0,22,True,True,True,True,True,1.0,1.0,1.0,1.0,,
3,1560,2023-10-21T21:45:02+00:00,1.0,22,True,True,True,True,True,1.0,1.0,1.0,1.0,,
3,1561,2023-10-21T22:40:05+00:00,1.0,22,False,True,True,True,False,0.0,0.0,0.0,0.0,,
3,1562,2023-10-21T23:35:03+00:00,1.0,22,False,False,False,False,True,0.0,0.126,0.299,0.313,,
3,1563,2023-10-22T00:30:05+00:00,1.0,22,False,False,False,False,False,0.0,0.0,0.0,0.207,,
3,1564,2023-10-22T01:25:03+00:00,1.0,22,False,False,False,False,False,0.0,0.0,0.0,0.034,,
3,1565,2023-10-22T02:20:05+00:00,1.0,22,False,False,False,False,False,0.0,0.0,0.0,0.0,,
3,1566,2023-10-22T03:15:03+00:00,1.0,22,False,False,False,False,False,0.0,0.0,0.0,0.0,,
3,1567,2023-10-22T04:10:08+00:00,1.0,22,False,False,False,False,False,0.0,0.0,0.0,0.0,,
3,1568,2023-10-22T05:05:02+00:00,1.0,12,False,False,False,False,False,0.0,0.0,0.0,0.0,,
3,1569,2023-10-22T06:00:05+00:00,1.0,1,False,False,False,False,False,0.0,0.0,0.0,0.0,,
3,1570,2023-10-22T06:55:03+00:00,1.0,10,False,False,False,False,False,0.0,0.0,0.0,0.0,,
3,1571,2023-10-22T07:50:05+00:00,1.0,11,False,False,False,False,False,0.0,0.0,0.0,0.0,,
3,1572,2023-10-22T08:45:02+00:00,1.0,1,False,False,False,False,False,0.0,0.0,0.014,0.034,,
3,1573,2023-10-23T02:10:08+00:00,20.0,0,False,False,False,False,False,0.0,0.0,0.0,0.0,,
3,1574,2023-10-23T14:05:02+00:00,20.0,0,False,False,False,False,False,0.0,0.0,0.0,0.0,,
3,1575,2023-10-23T15:55:02+00:00,20.0,0,False,False,False,False,False,0.0,0.0,0.0,0.0,,
3,1576,2023-10-23T21:25:03+00:00,20.0,0,False,False,False,False,False,0.0,0.0,0.0,0.0,,
3,1577,2023-10-24T15:55:02+00:00,1.0,6,False,False,False,False,False,0.0,0.0,0.0,0.0,,
3,1578,2023-10-24T16:50:05+00:00,1.0,17,False,False,False,False,False,0.0,0.0,0.0,0.0,,
3,1579,2023-10-24T17:45:03+00:00,1.0,22,False,False,False,False,False,0.0,0.0,0.0,0.042,,
3,1580,2023-10-24T18:40:05+00:00,1.0,22,False,False,False,False,False,0.0,0.061,0.409,0.516,,
3,1581,2023-10-24T19:35:03+00:00,1.0,22,False,False,False,True,True,0.0,0.64,0.786,0.843,,
3,1582,2023-10-24T20:30:05+00:00,1.0,22,False,False,False,False,False,0.0,0.0,0.341,0.51,,
3,1583,2023-10-24T21:25:03+00:00,1.0,22,False,False,True,True,True,0.288,1.0,1.0,1.0,,
3,1584,2023-10-24T22:20:05+00:00,1.0,22,True,True,True,True,True,1.0,1.0,1.0,1.0,,
3,1585,2023-10-24T23:15:03+00:00,1.0,22,True,True,True,True,True,1.0,1.0,1.0,1.0,,
3,1586,2023-10-25T00:10:08+00:00,1.0,22,True,True,True,True,False,0.0,0.0,0.132,0.394,,
3,1587,2023-10-25T01:05:02+00:00,1.0,22,False,False,False,False,True,0.605,0.626,0.751,0.756,,
3,1588,2023-10-25T02:00:05+00:00,1.0,22,False,False,False,False,False,0.0,0.4,0.506,0.506,,
3,1589,2023-10-25T02:55:02+00:00,1.0,22,False,False,False,False,False,0.0,0.0,0.007,0.007,,
3,1590,2023-10-25T03:50:05+00:00,1.0,22,False,False,False,False,True,0.0,0.0,0.261,0.47,,
3,1591,2023-10-25T04:45:02+00:00,1.0,22,False,False,False,False,False,0.0,0.0,0.173,0.577,,
3,1592,2023-10-25T05:40:05+00:00,1.0,22,False,False,False,False,True,0.06,0.126,0.731,0.732,,
3,1593,2023-10-25T06:35:03+00:00,1.0,22,False,False,False,False,True,0.482,0.482,0.579,0.649,,
3,1594,2023-10-25T07:30:05+00:00,1.0,22,False,False,False,True,True,0.328,0.41,0.616,0.616,,
3,1595,2023-10-25T08:25:02+00:00,1.0,22,False,False,False,False,True,0.0,0.261,0.299,0.299,,
3,1596,2023-10-25T09:20:05+00:00,1.0,22,False,False,False,False,False,0.0,0.0,0.0,0.008,,
3,1597,2023-10-25T10:15:03+00:00,1.0,22,False,False,False,True,False,0.0,0.0,0.0,0.061,,
3,1598,2023-10-25T11:10:05+00:00,1.0,22,False,True,True,True,False,0.0,0.0,0.0,0.137,,
3,1599,2023-10-25T12:05:03+00:00,1.0,22,True,True,True,True,True,1.0,1.0,1.0,1.0,,
3,1600,2023-10-25T13:00:05+00:00,1.0,22,False,False,False,False,False,0.0,0.0,0.001,0.055,,
3,1601,2023-10-25T13:55:03+00:00,1.0,22,False,False,False,False,False,0.0,0.0,0.0,0.0,,
3,1602,2023-10-25T14:50:05+00:00,1.0,22,False,False,False,True,True,0.0,0.937,0.955,0.962,,
3,1603,2023-10-25T15:45:02+00:00,1.0,22,True,True,True,True,False,0.0,0.0,0.0,0.02,,
3,1604,2023-10-25T16:40:05+00:00,1.0,22,False,False,False,True,False,0.0,0.0,0.242,0.595,,
3,1605,2023-10-25T17:35:02+00:00,1.0,22,False,True,True,True,True,0.562,0.562,0.562,0.562,,
3,1606,2023-10-25T18:30:05+00:00,1.0,22,True,False,True,True,False,0.0,0.0,0.0,0.008,,
3,1607,2023-10-25T19:25:03+00:00,1.0,22,False,False,False,False,False,0.0,0.0,0.0,0.0,,
3,1608,2023-10-25T20:20:06+00:00,1.0,22,False,False,False,True,True,0.488,0.946,0.946,0.954,,
3,1609,2023-10-25T21:15:03+00:00,1.0,22,True,True,True,True,False,0.054,0.054,0.054,0.054,,
3,1610,2023-10-25T22:10:08+00:00,1.0,13,False,False,False,False,False,0.0,0.0,0.0,0.0,,
3,1611,2023-10-25T23:05:03+00:00,1.0,2,False,False,False,False,False,0.0,0.0,0.0,0.0,,
3,1612,2023-10-26T01:50:05+00:00,1.0,5,True,True,True,True,True,1.0,1.0,1.0,1.0,,
3,1613,2023-10-26T02:45:02+00:00,1.0,11,False,False,False,False,False,0.0,0.0,0.0,0.02,,
3,1614,2023-10-26T03:40:05+00:00,1.0,6,False,False,False,False,False,0.0,0.0,0.0,0.0,,
3,1615,2023-10-26T04:35:03+00:00,1.0,4,False,False,False,False,True,0.0,0.299,0.299,0.299,,
3,1616,2023-10-26T05:30:05+00:00,1.0,14,False,False,False,False,False,0.0,0.0,0.0,0.0,,
3,1617,2023-10-26T06:25:03+00:00,1.0,21,False,False,False,False,False,0.0,0.0,0.0,0.0,,
3,1618,2023-10-26T07:20:05+00:00,1.0,22,False,False,False,False,False,0.0,0.0,0.0,0.0,,
3,1619,2023-10-26T08:15:02+00:00,1.0,22,False,False,False,False,False,0.0,0.0,0.0,0.0,,
3,1620,2023-10-26T09:10:05+00:00,1.0,22,False,False,False,False,False,0.0,0.0,0.0,0.0,,
3,1621,2023-10-26T10:05:03+00:00,1.0,22,False,False,False,False,False,0.0,0.0,0.891,0.892,,
3,1622,2023-10-26T11:00:05+00:00,1.0,22,False,False,False,False,False,0.0,0.0,0.0,0.0,,
3,1623,2023-10-26T11:55:03+00:00,1.0,22,False,False,False,False,False,0.0,0.0,0.0,0.0,,
3,1624,2023-10-26T12:50:05+00:00,1.0,22,False,False,False,False,False,0.0,0.0,0.0,0.0,,
3,1625,2023-10-26T13:45:03+00:00,1.0,22,False,False,False,False,False,0.0,0.0,0.0,0.0,,
3,1626,2023-10-26T14:40:05+00:00,1.0,22,False,False,False,False,False,0.0,0.04,0.045,0.045,,
3,1627,2023-10-26T15:35:02+00:00,1.0,13,False,False,False,False,False,0.0,0.0,0.001,0.042,,
3,1628,2023-10-26T16:30:04+00:00,1.0,2,False,False,False,False,False,0.0,0.005,0.009,0.009,,
3,1629,2023-10-26T17:25:03+00:00,1.0,1,False,False,False,True,False,0.0,0.0,0.0,0.0,,
3,1630,2023-10-26T18:20:05+00:00,1.0,12,True,True,True,True,False,0.0,0.0,0.0,0.008,,
3,1631,2023-10-26T19:15:02+00:00,1.0,14,True,True,True,True,True,0.299,0.299,0.299,0.299,,
3,1632,2023-10-26T20:10:07+00:00,1.0,3,False,False,False,False,True,0.0,0.02,0.261,0.261,,
3,1633,2023-10-26T21:05:03+00:00,1.0,6,False,False,False,False,False,0.0,0.0,0.0,0.0,,
3,1634,2023-10-26T22:00:05+00:00,1.0,17,False,False,False,False,False,0.0,0.0,0.0,0.0,,
3,1635,2023-10-26T22:55:02+00:00,1.0,22,False,False,False,False,False,0.0,0.0,0.0,0.0,,
3,1636,2023-10-26T23:50:05+00:00,1.0,22,False,False,False,False,False,0.0,0.0,0.0,0.0,,
3,1637,2023-10-27T00:45:03+00:00,1.0,22,False,False,False,False,False,0.0,0.0,0.0,0.0,,
3,1638,2023-10-27T01:40:05+00:00,1.0,22,False,False,False,False,False,0.0,0.0,0.0,0.0,,
3,1639,2023-10-27T02:35:02+00:00,1.0,17,False,False,False,False,False,0.0,0.0,0.0,0.0,,
3,1640,2023-10-27T03:30:05+00:00,1.0,6,False,False,False,False,False,0.0,0.0,0.0,0.0,,
3,1641,2023-10-27T04:25:03+00:00,1.0,5,False,False,False,False,False,0.0,0.139,0.159,0.159,,
3,1642,2023-10-27T05:20:05+00:00,1.0,16,False,False,False,False,False,0.0,0.0,0.0,0.244,,
3,1643,2023-10-27T06:15:03+00:00,1.0,22,False,False,False,False,False,0.0,0.0,0.0,0.0,,
3,1644,2023-10-27T07:10:05+00:00,1.0,22,False,False,False,True,False,0.0,0.0,0.0,0.0,,
3,1645,2023-10-27T08:05:02+00:00,1.0,22,True,True,True,True,True,1.0,1.0,1.0,1.0,,
3,1646,2023-10-27T09:00:05+00:00,1.0,22,False,False,False,False,True,0.036,0.2,0.913,0.913,,
3,1647,2023-10-27T09:55:03+00:00,1.0,22,False,False,False,False,True,0.0,0.275,0.436,0.568,,
3,1648,2023-10-27T10:50:05+00:00,1.0,22,False,False,False,False,False,0.0,0.153,0.156,0.156,,
3,1649,2023-10-27T11:45:03+00:00,1.0,22,False,False,False,False,False,0.0,0.0,0.002,0.022,,
3,1650,2023-10-27T12:40:05+00:00,1.0,22,False,False,False,False,False,0.0,0.0,0.02,0.02,,
3,1651,2023-10-27T13:35:02+00:00,1.0,22,False,False,False,False,False,0.0,0.0,0.0,0.0,,
3,1652,2023-10-27T14:30:05+00:00,1.0,22,False,False,False,False,False,0.064,0.137,0.162,0.193,,
3,1653,2023-10-27T15:25:03+00:00,1.0,22,False,False,False,False,False,0.0,0.0,0.0,0.0,,
3,1654,2023-10-27T16:20:05+00:00,1.0,22,False,False,False,False,False,0.0,0.0,0.059,0.111,,
3,1655,2023-10-27T17:15:03+00:00,1.0,22,False,False,False,False,False,0.0,0.0,0.047,0.09,,
3,1656,2023-10-27T18:10:07+00:00,1.0,22,False,False,False,False,False,0.0,0.0,0.024,0.173,,
3,1657,2023-10-27T19:05:03+00:00,1.0,22,False,False,False,False,True,0.0,0.934,1.0,1.0,,
3,1658,2023-10-27T20:00:05+00:00,1.0,22,False,False,False,False,True,0.326,0.326,0.326,0.326,,
3,1659,2023-10-27T20:55:02+00:00,1.0,21,False,False,False,False,False,0.0,0.0,0.0,0.0,,
3,1660,2023-10-27T21:50:05+00:00,1.0,14,False,False,False,False,False,0.0,0.0,0.0,0.0,,
3,1661,2023-10-27T22:45:02+00:00,1.0,4,False,False,False,False,False,0.0,0.0,0.0,0.0,,
3,1662,2023-10-28T01:30:05+00:00,1.0,11,False,False,False,False,False,0.0,0.0,0.0,0.0,,
3,1663,2023-10-28T02:25:02+00:00,1.0,22,False,False,False,False,False,0.0,0.0,0.0,0.0,,
3,1664,2023-10-28T03:20:05+00:00,1.0,22,False,False,False,False,False,0.0,0.0,0.0,0.0,,
3,1665,2023-10-28T04:15:02+00:00,1.0,22,False,False,False,False,False,0.0,0.0,0.403,0.403,,
3,1666,2023-10-28T05:10:05+00:00,1.0,22,False,False,False,False,False,0.0,0.0,0.0,0.0,,
3,1667,2023-10-28T06:05:02+00:00,1.0,22,False,False,False,False,False,0.0,0.0,0.0,0.0,,
3,1668,2023-10-28T07:00:05+00:00,1.0,19,False,False,False,False,False,0.0,0.0,0.0,0.0,,
3,1669,2023-10-28T07:55:02+00:00,1.0,19,False,False,False,False,False,0.0,0.0,0.0,0.0,,
3,1670,2023-10-28T08:50:05+00:00,1.0,22,False,False,False,False,False,0.0,0.0,0.0,0.0,,
3,1671,2023-10-28T09:45:02+00:00,1.0,22,False,False,False,False,False,0.0,0.0,0.0,0.0,,
3,1672,2023-10-28T10:40:05+00:00,1.0,22,False,False,False,False,False,0.0,0.0,0.0,0.0,,
3,1673,2023-10-28T11:35:02+00:00,1.0,22,False,False,False,False,False,0.0,0.0,0.0,0.0,,
3,1674,2023-10-28T12:30:05+00:00,1.0,20,False,False,False,False,False,0.0,0.0,0.0,0.0,,
3,1675,2023-10-28T13:25:03+00:00,1.0,9,False,False,False,False,False,0.0,0.0,0.0,0.0,,
3,1676,2023-10-28T23:30:05+00:00,1.0,2,False,False,False,False,False,0.0,0.0,0.0,0.0,,
3,1677,2023-10-29T00:25:02+00:00,1.0,6,False,False,False,False,False,0.0,0.0,0.008,0.098,,
3,1678,2023-10-29T01:20:05+00:00,1.0,8,False,False,False,False,False,0.0,0.0,0.0,0.0,,
3,1679,2023-10-29T02:15:03+00:00,1.0,4,False,False,False,False,True,0.0,0.0,0.891,0.891,,
3,1680,2023-10-29T10:00:05+00:00,20.0,0,False,False,False,False,False,0.0,0.0,0.0,0.0,,
3,1681,2023-10-30T22:40:05+00:00,1.0,5,False,False,False,False,False,0.0,0.0,0.0,0.0,,
3,1682,2023-10-30T23:35:03+00:00,1.0,16,False,False,False,False,False,0.0,0.0,0.0,0.0,,
3,1683,2023-10-31T00:30:05+00:00,1.0,16,False,False,False,False,False,0.0,0.0,0.0,0.0,,
3,1684,2023-10-31T01:25:03+00:00,1.0,9,False,False,False,False,False,0.0,0.0,0.0,0.0,,
3,1685,2023-10-31T02:20:05+00:00,1.0,15,False,False,False,False,False,0.0,0.0,0.0,0.0,,
3,1686,2023-10-31T03:15:02+00:00,1.0,22,False,False,False,False,False,0.0,0.0,0.0,0.0,,
3,1687,2023-10-31T04:10:08+00:00,1.0,20,False,False,False,False,False,0.0,0.0,0.001,0.003,,
3,1688,2023-10-31T05:05:02+00:00,1.0,9,False,False,False,False,False,0.0,0.0,0.0,0.0,,
3,1689,2023-10-31T06:00:05+00:00,1.0,8,False,False,False,False,False,0.0,0.0,0.0,0.0,,
3,1690,2023-10-31T06:55:02+00:00,1.0,19,False,False,False,False,False,0.0,0.0,0.0,0.0,,
3,1691,2023-10-31T07:50:05+00:00,1.0,22,False,False,False,True,False,0.0,0.0,0.0,0.0,,
3,1692,2023-10-31T08:45:03+00:00,1.0,22,False,True,True,True,False,0.0,0.0,0.0,0.0,,
3,1693,2023-10-31T11:10:05+00:00,1.0,22,False,True,True,True,False,0.0,0.054,0.697,0.784,,
3,1694,2023-10-31T12:05:02+00:00,1.0,22,False,False,False,False,True,0.705,0.792,0.792,0.796,,
3,1695,2023-10-31T13:00:05+00:00,1.0,22,False,False,False,False,True,0.045,0.5,0.527,0.527,,
3,1696,2023-10-31T13:55:03+00:00,1.0,22,False,False,False,False,True,0.0,0.187,0.299,0.299,,
3,1697,2023-10-31T14:50:05+00:00,1.0,22,False,False,True,True,True,0.632,0.715,0.89,0.901,,
3,1698,2023-10-31T15:45:02+00:00,1.0,22,True,True,True,True,True,1.0,1.0,1.0,1.0,,
3,1699,2023-10-31T16:40:05+00:00,1.0,22,True,True,True,True,True,1.0,1.0,1.0,1.0,,
3,1700,2023-10-31T17:35:02+00:00,1.0,22,True,True,True,True,False,0.0,0.0,0.153,0.153,,
3,1701,2023-10-31T18:30:05+00:00,1.0,22,False,False,False,False,True,1.0,1.0,1.0,1.0,,
3,1702,2023-10-31T19:25:02+00:00,1.0,22,False,False,False,False,False,0.0,0.0,0.0,0.0,,
3,1703,2023-10-31T20:20:05+00:00,1.0,22,False,False,False,False,False,0.0,0.0,0.0,0.0,,
3,1704,2023-10-31T21:15:02+00:00,1.0,22,False,False,False,False,False,0.0,0.0,0.0,0.037,,
3,1705,2023-10-31T22:10:07+00:00,1.0,18,False,False,False,False,False,0.0,0.0,0.0,0.0,,
3,1706,2023-10-31T23:05:03+00:00,1.0,7,False,False,False,False,False,0.0,0.0,0.0,0.0,,
3,1707,2023-11-01T14:40:05+00:00,1.0,10,False,False,False,False,False,0.0,0.0,0.0,0.0,,
3,1708,2023-11-01T15:35:03+00:00,1.0,21,False,False,False,False,False,0.0,0.0,0.0,0.0,,
3,1709,2023-11-01T16:30:05+00:00,1.0,22,False,False,False,False,False,0.0,0.0,0.0,0.244,,
3,1710,2023-11-02T13:50:05+00:00,20.0,0,False,False,False,True,False,0.0,0.0,0.0,0.0,,
3,1711,2023-11-02T16:35:03+00:00,1.0,5,False,False,False,False,False,0.0,0.0,0.0,0.0,,
3,1712,2023-11-02T17:30:05+00:00,1.0,5,False,False,False,False,False,0.0,0.0,0.0,0.0,,
3,1713,2023-11-02T19:20:05+00:00,1.0,11,False,False,False,False,False,0.0,0.0,0.0,0.0,,
3,1714,2023-11-02T20:15:02+00:00,1.0,22,False,False,False,False,False,0.0,0.0,0.0,0.0,,
3,1715,2023-11-02T21:10:05+00:00,1.0,22,False,True,True,True,False,0.0,0.0,0.0,0.0,,
3,1716,2023-11-02T22:05:02+00:00,1.0,22,False,False,False,False,True,0.717,0.717,0.717,0.717,,
3,1717,2023-11-02T23:00:05+00:00,1.0,22,False,True,True,True,False,0.0,0.137,0.153,0.153,,
3,1718,2023-11-02T23:55:02+00:00,1.0,18,False,False,False,False,True,0.83,0.83,0.839,0.839,,
3,1719,2023-11-03T00:50:05+00:00,1.0,7,False,False,False,False,False,0.0,0.0,0.0,0.0,,
3,1720,2023-11-03T01:45:02+00:00,1.0,1,False,False,False,False,False,0.0,0.0,0.0,0.0,,
3,1721,2023-11-03T02:40:05+00:00,1.0,12,False,False,False,True,False,0.0,0.0,0.0,0.0,,
3,1722,2023-11-03T03:35:03+00:00,1.0,22,True,False,False,True,True,1.0,1.0,1.0,1.0,,
3,1723,2023-11-03T04:30:05+00:00,1.0,22,True,True,True,True,True,1.0,1.0,1.0,1.0,,
3,1724,2023-11-03T05:25:03+00:00,1.0,22,False,False,True,True,False,0.0,0.0,0.086,0.123,,
3,1725,2023-11-03T06:20:05+00:00,1.0,16,True,True,True,True,True,1.0,1.0,1.0,1.0,,
3,1726,2023-11-03T07:15:03+00:00,1.0,9,False,False,False,False,False,0.0,0.0,0.0,0.0,,
3,1727,2024-02-09T21:15:03+00:00,1.0,2,False,False,False,False,False,0.0,0.0,0.0,0.0,,
3,1728,2024-02-09T22:10:07+00:00,1.0,13,False,False,False,True,False,0.0,0.0,0.0,0.0,,
3,1729,2024-02-09T23:05:02+00:00,1.0,22,False,False,False,True,False,0.0,0.0,0.054,0.054,,
3,1730,2024-02-10T00:00:05+00:00,1.0,22,False,False,False,False,False,0.106,0.106,0.106,0.106,,
3,1731,2024-02-10T00:55:02+00:00,1.0,22,False,False,False,False,True,0.0,0.008,0.827,0.897,,
3,1732,2024-02-10T01:50:05+00:00,1.0,22,False,False,False,True,False,0.0,0.0,0.013,0.014,,
3,1733,2024-02-10T02:45:02+00:00,1.0,22,False,True,True,True,False,0.0,0.0,0.0,0.043,,
3,1734,2024-02-10T03:40:05+00:00,1.0,22,False,False,True,True,False,0.054,0.054,0.073,0.104,,
3,1735,2024-02-10T04:35:02+00:00,1.0,22,False,False,False,False,False,0.0,0.0,0.589,0.701,,
3,1736,2024-02-10T05:30:05+00:00,1.0,22,False,False,False,False,False,0.0,0.0,0.0,0.0,,
3,1737,2024-02-10T06:25:03+00:00,1.0,22,False,False,False,False,False,0.0,0.0,0.0,0.0,,
3,1738,2024-02-10T07:20:05+00:00,1.0,22,False,False,False,True,False,0.0,0.0,0.0,0.0,,
3,1739,2024-02-10T08:15:03+00:00,1.0,22,False,True,True,True,True,0.107,0.946,0.962,0.962,,
3,1740,2024-02-10T09:10:05+00:00,1.0,22,False,False,False,False,False,0.0,0.0,0.253,0.335,,
3,1741,2024-02-10T10:05:03+00:00,1.0,22,False,False,False,False,False,0.0,0.005,0.195,0.591,,
3,1742,2024-02-10T12:35:02+00:00,1.0,22,False,False,False,False,False,0.0,0.0,0.0,0.014,,
3,1743,2024-02-10T13:30:05+00:00,1.0,22,False,False,False,True,False,0.0,0.034,0.054,0.054,,
3,1744,2024-02-10T14:25:02+00:00,1.0,22,True,True,True,True,False,0.0,0.0,0.0,0.0,,
3,1745,2024-02-10T15:20:05+00:00,1.0,22,True,True,True,True,True,0.0,0.0,0.738,0.75,,
3,1746,2024-02-10T16:15:03+00:00,1.0,22,False,True,True,True,False,0.0,0.0,0.0,0.0,,
3,1747,2024-02-10T17:10:05+00:00,1.0,22,True,True,True,True,False,0.0,0.057,0.173,0.635,,
3,1748,2024-02-10T18:05:02+00:00,1.0,22,True,True,True,True,True,1.0,1.0,1.0,1.0,,
3,1749,2024-02-10T19:00:05+00:00,1.0,22,True,True,True,True,True,0.037,0.759,0.849,0.85,,
3,1750,2024-02-10T19:55:03+00:00,1.0,22,True,True,True,True,True,1.0,1.0,1.0,1.0,,
3,1751,2024-02-10T20:50:05+00:00,1.0,22,True,True,True,True,True,1.0,1.0,1.0,1.0,,
3,1752,2024-02-10T21:45:02+00:00,1.0,22,True,True,True,True,True,1.0,1.0,1.0,1.0,,
3,1753,2024-02-10T22:40:05+00:00,1.0,22,True,True,True,True,True,1.0,1.0,1.0,1.0,,
3,1754,2024-02-10T23:35:03+00:00,1.0,22,True,True,True,True,False,0.0,0.242,0.735,0.735,,
3,1755,2024-02-11T00:30:05+00:00,1.0,22,True,True,True,True,False,0.0,0.02,0.152,0.237,,
3,1756,2024-02-11T01:25:03+00:00,1.0,22,True,True,True,True,False,0.0,0.062,0.141,0.398,,
3,1757,2024-02-11T02:20:05+00:00,1.0,22,False,True,True,True,True,0.403,0.403,0.403,0.435,,
3,1758,2024-02-11T03:15:03+00:00,1.0,22,False,False,False,False,False,0.0,0.023,0.031,0.034,,
3,1759,2024-02-11T04:10:08+00:00,1.0,22,False,False,True,True,False,0.0,0.0,0.058,0.059,,
3,1760,2024-02-11T05:05:03+00:00,1.0,22,True,True,True,True,False,0.0,0.0,0.054,0.054,,
3,1761,2024-02-11T06:00:05+00:00,1.0,22,True,True,True,True,True,0.0,0.088,0.306,0.811,,
3,1762,2024-02-11T06:55:03+00:00,1.0,22,True,True,True,True,True,1.0,1.0,1.0,1.0,,
3,1763,2024-02-11T07:50:05+00:00,1.0,22,True,True,True,True,False,0.0,0.003,0.094,0.493,,
3,1764,2024-02-11T08:45:03+00:00,1.0,22,True,False,False,False,True,0.0,0.397,0.499,0.575,,
3,1765,2024-02-11T09:40:05+00:00,1.0,22,False,False,False,False,False,0.0,0.0,0.047,0.058,,
3,1766,2024-02-11T10:35:02+00:00,1.0,22,False,False,False,False,True,0.0,0.647,0.746,0.944,,
3,1767,2024-02-11T11:30:05+00:00,1.0,22,False,False,True,True,False,0.0,0.0,0.006,0.008,,
3,1768,2024-02-11T12:25:03+00:00,1.0,22,True,True,True,True,True,1.0,1.0,1.0,1.0,,
3,1769,2024-02-11T13:20:05+00:00,1.0,22,False,False,False,False,False,0.0,0.0,0.207,0.259,,
3,1770,2024-02-11T14:15:02+00:00,1.0,22,False,False,False,False,False,0.0,0.014,0.035,0.136,,
3,1771,2024-02-11T15:10:05+00:00,1.0,22,False,False,False,False,False,0.0,0.0,0.032,0.057,,
3,1772,2024-02-11T16:05:03+00:00,1.0,22,False,False,False,False,False,0.0,0.035,0.16,0.177,,
3,1773,2024-02-11T17:00:05+00:00,1.0,22,False,False,False,True,False,0.0,0.0,0.131,0.309,,
3,1774,2024-02-11T17:55:02+00:00,1.0,22,True,True,True,True,True,0.946,0.946,0.946,0.946,,
3,1775,2024-02-11T18:50:05+00:00,1.0,22,False,True,True,True,False,0.0,0.0,0.153,0.245,,
3,1776,2024-02-11T19:45:03+00:00,1.0,22,True,True,True,True,False,0.0,0.0,0.008,0.008,,
3,1777,2024-02-11T20:40:05+00:00,1.0,22,True,True,True,True,True,0.87,1.0,1.0,1.0,,
3,1778,2024-02-11T21:35:03+00:00,1.0,22,True,True,True,True,True,1.0,1.0,1.0,1.0,,
3,1779,2024-02-11T22:30:05+00:00,1.0,22,True,True,True,True,True,1.0,1.0,1.0,1.0,,
3,1780,2024-02-11T23:25:03+00:00,1.0,22,True,True,True,True,True,1.0,1.0,1.0,1.0,,
3,1781,2024-02-12T00:20:05+00:00,1.0,22,False,True,True,True,False,0.0,0.663,0.78,0.863,,
3,1782,2024-02-12T01:15:03+00:00,1.0,22,False,True,True,True,False,0.0,0.0,0.0,0.0,,
3,1783,2024-02-12T02:10:08+00:00,1.0,22,True,True,True,True,False,0.0,0.0,0.0,0.0,,
3,1784,2024-02-12T03:05:03+00:00,1.0,22,True,True,True,True,False,0.0,0.0,0.005,0.005,,
3,1785,2024-02-12T04:00:05+00:00,1.0,22,True,True,True,True,False,0.008,0.016,0.016,0.016,,
3,1786,2024-02-12T04:55:03+00:00,1.0,22,False,False,False,False,True,1.0,1.0,1.0,1.0,,
3,1787,2024-02-12T05:50:05+00:00,1.0,22,False,False,True,True,False,0.0,0.0,0.0,0.0,,
3,1788,2024-02-12T06:45:03+00:00,1.0,22,True,True,True,True,True,1.0,1.0,1.0,1.0,,
3,1789,2024-02-12T07:40:05+00:00,1.0,22,True,True,True,True,False,0.0,0.0,0.0,0.008,,
3,1790,2024-02-12T08:35:02+00:00,1.0,22,True,True,True,True,True,1.0,1.0,1.0,1.0,,
3,1791,2024-02-12T09:30:05+00:00,1.0,22,False,False,False,True,False,0.0,0.0,0.001,0.001,,
3,1792,2024-02-12T10:25:02+00:00,1.0,22,False,True,True,True,True,1.0,1.0,1.0,1.0,,
3,1793,2024-02-12T11:20:05+00:00,1.0,22,False,False,False,True,False,0.0,0.0,0.0,0.0,,
3,1794,2024-02-12T12:15:02+00:00,1.0,22,False,False,False,False,False,0.0,0.0,0.0,0.0,,
3,1795,2024-02-12T13:10:05+00:00,1.0,22,False,False,False,False,False,0.0,0.0,0.0,0.0,,
3,1796,2024-02-12T14:05:03+00:00,1.0,22,False,False,False,False,False,0.0,0.0,0.048,0.06,,
3,1797,2024-02-12T15:00:05+00:00,1.0,22,False,False,False,False,False,0.0,0.0,0.02,0.02,,
3,1798,2024-02-12T15:55:03+00:00,1.0,22,False,False,False,False,False,0.0,0.0,0.0,0.008,,
3,1799,2024-02-12T16:50:05+00:00,1.0,22,False,False,False,False,False,0.0,0.0,0.0,0.061,,
3,1800,2024-02-12T17:45:03+00:00,1.0,22,False,False,False,False,False,0.0,0.0,0.0,0.0,,
3,1801,2024-02-12T18:40:05+00:00,1.0,22,False,False,False,False,False,0.0,0.0,0.0,0.0,,
3,1802,2024-02-12T19:35:02+00:00,1.0,22,False,False,False,False,False,0.0,0.0,0.0,0.0,,
3,1803,2024-02-12T20:30:05+00:00,1.0,22,False,False,False,False,False,0.0,0.0,0.0,0.0,,
3,1804,2024-02-12T21:25:03+00:00,1.0,22,False,False,False,False,False,0.0,0.0,0.0,0.0,,
3,1805,2024-02-12T22:20:05+00:00,1.0,22,False,False,False,False,True,0.097,0.957,0.957,0.957,,
3,1806,2024-02-12T23:15:03+00:00,1.0,22,False,False,False,False,False,0.0,0.0,0.003,0.004,,
3,1807,2024-02-13T00:10:08+00:00,1.0,22,False,False,False,False,False,0.0,0.0,0.0,0.0,,
3,1808,2024-02-13T01:05:03+00:00,1.0,22,False,False,False,False,False,0.0,0.0,0.0,0.046,,
3,1809,2024-02-13T02:00:05+00:00,1.0,11,False,False,False,False,False,0.0,0.0,0.0,0.0,,
3,1810,2024-02-13T02:55:03+00:00,20.0,0,False,False,False,False,False,0.0,0.0,0.0,0.0,,
3,1811,2024-02-13T03:50:05+00:00,1.0,1,False,False,False,False,False,0.0,0.0,0.0,0.0,,
3,1812,2024-02-13T04:45:03+00:00,1.0,12,False,False,False,False,False,0.0,0.0,0.0,0.0,,
3,1813,2024-02-13T05:40:05+00:00,1.0,22,False,False,False,False,False,0.0,0.0,0.0,0.0,,
3,1814,2024-02-13T06:35:03+00:00,1.0,22,False,False,False,False,False,0.0,0.0,0.0,0.0,,
3,1815,2024-02-13T07:30:05+00:00,1.0,22,False,False,False,False,False,0.0,0.0,0.0,0.0,,
3,1816,2024-02-13T08:25:03+00:00,1.0,22,False,False,False,False,False,0.0,0.0,0.0,0.0,,
3,1817,2024-02-13T09:20:05+00:00,1.0,18,False,False,False,False,False,0.0,0.0,0.0,0.008,,
3,1818,2024-02-13T10:15:03+00:00,1.0,8,False,False,False,False,False,0.0,0.0,0.0,0.0,,
3,1819,2024-02-13T11:10:05+00:00,1.0,1,False,False,False,False,False,0.0,0.0,0.0,0.0,,
3,1820,2024-02-13T13:00:05+00:00,1.0,2,False,False,False,False,False,0.0,0.0,0.0,0.0,,
3,1821,2024-02-13T13:55:02+00:00,1.0,8,False,False,False,False,False,0.0,0.0,0.0,0.0,,
3,1822,2024-02-13T14:50:05+00:00,1.0,6,False,False,False,False,False,0.0,0.0,0.0,0.0,,
3,1823,2024-02-13T17:35:03+00:00,1.0,2,False,False,False,False,False,0.0,0.0,0.0,0.0,,
3,1824,2024-02-13T18:30:05+00:00,1.0,8,False,False,False,False,False,0.0,0.0,0.0,0.0,,
3,1825,2024-02-13T19:25:03+00:00,1.0,7,False,False,False,False,False,0.0,0.0,0.0,0.0,,
3,1826,2024-02-13T20:20:05+00:00,1.0,1,False,False,False,False,False,0.0,0.0,0.0,0.0,,
3,1827,2024-02-13T21:15:03+00:00,20.0,0,False,False,False,False,False,0.0,0.0,0.0,0.0,,
3,1828,2024-02-13T23:05:02+00:00,20.0,0,False,False,False,False,False,0.0,0.0,0.0,0.0,,
3,1829,2024-02-14T19:15:03+00:00,20.0,0,False,False,False,False,False,0.0,0.0,0.0,0.0,,
3,1830,2024-02-15T11:45:03+00:00,20.0,0,False,False,False,False,False,0.0,0.0,0.0,0.0,,
3,1831,2024-02-15T19:05:02+00:00,20.0,0,False,False,False,False,False,0.0,0.0,0.0,0.0,,
3,1832,2024-02-17T02:15:03+00:00,20.0,0,False,False,False,False,False,0.0,0.0,0.0,0.0,,
3,1833,2024-02-17T13:15:03+00:00,20.0,0,False,False,False,False,False,0.0,0.0,0.0,0.0,,
3,1834,2024-02-18T02:05:03+00:00,20.0,0,False,False,False,False,False,0.0,0.0,0.0,0.0,,
3,1835,2024-02-19T15:45:02+00:00,20.0,0,False,False,False,False,False,0.0,0.0,0.0,0.0,,
3,1836,2024-02-19T23:05:03+00:00,1.0,7,False,False,False,False,False,0.0,0.0,0.0,0.0,,
3,1837,2024-02-20T00:00:05+00:00,1.0,18,False,False,False,False,False,0.0,0.0,0.0,0.0,,
3,1838,2024-02-20T00:55:02+00:00,1.0,22,False,False,False,False,False,0.0,0.0,0.0,0.0,,
3,1839,2024-02-20T01:50:05+00:00,1.0,22,False,False,False,False,False,0.0,0.0,0.0,0.402,,
3,1840,2024-02-20T02:45:03+00:00,1.0,22,False,False,False,False,False,0.0,0.0,0.0,0.0,,
3,1841,2024-02-20T03:40:05+00:00,1.0,21,False,False,False,False,False,0.0,0.0,0.0,0.0,,
3,1842,2024-02-20T04:35:02+00:00,1.0,10,False,False,False,False,False,0.0,0.0,0.0,0.0,,
3,1843,2024-02-20T22:55:03+00:00,20.0,0,False,False,False,False,False,0.0,0.0,0.0,0.0,,
3,1844,2024-02-21T02:35:02+00:00,20.0,0,False,False,False,False,False,0.0,0.0,0.0,0.0,,
3,1845,2024-02-21T05:20:05+00:00,20.0,0,False,False,False,False,False,0.0,0.0,0.0,0.0,,
3,1846,2024-02-21T08:05:03+00:00,20.0,0,False,False,False,False,False,0.0,0.0,0.0,0.0,,
3,1847,2024-02-22T23:45:03+00:00,1.0,6,False,False,False,False,False,0.0,0.0,0.0,0.0,,
3,1848,2024-02-23T00:40:05+00:00,1.0,8,False,False,False,True,False,0.0,0.0,0.241,0.278,,
3,1849,2024-02-23T01:35:02+00:00,1.0,13,False,True,True,True,False,0.0,0.0,0.0,0.0,,
3,1850,2024-02-23T02:30:05+00:00,1.0,22,False,False,False,False,False,0.0,0.0,0.0,0.0,,
3,1851,2024-02-23T03:25:03+00:00,1.0,22,False,False,False,False,False,0.0,0.0,0.0,0.0,,
3,1852,2024-02-23T04:20:05+00:00,1.0,22,False,False,False,False,False,0.0,0.0,0.0,0.0,,
3,1853,2024-02-23T05:15:03+00:00,1.0,22,False,False,False,False,False,0.0,0.0,0.0,0.0,,
3,1854,2024-02-23T06:10:07+00:00,1.0,22,False,False,False,False,False,0.0,0.0,0.0,0.0,,
3,1855,2024-02-23T11:15:03+00:00,1.0,22,False,False,False,True,False,0.0,0.0,0.004,0.005,,
3,1856,2024-02-23T12:10:07+00:00,1.0,22,True,True,True,True,False,0.0,0.0,0.054,0.054,,
3,1857,2024-02-23T13:05:02+00:00,1.0,22,False,False,False,False,False,0.0,0.0,0.0,0.008,,
3,1858,2024-02-23T14:00:05+00:00,1.0,22,False,False,True,True,False,0.0,0.0,0.004,0.005,,
3,1859,2024-02-23T17:25:03+00:00,1.0,22,False,False,False,False,True,0.299,0.448,0.454,0.454,,
3,1860,2024-02-23T18:20:05+00:00,1.0,22,False,False,False,False,True,0.0,0.459,0.647,0.647,,
3,1861,2024-02-23T19:15:03+00:00,1.0,22,False,True,True,True,False,0.0,0.0,0.0,0.0,,
3,1862,2024-02-23T20:10:07+00:00,1.0,22,False,True,True,True,True,0.253,0.299,0.527,0.587,,
3,1863,2024-02-23T22:35:03+00:00,1.0,22,False,False,False,False,True,1.0,1.0,1.0,1.0,,
3,1864,2024-02-23T23:30:05+00:00,1.0,22,False,False,False,False,True,0.039,0.292,0.292,0.325,,
3,1865,2024-02-24T05:45:03+00:00,1.0,22,True,True,True,True,True,0.0,0.187,0.462,0.92,,
3,1866,2024-02-24T06:40:05+00:00,1.0,22,False,True,True,True,True,0.231,0.337,0.775,0.964,,
3,1867,2024-02-24T07:35:03+00:00,1.0,22,False,True,True,True,True,0.66,0.889,0.89,0.89,,
3,1868,2024-02-24T08:30:06+00:00,1.0,22,True,True,True,True,True,1.0,1.0,1.0,1.0,,
3,1869,2024-02-24T09:25:03+00:00,1.0,22,True,True,True,True,True,0.0,0.908,0.971,0.971,,
3,1870,2024-02-24T10:20:06+00:00,1.0,22,True,True,True,True,False,0.0,0.0,0.039,0.244,,
3,1871,2024-02-24T11:15:03+00:00,1.0,22,True,True,True,True,True,0.037,0.8,0.848,0.904,,
3,1872,2024-02-24T12:10:07+00:00,1.0,22,True,True,True,True,False,0.183,0.183,0.183,0.184,,
3,1873,2024-02-24T13:05:02+00:00,1.0,22,True,True,True,True,False,0.0,0.0,0.0,0.129,,
3,1874,2024-02-24T14:00:05+00:00,1.0,22,True,True,True,True,False,0.0,0.029,0.088,0.138,,
3,1875,2024-02-24T14:55:03+00:00,1.0,22,True,True,True,True,True,0.187,0.299,0.414,0.53,,
3,1876,2024-02-24T15:50:05+00:00,1.0,22,True,True,True,True,False,0.0,0.0,0.035,0.152,,
3,1877,2024-02-24T16:45:03+00:00,1.0,22,False,True,True,True,False,0.0,0.0,0.13,0.259,,
3,1878,2024-02-24T17:40:05+00:00,1.0,22,True,True,True,True,True,1.0,1.0,1.0,1.0,,
3,1879,2024-02-24T18:35:03+00:00,1.0,22,False,True,True,True,False,0.0,0.0,0.028,0.063,,
3,1880,2024-02-24T19:30:05+00:00,1.0,22,True,True,True,True,True,1.0,1.0,1.0,1.0,,
3,1881,2024-02-24T20:25:03+00:00,1.0,22,True,True,True,True,True,1.0,1.0,1.0,1.0,,
3,1882,2024-02-24T21:20:05+00:00,1.0,22,True,True,True,True,True,0.551,0.739,0.744,0.832,,
3,1883,2024-02-24T22:15:02+00:00,1.0,22,True,True,True,True,True,1.0,1.0,1.0,1.0,,
3,1884,2024-02-24T23:10:05+00:00,1.0,22,True,True,True,True,True,1.0,1.0,1.0,1.0,,
3,1885,2024-02-25T00:05:03+00:00,1.0,22,True,True,True,True,True,1.0,1.0,1.0,1.0,,
3,1886,2024-02-25T01:00:05+00:00,1.0,22,True,True,True,True,True,1.0,1.0,1.0,1.0,,
3,1887,2024-02-25T01:55:02+00:00,1.0,22,True,True,True,True,False,0.0,0.0,0.046,0.524,,
3,1888,2024-02-25T02:50:05+00:00,1.0,22,False,True,True,True,False,0.0,0.0,0.116,0.153,,
3,1889,2024-02-25T03:45:03+00:00,1.0,22,True,True,True,True,True,1.0,1.0,1.0,1.0,,
3,1890,2024-02-25T04:40:05+00:00,1.0,22,False,False,True,True,False,0.0,0.0,0.0,0.023,,
3,1891,2024-02-25T05:35:03+00:00,1.0,22,False,False,False,True,False,0.004,0.309,0.309,0.545,,
3,1892,2024-02-25T06:30:05+00:00,1.0,22,False,False,False,False,False,0.0,0.091,0.244,0.244,,
3,1893,2024-02-25T07:25:02+00:00,1.0,22,False,False,False,False,False,0.0,0.0,0.0,0.253,,
3,1894,2024-02-25T08:20:05+00:00,1.0,22,False,False,False,False,False,0.0,0.0,0.0,0.408,,
3,1895,2024-02-25T09:15:02+00:00,1.0,22,False,False,False,False,False,0.0,0.0,0.006,0.022,,
3,1896,2024-02-25T10:10:07+00:00,1.0,22,False,False,False,False,False,0.0,0.0,0.0,0.037,,
3,1897,2024-02-25T11:05:03+00:00,1.0,22,False,False,False,False,False,0.0,0.153,0.26,0.275,,
3,1898,2024-02-25T12:00:05+00:00,1.0,22,False,False,False,False,False,0.0,0.0,0.0,0.321,,
3,1899,2024-02-25T12:55:03+00:00,1.0,22,False,False,False,False,False,0.0,0.0,0.0,0.054,,
3,1900,2024-02-25T13:50:05+00:00,1.0,22,False,False,False,False,False,0.0,0.0,0.0,0.0,,
3,1901,2024-02-25T14:45:03+00:00,1.0,22,False,False,False,False,False,0.0,0.0,0.0,0.0,,
3,1902,2024-02-25T15:40:05+00:00,1.0,22,False,False,False,True,False,0.0,0.0,0.0,0.039,,
3,1903,2024-02-25T16:35:02+00:00,1.0,22,True,True,True,True,True,1.0,1.0,1.0,1.0,,
3,1904,2024-02-25T17:30:05+00:00,1.0,22,True,False,False,False,True,1.0,1.0,1.0,1.0,,
3,1905,2024-02-25T18:25:02+00:00,1.0,22,False,True,True,True,False,0.0,0.0,0.207,0.4,,
3,1906,2024-02-25T19:20:05+00:00,1.0,22,False,False,False,True,False,0.0,0.0,0.005,0.009,,
3,1907,2024-02-25T20:15:03+00:00,1.0,22,False,True,True,True,True,0.0,0.655,0.655,0.707,,
3,1908,2024-02-25T21:10:05+00:00,1.0,22,True,False,False,False,False,0.0,0.0,0.0,0.0,,
3,1909,2024-02-25T22:05:03+00:00,1.0,22,False,False,False,False,False,0.0,0.0,0.0,0.0,,
3,1910,2024-02-25T23:00:05+00:00,1.0,22,False,False,False,False,False,0.0,0.0,0.0,0.0,,
3,1911,2024-02-25T23:55:02+00:00,1.0,13,False,False,False,False,False,0.0,0.0,0.0,0.001,,
3,1912,2024-02-26T00:50:05+00:00,1.0,2,False,False,False,False,False,0.0,0.0,0.0,0.0,,
3,1913,2024-02-27T09:50:05+00:00,1.0,9,False,False,False,False,False,0.0,0.0,0.0,0.0,,
3,1914,2024-02-27T10:45:03+00:00,1.0,15,False,False,False,False,False,0.0,0.0,0.0,0.0,,
3,1915,2024-02-27T11:40:05+00:00,1.0,10,False,False,False,False,False,0.0,0.0,0.0,0.0,,
3,1916,2024-02-27T12:35:03+00:00,1.0,15,False,False,False,False,False,0.0,0.0,0.0,0.0,,
3,1917,2024-02-27T13:30:05+00:00,1.0,22,False,False,False,False,False,0.0,0.0,0.0,0.0,,
3,1918,2024-02-27T14:25:03+00:00,1.0,19,False,False,False,False,False,0.0,0.0,0.008,0.008,,
3,1919,2024-02-27T15:20:05+00:00,1.0,8,False,False,False,False,False,0.0,0.0,0.0,0.0,,
3,1920,2024-02-28T17:55:02+00:00,20.0,0,False,False,False,False,False,0.0,0.0,0.0,0.0,,
3,1921,2024-02-28T19:45:03+00:00,1.0,7,False,False,False,False,False,0.0,0.0,0.0,0.0,,
3,1922,2024-02-28T20:40:05+00:00,1.0,18,False,False,False,False,False,0.0,0.0,0.0,0.0,,
3,1923,2024-02-28T21:35:03+00:00,1.0,22,False,False,False,False,False,0.0,0.0,0.0,0.0,,
3,1924,2024-02-28T22:30:05+00:00,1.0,22,False,False,False,False,False,0.0,0.019,0.034,0.035,,
3,1925,2024-02-28T23:25:02+00:00,1.0,22,False,False,False,False,False,0.0,0.058,0.299,0.305,,
3,1926,2024-02-29T00:20:05+00:00,1.0,22,False,False,False,False,False,0.0,0.0,0.162,0.261,,
3,1927,2024-02-29T01:15:02+00:00,1.0,22,False,False,False,False,False,0.0,0.0,0.0,0.0,,
3,1928,2024-02-29T02:10:07+00:00,1.0,22,False,False,False,False,False,0.0,0.0,0.0,0.0,,
3,1929,2024-02-29T03:05:02+00:00,1.0,22,False,False,False,False,False,0.0,0.0,0.0,0.0,,
3,1930,2024-02-29T04:00:05+00:00,1.0,22,False,False,False,False,False,0.0,0.0,0.0,0.0,,
3,1931,2024-02-29T04:55:02+00:00,1.0,22,False,False,False,False,False,0.0,0.0,0.0,0.0,,
3,1932,2024-02-29T05:50:05+00:00,1.0,12,False,False,False,False,False,0.0,0.0,0.0,0.0,,
3,1933,2024-02-29T06:45:03+00:00,1.0,1,False,False,False,False,False,0.0,0.0,0.0,0.0,,
3,1934,2024-02-29T10:25:02+00:00,1.0,4,False,False,False,False,False,0.0,0.0,0.0,0.0,,
3,1935,2024-02-29T11:20:05+00:00,1.0,11,False,False,False,False,False,0.0,0.0,0.0,0.0,,
3,1936,2024-02-29T12:15:03+00:00,1.0,10,False,False,False,False,False,0.0,0.0,0.0,0.0,,
3,1937,2024-02-29T13:10:05+00:00,1.0,14,False,False,False,False,False,0.0,0.0,0.0,0.0,,
3,1938,2024-02-29T14:05:02+00:00,1.0,22,False,False,False,False,False,0.0,0.0,0.0,0.0,,
3,1939,2024-02-29T15:00:05+00:00,1.0,22,False,True,True,True,False,0.0,0.0,0.113,0.617,,
3,1940,2024-02-29T15:55:03+00:00,1.0,22,True,True,True,True,False,0.0,0.0,0.0,0.034,,
3,1941,2024-02-29T16:50:05+00:00,1.0,22,False,False,False,True,False,0.0,0.011,0.011,0.011,,
3,1942,2024-02-29T17:45:03+00:00,1.0,22,True,True,True,True,False,0.0,0.0,0.0,0.0,,
3,1943,2024-02-29T18:40:05+00:00,1.0,22,False,False,True,True,False,0.0,0.0,0.0,0.0,,
3,1944,2024-02-29T19:35:03+00:00,1.0,22,False,True,True,True,True,0.0,0.253,0.936,0.938,,
3,1945,2024-02-29T20:30:05+00:00,1.0,22,False,True,True,True,True,0.375,1.0,1.0,1.0,,
3,1946,2024-02-29T21:25:03+00:00,1.0,22,True,True,True,True,True,1.0,1.0,1.0,1.0,,
3,1947,2024-02-29T22:20:05+00:00,1.0,22,True,False,True,True,False,0.0,0.005,0.043,0.043,,
3,1948,2024-02-29T23:15:02+00:00,1.0,22,False,True,True,True,False,0.0,0.0,0.0,0.0,,
3,1949,2024-03-01T00:10:07+00:00,1.0,22,True,True,True,True,False,0.0,0.0,0.0,0.0,,
3,1950,2024-03-01T01:05:03+00:00,1.0,22,True,True,True,True,True,1.0,1.0,1.0,1.0,,
3,1951,2024-03-01T02:00:05+00:00,1.0,22,True,True,True,True,True,1.0,1.0,1.0,1.0,,
3,1952,2024-03-01T02:55:03+00:00,1.0,22,False,False,False,False,True,0.0,0.099,0.681,0.681,,
3,1953,2024-03-01T03:50:05+00:00,1.0,22,False,False,False,False,False,0.0,0.0,0.0,0.0,,
3,1954,2024-03-01T04:45:03+00:00,1.0,22,False,False,False,False,False,0.0,0.0,0.0,0.0,,
3,1955,2024-03-01T05:40:05+00:00,1.0,22,False,False,False,False,False,0.0,0.0,0.0,0.0,,
3,1956,2024-03-01T06:35:03+00:00,1.0,22,False,False,False,False,False,0.0,0.0,0.0,0.0,,
3,1957,2024-03-01T07:30:05+00:00,1.0,22,False,False,False,False,False,0.0,0.0,0.037,0.037,,
3,1958,2024-03-01T08:25:02+00:00,1.0,22,False,False,False,False,False,0.0,0.0,0.0,0.091,,
3,1959,2024-03-01T09:20:06+00:00,1.0,22,False,False,False,False,False,0.0,0.0,0.011,0.012,,
3,1960,2024-03-01T10:15:03+00:00,1.0,21,False,False,False,False,False,0.0,0.0,0.0,0.008,,
3,1961,2024-03-01T11:10:05+00:00,1.0,11,False,False,False,False,False,0.0,0.0,0.0,0.0,,
3,1962,2024-03-01T12:05:03+00:00,1.0,1,False,False,False,False,False,0.0,0.0,0.0,0.0,,
3,1963,2024-03-01T13:55:03+00:00,20.0,0,False,False,False,False,False,0.0,0.0,0.0,0.0,,
3,1964,2024-03-01T17:35:03+00:00,20.0,0,False,False,False,False,False,0.0,0.0,0.0,0.0,,
3,1965,2024-03-01T22:10:07+00:00,20.0,0,False,False,False,False,False,0.0,0.0,0.0,0.0,,
3,1966,2024-03-01T23:05:02+00:00,1.0,8,False,False,False,False,False,0.0,0.0,0.0,0.0,,
3,1967,2024-03-02T00:00:05+00:00,1.0,19,False,False,False,False,False,0.0,0.0,0.02,0.092,,
3,1968,2024-03-02T00:55:03+00:00,1.0,22,False,False,False,True,False,0.0,0.0,0.091,0.647,,
3,1969,2024-03-02T01:50:06+00:00,1.0,22,True,True,True,True,True,1.0,1.0,1.0,1.0,,
3,1970,2024-03-02T02:45:03+00:00,1.0,22,True,True,True,True,False,0.0,0.0,0.0,0.0,,
3,1971,2024-03-02T05:20:05+00:00,1.0,22,True,True,True,True,True,1.0,1.0,1.0,1.0,,
3,1972,2024-03-02T06:15:02+00:00,1.0,22,True,True,True,True,True,1.0,1.0,1.0,1.0,,
3,1973,2024-03-02T07:10:05+00:00,1.0,22,True,True,True,True,True,1.0,1.0,1.0,1.0,,
3,1974,2024-03-02T08:05:02+00:00,1.0,22,False,False,False,False,False,0.0,0.049,0.049,0.136,,
3,1975,2024-03-02T09:00:05+00:00,1.0,22,False,False,False,False,False,0.0,0.0,0.008,0.299,,
3,1976,2024-03-02T09:55:03+00:00,1.0,22,False,False,False,False,False,0.0,0.008,0.146,0.146,,
3,1977,2024-03-02T10:50:05+00:00,1.0,22,False,False,False,False,False,0.0,0.0,0.0,0.0,,
3,1978,2024-03-02T11:45:02+00:00,1.0,16,False,False,False,False,False,0.0,0.0,0.0,0.008,,
3,1979,2024-03-02T12:40:05+00:00,1.0,8,False,False,False,False,False,0.0,0.0,0.0,0.0,,
3,1980,2024-03-02T13:35:03+00:00,1.0,14,False,False,False,False,False,0.0,0.0,0.0,0.0,,
3,1981,2024-03-02T14:30:05+00:00,1.0,22,False,False,False,False,False,0.0,0.0,0.0,0.0,,
3,1982,2024-03-02T15:25:02+00:00,1.0,21,False,False,False,False,False,0.0,0.0,0.0,0.0,,
3,1983,2024-03-02T16:20:05+00:00,1.0,15,False,False,False,False,False,0.0,0.0,0.0,0.0,,
3,1984,2024-03-02T17:15:03+00:00,1.0,16,False,False,False,False,False,0.0,0.0,0.0,0.0,,
3,1985,2024-03-02T18:10:08+00:00,1.0,22,False,False,False,False,False,0.0,0.0,0.0,0.153,,
3,1986,2024-03-02T19:05:02+00:00,1.0,22,False,False,False,False,False,0.0,0.008,0.054,0.054,,
3,1987,2024-03-02T20:00:05+00:00,1.0,22,False,False,False,False,False,0.0,0.002,0.004,0.096,,
3,1988,2024-03-02T20:55:03+00:00,1.0,22,False,False,False,False,False,0.0,0.0,0.0,0.0,,
3,1989,2024-03-02T21:50:05+00:00,1.0,22,False,False,False,False,False,0.0,0.0,0.0,0.407,,
3,1990,2024-03-02T22:45:03+00:00,1.0,22,False,False,False,False,False,0.0,0.0,0.0,0.091,,
3,1991,2024-03-02T23:40:05+00:00,1.0,22,False,True,True,True,False,0.0,0.135,0.136,0.136,,
3,1992,2024-03-03T00:35:03+00:00,1.0,22,False,False,False,True,True,0.0,0.205,0.674,0.729,,
3,1993,2024-03-03T01:30:05+00:00,1.0,22,True,True,True,True,True,0.701,0.701,0.701,0.701,,
3,1994,2024-03-03T02:25:03+00:00,1.0,22,True,True,True,True,True,1.0,1.0,1.0,1.0,,
3,1995,2024-03-03T03:20:05+00:00,1.0,22,True,True,True,True,True,1.0,1.0,1.0,1.0,,
3,1996,2024-03-03T04:15:02+00:00,1.0,22,True,True,True,True,True,1.0,1.0,1.0,1.0,,
3,1997,2024-03-03T05:10:05+00:00,1.0,22,True,True,True,True,True,1.0,1.0,1.0,1.0,,
3,1998,2024-03-03T06:05:03+00:00,1.0,22,False,False,True,True,False,0.0,0.0,0.0,0.0,,
3,1999,2024-03-03T07:00:05+00:00,1.0,20,False,False,False,False,False,0.0,0.0,0.002,0.01,,
4,2000,2024-03-03T07:55:03+00:00,1.0,9,False,False,False,False,False,0.0,0.0,0.0,0.0,,
4,2001,2024-03-04T02:15:03+00:00,1.0,2,False,False,False,False,False,0.0,0.0,0.02,0.02,,
4,2002,2024-03-04T03:10:05+00:00,1.0,13,False,False,False,False,False,0.0,0.0,0.0,0.0,,
4,2003,2024-03-04T04:05:02+00:00,1.0,22,False,False,False,False,False,0.0,0.0,0.0,0.0,,
4,2004,2024-03-04T05:00:05+00:00,1.0,22,False,False,False,False,False,0.0,0.0,0.0,0.0,,
4,2005,2024-03-04T05:55:03+00:00,1.0,22,False,False,False,False,False,0.0,0.0,0.0,0.0,,
4,2006,2024-03-04T06:50:05+00:00,1.0,22,False,False,False,False,False,0.0,0.0,0.0,0.403,,
4,2007,2024-03-04T07:45:02+00:00,1.0,22,False,False,False,False,False,0.0,0.0,0.0,0.01,,
4,2008,2024-03-04T08:40:05+00:00,1.0,22,False,False,False,False,False,0.0,0.0,0.0,0.0,,
4,2009,2024-03-04T09:35:03+00:00,1.0,22,False,False,False,False,False,0.0,0.0,0.0,0.0,,
4,2010,2024-03-04T10:30:05+00:00,1.0,22,False,False,False,False,False,0.0,0.0,0.008,0.008,,
4,2011,2024-03-04T11:25:02+00:00,1.0,22,False,False,False,False,False,0.0,0.0,0.01,0.067,,
4,2012,2024-03-04T12:20:05+00:00,1.0,22,False,False,False,False,False,0.0,0.0,0.0,0.054,,
4,2013,2024-03-04T13:15:03+00:00,1.0,22,False,False,False,False,False,0.0,0.0,0.0,0.303,,
4,2014,2024-03-04T14:10:07+00:00,1.0,22,False,False,False,False,False,0.0,0.0,0.0,0.0,,
4,2015,2024-03-04T15:05:03+00:00,1.0,22,False,False,False,False,False,0.0,0.0,0.054,0.054,,
4,2016,2024-03-04T16:00:05+00:00,1.0,22,False,False,True,True,False,0.0,0.0,0.029,0.065,,
4,2017,2024-03-04T16:55:03+00:00,1.0,22,False,False,False,True,False,0.0,0.0,0.0,0.0,,
4,2018,2024-03-04T17:50:04+00:00,1.0,22,False,False,False,True,True,0.0,0.647,0.654,0.702,,
4,2019,2024-03-04T18:45:02+00:00,1.0,22,False,False,False,True,False,0.0,0.0,0.0,0.0,,
4,2020,2024-03-04T19:40:05+00:00,1.0,22,False,True,True,True,True,1.0,1.0,1.0,1.0,,
4,2021,2024-03-04T20:35:02+00:00,1.0,22,True,True,True,True,False,0.0,0.0,0.0,0.037,,
4,2022,2024-03-04T21:30:04+00:00,1.0,22,True,True,True,True,True,1.0,1.0,1.0,1.0,,
4,2023,2024-03-04T22:25:03+00:00,1.0,22,False,False,True,True,False,0.0,0.0,0.0,0.0,,
4,2024,2024-03-04T23:20:05+00:00,1.0,22,True,True,True,True,True,1.0,1.0,1.0,1.0,,
4,2025,2024-03-05T00:15:02+00:00,1.0,22,True,True,True,True,True,0.483,0.525,0.956,0.974,,
4,2026,2024-03-05T01:10:05+00:00,1.0,22,True,True,True,True,True,0.941,1.0,1.0,1.0,,
4,2027,2024-03-05T02:05:02+00:00,1.0,22,True,True,True,True,True,1.0,1.0,1.0,1.0,,
4,2028,2024-03-05T03:00:05+00:00,1.0,22,False,True,True,True,False,0.0,0.0,0.0,0.0,,
4,2029,2024-03-05T03:55:02+00:00,1.0,18,False,False,False,False,False,0.0,0.0,0.0,0.0,,
4,2030,2024-03-05T04:50:05+00:00,1.0,7,False,False,False,False,False,0.0,0.0,0.0,0.0,,
4,2031,2024-03-05T09:25:02+00:00,20.0,0,False,False,False,False,False,0.0,0.0,0.0,0.0,,
4,2032,2024-03-05T11:15:02+00:00,1.0,7,False,False,False,False,False,0.0,0.0,0.0,0.0,,
4,2033,2024-03-05T12:10:07+00:00,1.0,18,False,False,False,False,False,0.0,0.0,0.0,0.0,,
4,2034,2024-03-05T13:05:03+00:00,1.0,22,False,False,False,False,False,0.0,0.0,0.0,0.0,,
4,2035,2024-03-05T14:00:05+00:00,1.0,22,False,False,False,False,False,0.0,0.0,0.0,0.0,,
4,2036,2024-03-05T14:55:03+00:00,1.0,22,False,False,False,False,False,0.0,0.0,0.0,0.061,,
4,2037,2024-03-05T15:50:05+00:00,1.0,22,False,False,False,False,False,0.0,0.0,0.0,0.0,,
4,2038,2024-03-05T16:45:03+00:00,1.0,22,False,False,False,False,False,0.0,0.0,0.0,0.008,,
4,2039,2024-03-05T17:40:06+00:00,1.0,19,False,False,False,False,True,0.0,0.0,0.287,0.476,,
4,2040,2024-03-05T18:35:03+00:00,1.0,8,False,False,False,False,False,0.0,0.0,0.0,0.0,,
4,2041,2024-03-06T00:05:03+00:00,1.0,8,False,False,False,False,False,0.0,0.0,0.0,0.0,,
4,2042,2024-03-06T01:00:05+00:00,1.0,19,False,False,False,True,False,0.0,0.0,0.0,0.0,,
4,2043,2024-03-06T01:55:03+00:00,1.0,22,True,True,True,True,True,1.0,1.0,1.0,1.0,,
4,2044,2024-03-06T02:50:05+00:00,1.0,22,False,False,False,False,False,0.0,0.0,0.0,0.299,,
4,2045,2024-03-06T03:45:02+00:00,1.0,22,False,False,False,False,False,0.0,0.0,0.123,0.123,,
4,2046,2024-03-06T04:40:05+00:00,1.0,22,False,False,False,False,False,0.0,0.0,0.011,0.014,,
4,2047,2024-03-06T05:35:02+00:00,1.0,22,False,False,False,False,False,0.0,0.0,0.403,0.407,,
4,2048,2024-03-06T06:30:06+00:00,1.0,22,False,False,False,False,False,0.0,0.056,0.063,0.063,,
4,2049,2024-03-06T07:25:02+00:00,1.0,22,False,False,False,True,False,0.0,0.0,0.0,0.0,,
4,2050,2024-03-06T08:20:05+00:00,1.0,22,False,True,True,True,True,0.701,0.946,0.946,0.946,,
4,2051,2024-03-06T09:15:03+00:00,1.0,22,False,True,True,True,False,0.0,0.004,0.008,0.008,,
4,2052,2024-03-06T10:10:07+00:00,1.0,22,False,False,False,False,True,0.0,0.992,1.0,1.0,,
4,2053,2024-03-06T11:05:03+00:00,1.0,22,False,False,False,True,False,0.0,0.0,0.0,0.265,,
4,2054,2024-03-06T12:00:05+00:00,1.0,22,False,False,False,False,False,0.0,0.0,0.0,0.034,,
4,2055,2024-03-06T12:55:03+00:00,1.0,22,False,False,False,True,False,0.0,0.0,0.0,0.0,,
4,2056,2024-03-06T13:50:05+00:00,1.0,22,True,False,False,False,False,0.0,0.0,0.0,0.0,,
4,2057,2024-03-06T14:45:02+00:00,1.0,22,False,False,False,False,False,0.0,0.0,0.0,0.0,,
4,2058,2024-03-06T15:40:05+00:00,1.0,22,False,False,False,True,False,0.0,0.0,0.0,0.153,,
4,2059,2024-03-06T16:35:03+00:00,1.0,22,True,True,True,True,True,1.0,1.0,1.0,1.0,,
4,2060,2024-03-06T17:30:05+00:00,1.0,22,False,False,False,False,False,0.0,0.0,0.041,0.077,,
4,2061,2024-03-06T18:25:02+00:00,1.0,22,False,False,False,True,False,0.0,0.0,0.0,0.028,,
4,2062,2024-03-06T19:20:05+00:00,1.0,22,True,True,True,True,True,1.0,1.0,1.0,1.0,,
4,2063,2024-03-06T20:15:03+00:00,1.0,22,False,False,True,True,True,0.701,0.701,0.776,0.895,,
4,2064,2024-03-06T21:10:05+00:00,1.0,22,True,True,True,True,True,1.0,1.0,1.0,1.0,,
4,2065,2024-03-06T22:05:02+00:00,1.0,22,True,True,True,True,True,1.0,1.0,1.0,1.0,,
4,2066,2024-03-06T23:00:05+00:00,1.0,22,False,False,False,False,False,0.0,0.0,0.016,0.13,,
4,2067,2024-03-06T23:55:03+00:00,1.0,22,False,False,False,False,False,0.0,0.0,0.0,0.0,,
4,2068,2024-03-07T00:50:05+00:00,1.0,22,False,False,False,False,False,0.0,0.0,0.004,0.157,,
4,2069,2024-03-07T01:45:02+00:00,1.0,22,False,False,False,True,False,0.0,0.0,0.008,0.122,,
4,2070,2024-03-07T02:40:05+00:00,1.0,22,True,True,True,True,True,1.0,1.0,1.0,1.0,,
4,2071,2024-03-07T03:35:03+00:00,1.0,22,True,True,True,True,True,1.0,1.0,1.0,1.0,,
4,2072,2024-03-07T04:30:05+00:00,1.0,22,False,True,True,True,True,1.0,1.0,1.0,1.0,,
4,2073,2024-03-07T05:25:03+00:00,1.0,22,True,True,True,True,True,1.0,1.0,1.0,1.0,,
4,2074,2024-03-07T06:20:05+00:00,1.0,22,True,True,True,True,True,1.0,1.0,1.0,1.0,,
4,2075,2024-03-07T07:15:02+00:00,1.0,22,False,False,False,False,False,0.0,0.0,0.054,0.087,,
4,2076,2024-03-07T08:10:07+00:00,1.0,22,False,False,False,False,False,0.0,0.008,0.012,0.261,,
4,2077,2024-03-07T09:05:03+00:00,1.0,22,False,False,False,True,False,0.017,0.112,0.287,0.523,,
4,2078,2024-03-07T10:00:05+00:00,1.0,22,False,False,False,False,False,0.0,0.034,0.144,0.144,,
4,2079,2024-03-07T10:55:03+00:00,1.0,22,False,False,False,True,False,0.0,0.0,0.519,0.529,,
4,2080,2024-03-07T11:50:05+00:00,1.0,22,False,False,False,False,False,0.0,0.0,0.0,0.0,,
4,2081,2024-03-07T12:45:03+00:00,1.0,22,False,False,False,False,False,0.0,0.0,0.133,0.219,,
4,2082,2024-03-07T13:40:05+00:00,1.0,22,False,False,False,False,False,0.0,0.02,0.703,0.766,,
4,2083,2024-03-07T14:35:03+00:00,1.0,22,False,False,False,False,False,0.0,0.0,0.0,0.0,,
4,2084,2024-03-07T15:30:05+00:00,1.0,22,False,False,False,False,False,0.0,0.0,0.0,0.0,,
4,2085,2024-03-07T16:25:02+00:00,1.0,22,False,False,False,False,False,0.0,0.0,0.0,0.0,,
4,2086,2024-03-07T17:20:05+00:00,1.0,14,False,False,False,False,False,0.0,0.0,0.0,0.0,,
4,2087,2024-03-07T18:15:03+00:00,1.0,3,False,False,False,False,False,0.0,0.0,0.0,0.0,,
4,2088,2024-03-08T07:05:03+00:00,20.0,0,False,False,False,False,False,0.0,0.0,0.0,0.0,,
4,2089,2024-03-08T09:50:05+00:00,1.0,10,False,False,False,False,False,0.0,0.0,0.0,0.0,,
4,2090,2024-03-08T10:45:03+00:00,1.0,21,False,False,False,False,False,0.0,0.0,0.0,0.0,,
4,2091,2024-03-08T11:40:05+00:00,1.0,22,False,False,False,False,False,0.0,0.0,0.0,0.0,,
4,2092,2024-03-08T12:35:03+00:00,1.0,22,False,False,False,False,False,0.0,0.0,0.0,0.0,,
4,2093,2024-03-08T13:30:05+00:00,1.0,22,False,False,False,False,False,0.0,0.0,0.0,0.0,,
4,2094,2024-03-08T14:25:03+00:00,1.0,22,False,False,False,False,False,0.0,0.0,0.0,0.0,,
4,2095,2024-03-08T15:20:05+00:00,1.0,22,False,False,False,False,False,0.0,0.0,0.0,0.0,,
4,2096,2024-03-08T16:15:03+00:00,1.0,18,False,False,False,False,False,0.0,0.0,0.0,0.0,,
4,2097,2024-03-08T17:10:05+00:00,1.0,7,False,False,False,False,False,0.0,0.0,0.0,0.0,,
4,2098,2024-03-08T20:50:05+00:00,1.0,4,False,False,True,True,False,0.174,0.24,0.24,0.24,,
4,2099,2024-03-08T21:45:02+00:00,1.0,15,False,False,False,False,False,0.0,0.0,0.0,0.104,,
4,2100,2024-03-08T22:40:05+00:00,1.0,22,False,False,False,True,False,0.0,0.0,0.0,0.0,,
4,2101,2024-03-08T23:35:02+00:00,1.0,22,True,True,True,True,False,0.119,0.19,0.19,0.19,,
4,2102,2024-03-09T00:30:05+00:00,1.0,22,False,False,False,False,False,0.0,0.0,0.0,0.007,,
4,2103,2024-03-09T01:25:02+00:00,1.0,22,False,False,False,False,False,0.0,0.0,0.003,0.005,,
4,2104,2024-03-09T02:20:05+00:00,1.0,22,False,False,True,True,False,0.0,0.0,0.008,0.009,,
4,2105,2024-03-09T03:15:03+00:00,1.0,22,False,False,False,False,False,0.0,0.0,0.0,0.244,,
4,2106,2024-03-09T04:10:07+00:00,1.0,22,False,False,False,False,False,0.0,0.0,0.01,0.26,,
4,2107,2024-03-09T05:05:02+00:00,1.0,22,False,False,False,False,False,0.0,0.0,0.0,0.0,,
4,2108,2024-03-09T06:00:05+00:00,1.0,22,False,False,False,False,False,0.0,0.0,0.0,0.0,,
4,2109,2024-03-09T06:55:03+00:00,1.0,22,False,False,False,False,False,0.0,0.0,0.0,0.022,,
4,2110,2024-03-09T07:50:05+00:00,1.0,22,False,False,False,False,False,0.0,0.0,0.0,0.0,,
4,2111,2024-03-09T08:45:02+00:00,1.0,22,False,False,False,False,False,0.0,0.0,0.0,0.054,,
4,2112,2024-03-09T09:40:05+00:00,1.0,22,False,False,False,False,False,0.0,0.0,0.061,0.403,,
4,2113,2024-03-09T10:35:03+00:00,1.0,22,False,False,False,False,False,0.0,0.0,0.0,0.0,,
4,2114,2024-03-09T11:30:05+00:00,1.0,22,False,False,False,False,False,0.0,0.0,0.0,0.0,,
4,2115,2024-03-09T12:25:02+00:00,1.0,22,False,False,False,False,False,0.0,0.0,0.0,0.0,,
4,2116,2024-03-09T13:20:05+00:00,1.0,22,False,False,False,True,False,0.0,0.0,0.001,0.062,,
4,2117,2024-03-09T14:15:03+00:00,1.0,22,True,False,False,False,True,1.0,1.0,1.0,1.0,,
4,2118,2024-03-09T15:10:05+00:00,1.0,22,False,False,False,False,False,0.0,0.0,0.0,0.16,,
4,2119,2024-03-09T16:05:03+00:00,1.0,22,False,False,False,False,False,0.0,0.037,0.244,0.244,,
4,2120,2024-03-09T17:00:05+00:00,1.0,22,False,True,True,True,False,0.0,0.003,0.008,0.009,,
4,2121,2024-03-09T17:55:02+00:00,1.0,22,True,True,True,True,True,1.0,1.0,1.0,1.0,,
4,2122,2024-03-09T18:50:05+00:00,1.0,22,True,False,False,False,False,0.0,0.0,0.0,0.008,,
4,2123,2024-03-09T19:45:03+00:00,1.0,22,False,False,False,False,False,0.0,0.0,0.003,0.156,,
4,2124,2024-03-09T20:40:05+00:00,1.0,22,False,False,False,True,False,0.0,0.007,0.021,0.021,,
4,2125,2024-03-09T21:35:03+00:00,1.0,22,False,False,False,True,False,0.0,0.0,0.0,0.0,,
4,2126,2024-03-09T22:30:05+00:00,1.0,22,True,False,False,True,True,1.0,1.0,1.0,1.0,,
4,2127,2024-03-09T23:25:03+00:00,1.0,22,True,True,True,True,True,1.0,1.0,1.0,1.0,,
4,2128,2024-03-10T00:20:05+00:00,1.0,22,False,True,True,True,False,0.008,0.054,0.057,0.059,,
4,2129,2024-03-10T01:15:02+00:00,1.0,22,False,False,False,False,False,0.0,0.0,0.0,0.008,,
4,2130,2024-03-10T02:10:07+00:00,1.0,14,False,False,False,False,False,0.0,0.0,0.0,0.0,,
4,2131,2024-03-10T03:05:03+00:00,1.0,3,False,False,False,False,False,0.0,0.0,0.0,0.0,,
4,2132,2024-03-10T06:45:02+00:00,1.0,5,False,False,False,False,False,0.0,0.0,0.0,0.0,,
4,2133,2024-03-10T07:40:05+00:00,1.0,16,False,False,False,False,False,0.0,0.0,0.0,0.0,,
4,2134,2024-03-10T08:35:03+00:00,1.0,22,False,False,False,False,False,0.0,0.0,0.244,0.506,,
4,2135,2024-03-10T09:30:05+00:00,1.0,22,False,False,False,False,True,0.0,0.0,0.652,0.652,,
4,2136,2024-03-10T10:25:02+00:00,1.0,22,False,False,False,False,False,0.0,0.0,0.0,0.0,,
4,2137,2024-03-10T11:20:05+00:00,1.0,22,False,False,False,False,False,0.0,0.0,0.054,0.261,,
4,2138,2024-03-10T12:15:03+00:00,1.0,22,False,False,False,True,True,0.0,0.0,0.324,0.71,,
4,2139,2024-03-10T13:10:05+00:00,1.0,22,True,False,False,False,True,1.0,1.0,1.0,1.0,,
4,2140,2024-03-10T14:05:03+00:00,1.0,22,False,False,False,False,False,0.0,0.0,0.008,0.058,,
4,2141,2024-03-10T15:00:05+00:00,1.0,22,False,False,False,False,False,0.0,0.0,0.013,0.448,,
4,2142,2024-03-10T15:55:02+00:00,1.0,22,False,False,False,False,False,0.0,0.0,0.0,0.058,,
4,2143,2024-03-10T16:50:05+00:00,1.0,22,False,False,False,False,False,0.0,0.0,0.0,0.415,,
4,2144,2024-03-10T17:45:03+00:00,1.0,22,False,False,False,False,False,0.0,0.0,0.007,0.072,,
4,2145,2024-03-10T18:40:05+00:00,1.0,22,False,False,True,True,False,0.0,0.0,0.26,0.466,,
4,2146,2024-03-10T19:35:03+00:00,1.0,22,False,False,False,False,True,0.171,0.404,0.404,0.768,,
4,2147,2024-03-10T20:30:05+00:00,1.0,22,False,True,True,True,False,0.0,0.0,0.244,0.244,,
4,2148,2024-03-10T21:25:03+00:00,1.0,22,False,False,True,True,True,0.0,0.111,0.902,0.905,,
4,2149,2024-03-10T22:20:05+00:00,1.0,22,False,False,False,False,False,0.0,0.0,0.0,0.0,,
4,2150,2024-03-10T23:15:03+00:00,1.0,22,False,False,True,True,True,0.261,0.396,0.396,0.569,,
4,2151,2024-03-11T00:10:07+00:00,1.0,22,False,False,False,True,True,1.0,1.0,1.0,1.0,,
4,2152,2024-03-11T01:05:02+00:00,1.0,22,False,True,True,True,True,0.058,0.701,0.701,0.701,,
4,2153,2024-03-11T02:00:05+00:00,1.0,22,False,False,False,True,False,0.0,0.0,0.002,0.003,,
4,2154,2024-03-11T02:55:03+00:00,1.0,22,True,False,False,True,False,0.0,0.0,0.0,0.244,,
4,2155,2024-03-11T03:50:05+00:00,1.0,22,True,True,True,True,True,1.0,1.0,1.0,1.0,,
4,2156,2024-03-11T04:45:02+00:00,1.0,22,True,True,True,True,True,0.511,0.675,0.724,0.724,,
4,2157,2024-03-11T05:40:05+00:00,1.0,22,True,True,True,True,True,1.0,1.0,1.0,1.0,,
4,2158,2024-03-11T06:35:03+00:00,1.0,22,True,True,True,True,True,1.0,1.0,1.0,1.0,,
4,2159,2024-03-11T07:30:05+00:00,1.0,22,True,True,True,True,True,0.138,0.66,0.785,0.789,,
4,2160,2024-03-11T08:25:02+00:00,1.0,22,True,True,True,True,True,1.0,1.0,1.0,1.0,,
4,2161,2024-03-11T09:20:05+00:00,1.0,22,True,True,True,True,True,1.0,1.0,1.0,1.0,,
4,2162,2024-03-11T10:15:03+00:00,1.0,22,True,True,True,True,True,1.0,1.0,1.0,1.0,,
4,2163,2024-03-11T11:10:05+00:00,1.0,22,True,True,True,True,True,1.0,1.0,1.0,1.0,,
4,2164,2024-03-11T12:05:02+00:00,1.0,22,True,True,True,True,True,1.0,1.0,1.0,1.0,,
4,2165,2024-03-11T13:00:05+00:00,1.0,22,False,True,True,True,True,1.0,1.0,1.0,1.0,,
4,2166,2024-03-11T13:55:03+00:00,1.0,22,False,False,False,False,False,0.0,0.061,0.339,0.339,,
4,2167,2024-03-11T14:50:06+00:00,1.0,22,False,False,False,False,False,0.0,0.0,0.002,0.069,,
4,2168,2024-03-11T15:45:02+00:00,1.0,22,False,False,False,False,False,0.0,0.0,0.0,0.054,,
4,2169,2024-03-11T16:40:05+00:00,1.0,22,False,False,False,False,False,0.0,0.0,0.0,0.0,,
4,2170,2024-03-11T17:35:03+00:00,1.0,22,False,False,False,False,False,0.0,0.0,0.0,0.001,,
4,2171,2024-03-11T18:30:05+00:00,1.0,22,False,False,False,False,False,0.0,0.0,0.0,0.0,,
4,2172,2024-03-11T19:25:03+00:00,1.0,22,False,False,False,False,False,0.0,0.0,0.0,0.04,,
4,2173,2024-03-11T20:20:05+00:00,1.0,22,False,False,False,False,False,0.0,0.0,0.0,0.0,,
4,2174,2024-03-11T21:15:02+00:00,1.0,22,False,False,True,True,False,0.0,0.109,0.179,0.207,,
4,2175,2024-03-11T22:10:07+00:00,1.0,22,False,True,True,True,False,0.0,0.0,0.01,0.056,,
4,2176,2024-03-11T23:05:02+00:00,1.0,22,False,False,True,True,False,0.0,0.0,0.241,0.717,,
4,2177,2024-03-12T00:00:05+00:00,1.0,22,True,True,True,True,True,1.0,1.0,1.0,1.0,,
4,2178,2024-03-12T00:55:02+00:00,1.0,22,False,False,False,False,False,0.054,0.054,0.121,0.139,,
4,2179,2024-03-12T01:50:05+00:00,1.0,22,False,True,True,True,True,0.442,0.891,0.891,0.925,,
4,2180,2024-03-12T02:45:02+00:00,1.0,22,True,True,True,True,True,1.0,1.0,1.0,1.0,,
4,2181,2024-03-12T03:40:05+00:00,1.0,22,False,False,False,False,False,0.0,0.0,0.0,0.0,,
4,2182,2024-03-12T04:35:03+00:00,1.0,22,False,False,False,True,True,0.635,0.635,0.717,0.96,,
4,2183,2024-03-12T05:30:05+00:00,1.0,22,True,False,False,False,False,0.0,0.0,0.006,0.016,,
4,2184,2024-03-12T06:25:02+00:00,1.0,22,False,False,False,False,False,0.0,0.0,0.0,0.0,,
4,2185,2024-03-12T07:20:05+00:00,1.0,22,False,False,False,False,False,0.0,0.207,0.279,0.285,,
4,2186,2024-03-12T08:15:03+00:00,1.0,22,False,False,False,False,False,0.0,0.0,0.0,0.0,,
4,2187,2024-03-12T13:40:05+00:00,1.0,22,True,True,True,True,True,1.0,1.0,1.0,1.0,,
4,2188,2024-03-12T14:35:03+00:00,1.0,22,False,False,False,True,False,0.0,0.0,0.034,0.034,,
4,2189,2024-03-12T15:30:05+00:00,1.0,22,True,True,True,True,True,1.0,1.0,1.0,1.0,,
4,2190,2024-03-12T16:25:02+00:00,1.0,22,True,True,True,True,False,0.0,0.0,0.0,0.0,,
4,2191,2024-03-12T17:20:05+00:00,1.0,22,False,False,False,False,True,0.276,0.701,0.701,0.723,,
4,2192,2024-03-12T18:15:03+00:00,1.0,22,False,False,False,False,False,0.0,0.0,0.054,0.054,,
4,2193,2024-03-12T19:10:05+00:00,1.0,20,False,False,False,False,False,0.0,0.0,0.0,0.0,,
4,2194,2024-03-12T20:05:03+00:00,1.0,9,False,False,False,False,False,0.0,0.0,0.0,0.0,,
4,2195,2024-03-12T21:00:05+00:00,1.0,7,False,False,False,False,False,0.0,0.0,0.0,0.0,,
4,2196,2024-03-12T21:55:03+00:00,1.0,18,False,False,False,False,False,0.0,0.0,0.0,0.0,,
4,2197,2024-03-12T22:50:05+00:00,1.0,22,False,False,False,False,False,0.0,0.0,0.0,0.0,,
4,2198,2024-03-12T23:45:02+00:00,1.0,11,False,False,False,False,False,0.0,0.0,0.0,0.0,,
4,2199,2024-03-13T09:50:05+00:00,1.0,3,False,False,False,False,False,0.0,0.0,0.0,0.0,,
4,2200,2024-03-13T10:45:02+00:00,1.0,14,False,False,True,True,False,0.0,0.0,0.0,0.599,,
4,2201,2024-03-13T11:40:05+00:00,1.0,21,True,True,True,True,True,0.0,0.0,0.392,0.79,,
4,2202,2024-03-13T12:35:02+00:00,1.0,10,True,True,True,True,True,1.0,1.0,1.0,1.0,,
4,2203,2024-03-16T02:00:06+00:00,20.0,0,False,False,False,False,False,0.0,0.0,0.0,0.0,,
4,2204,2024-03-16T02:55:02+00:00,20.0,0,False,False,False,False,False,0.0,0.0,0.0,0.0,,
4,2205,2024-03-16T09:20:05+00:00,1.0,3,False,False,False,False,False,0.0,0.0,0.0,0.0,,
4,2206,2024-03-16T10:15:02+00:00,1.0,14,False,False,False,False,False,0.0,0.0,0.0,0.0,,
4,2207,2024-03-16T11:10:05+00:00,1.0,22,False,False,False,False,False,0.0,0.0,0.0,0.0,,
4,2208,2024-03-16T12:05:02+00:00,1.0,22,False,False,False,False,False,0.0,0.0,0.0,0.0,,
4,2209,2024-03-16T13:00:05+00:00,1.0,22,False,False,False,False,False,0.103,0.24,0.24,0.24,,
4,2210,2024-03-16T13:55:03+00:00,1.0,22,False,False,False,False,False,0.0,0.0,0.047,0.055,,
4,2211,2024-03-16T14:50:05+00:00,1.0,22,False,False,False,False,False,0.0,0.0,0.0,0.0,,
4,2212,2024-03-16T15:45:03+00:00,1.0,22,False,False,False,False,False,0.0,0.0,0.0,0.021,,
4,2213,2024-03-16T18:10:07+00:00,1.0,22,False,False,False,False,False,0.0,0.0,0.0,0.0,,
4,2214,2024-03-16T19:05:03+00:00,1.0,22,False,False,False,False,False,0.0,0.0,0.0,0.0,,
4,2215,2024-03-16T20:00:05+00:00,1.0,15,False,False,False,False,False,0.0,0.0,0.0,0.03,,
4,2216,2024-03-16T20:55:03+00:00,1.0,4,False,False,False,False,False,0.0,0.0,0.0,0.0,,
4,2217,2024-03-16T21:50:05+00:00,20.0,0,False,False,False,False,False,0.0,0.0,0.0,0.0,,
4,2218,2024-03-16T23:40:06+00:00,20.0,0,False,False,False,False,False,0.0,0.0,0.0,0.0,,
4,2219,2024-03-17T07:00:05+00:00,20.0,0,False,False,False,False,False,0.0,0.0,0.0,0.0,,
4,2220,2024-03-17T09:45:02+00:00,1.0,9,False,False,False,False,False,0.0,0.0,0.0,0.0,,
4,2221,2024-03-17T10:40:05+00:00,1.0,20,False,False,True,True,False,0.0,0.0,0.0,0.494,,
4,2222,2024-03-17T11:35:03+00:00,1.0,22,True,True,True,True,True,1.0,1.0,1.0,1.0,,
4,2223,2024-03-17T12:30:05+00:00,1.0,22,False,True,True,True,False,0.0,0.0,0.0,0.0,,
4,2224,2024-03-17T13:25:03+00:00,1.0,22,False,False,False,True,False,0.0,0.0,0.0,0.388,,
4,2225,2024-03-17T14:20:05+00:00,1.0,19,True,True,True,True,True,1.0,1.0,1.0,1.0,,
4,2226,2024-03-17T15:15:02+00:00,1.0,8,True,True,True,True,True,1.0,1.0,1.0,1.0,,
4,2227,2024-03-17T16:10:07+00:00,20.0,0,False,False,False,False,False,0.0,0.0,0.0,0.0,,
4,2228,2024-03-17T22:35:02+00:00,20.0,0,False,False,False,False,False,0.0,0.0,0.0,0.0,,
4,2229,2024-03-18T07:45:02+00:00,1.0,4,False,False,False,False,False,0.0,0.0,0.0,0.0,,
4,2230,2024-03-18T08:40:05+00:00,1.0,15,False,False,False,False,False,0.0,0.0,0.0,0.0,,
4,2231,2024-03-18T09:35:03+00:00,1.0,22,False,False,False,False,False,0.0,0.0,0.0,0.153,,
4,2232,2024-03-18T10:30:05+00:00,1.0,22,False,False,False,False,False,0.0,0.0,0.0,0.0,,
4,2233,2024-03-18T11:25:02+00:00,1.0,22,False,False,False,False,False,0.0,0.0,0.0,0.0,,
4,2234,2024-03-18T12:20:05+00:00,1.0,22,False,False,False,False,False,0.0,0.0,0.0,0.0,,
4,2235,2024-03-18T13:15:03+00:00,1.0,22,False,False,False,False,False,0.0,0.0,0.0,0.0,,
4,2236,2024-03-18T14:10:07+00:00,1.0,22,False,False,False,False,False,0.0,0.0,0.0,0.0,,
4,2237,2024-03-18T15:05:03+00:00,1.0,22,False,False,False,False,False,0.0,0.0,0.0,0.037,,
4,2238,2024-03-18T16:00:05+00:00,1.0,15,False,False,False,False,False,0.0,0.0,0.0,0.0,,
4,2239,2024-03-18T16:55:03+00:00,1.0,4,False,False,False,False,False,0.0,0.0,0.0,0.0,,
4,2240,2024-03-18T18:45:03+00:00,1.0,9,False,False,False,False,False,0.0,0.0,0.0,0.0,,
4,2241,2024-03-18T19:40:05+00:00,1.0,20,False,False,False,False,False,0.0,0.0,0.0,0.0,,
4,2242,2024-03-18T20:35:03+00:00,1.0,22,False,False,False,False,False,0.0,0.0,0.0,0.0,,
4,2243,2024-03-18T21:30:05+00:00,1.0,22,False,False,False,False,False,0.0,0.0,0.0,0.0,,
4,2244,2024-03-18T22:25:03+00:00,1.0,22,False,False,False,False,False,0.0,0.0,0.0,0.034,,
4,2245,2024-03-18T23:20:05+00:00,1.0,22,False,False,False,False,True,0.835,1.0,1.0,1.0,,
4,2246,2024-03-19T00:15:02+00:00,1.0,22,False,True,True,True,True,0.187,0.989,0.989,0.989,,
4,2247,2024-03-19T01:10:05+00:00,1.0,22,True,True,True,True,False,0.0,0.0,0.084,0.285,,
4,2248,2024-03-19T02:05:03+00:00,1.0,22,True,True,True,True,True,1.0,1.0,1.0,1.0,,
4,2249,2024-03-19T03:00:05+00:00,1.0,22,True,True,True,True,True,1.0,1.0,1.0,1.0,,
4,2250,2024-03-19T03:55:02+00:00,1.0,22,True,True,True,True,True,1.0,1.0,1.0,1.0,,
4,2251,2024-03-19T04:50:05+00:00,1.0,22,False,False,False,False,False,0.0,0.0,0.0,0.0,,
4,2252,2024-03-19T05:45:03+00:00,1.0,20,False,False,False,False,False,0.0,0.0,0.0,0.0,,
4,2253,2024-03-19T06:40:05+00:00,1.0,9,False,False,False,False,False,0.0,0.0,0.0,0.037,,
4,2254,2024-03-19T08:30:05+00:00,20.0,0,False,False,False,False,False,0.0,0.0,0.0,0.0,,
4,2255,2024-03-20T09:15:03+00:00,20.0,0,False,False,False,False,False,0.0,0.0,0.0,0.0,,
4,2256,2024-03-20T12:00:05+00:00,20.0,0,False,False,False,False,False,0.0,0.0,0.0,0.0,,
4,2257,2024-03-20T23:00:05+00:00,20.0,0,False,False,False,False,False,0.0,0.0,0.0,0.0,,
4,2258,2024-03-21T10:00:05+00:00,20.0,0,False,False,False,False,False,0.0,0.0,0.0,0.0,,
4,2259,2024-03-21T10:55:03+00:00,20.0,0,False,False,False,False,False,0.0,0.0,0.0,0.0,,
4,2260,2024-03-21T18:15:03+00:00,20.0,0,False,False,False,False,False,0.0,0.0,0.0,0.0,,
4,2261,2024-03-22T11:40:05+00:00,20.0,0,False,False,False,False,False,0.0,0.0,0.0,0.0,,
4,2262,2024-03-22T18:05:03+00:00,20.0,0,False,False,False,False,False,0.0,0.0,0.0,0.0,,
4,2263,2024-03-23T08:45:03+00:00,20.0,0,False,False,False,False,False,0.0,0.0,0.0,0.0,,
4,2264,2024-03-23T14:15:02+00:00,20.0,0,False,False,False,False,False,0.0,0.0,0.0,0.0,,
4,2265,2024-03-24T04:00:05+00:00,20.0,0,False,False,False,True,False,0.0,0.0,0.0,0.0,,
4,2266,2024-03-24T04:55:02+00:00,1.0,3,False,False,False,False,False,0.0,0.0,0.0,0.0,,
4,2267,2024-03-24T05:50:05+00:00,1.0,3,False,False,False,False,False,0.0,0.0,0.0,0.0,,
4,2268,2024-03-24T09:30:05+00:00,1.0,3,False,False,False,False,False,0.0,0.0,0.0,0.0,,
4,2269,2024-03-24T10:25:03+00:00,1.0,14,False,False,False,False,False,0.0,0.0,0.0,0.0,,
4,2270,2024-03-24T11:20:05+00:00,1.0,22,False,False,False,False,False,0.0,0.0,0.0,0.0,,
4,2271,2024-03-24T12:15:03+00:00,1.0,22,False,False,False,False,False,0.0,0.0,0.0,0.0,,
4,2272,2024-03-24T13:10:05+00:00,1.0,22,False,False,False,False,False,0.017,0.066,0.066,0.066,,
4,2273,2024-03-24T14:05:03+00:00,1.0,22,False,False,False,True,False,0.0,0.0,0.0,0.008,,
4,2274,2024-03-24T15:00:05+00:00,1.0,22,False,True,True,True,True,0.0,0.964,0.969,0.97,,
4,2275,2024-03-24T15:55:03+00:00,1.0,22,True,True,True,True,True,1.0,1.0,1.0,1.0,,
4,2276,2024-03-24T16:50:05+00:00,1.0,22,False,False,False,False,False,0.0,0.0,0.017,0.32,,
4,2277,2024-03-24T17:45:02+00:00,1.0,22,False,False,True,True,True,1.0,1.0,1.0,1.0,,
4,2278,2024-03-24T18:40:05+00:00,1.0,22,True,True,True,True,True,1.0,1.0,1.0,1.0,,
4,2279,2024-03-24T19:35:03+00:00,1.0,22,False,False,True,True,False,0.0,0.338,0.766,0.766,,
4,2280,2024-03-24T20:30:05+00:00,1.0,22,False,False,False,True,True,0.0,0.118,0.343,0.353,,
4,2281,2024-03-24T21:25:03+00:00,1.0,22,False,False,True,True,True,0.0,0.0,0.791,0.901,,
4,2282,2024-03-24T22:20:05+00:00,1.0,22,False,False,True,True,True,0.0,1.0,1.0,1.0,,
4,2283,2024-03-24T23:15:03+00:00,1.0,22,True,True,True,True,True,1.0,1.0,1.0,1.0,,
4,2284,2024-03-25T00:10:07+00:00,1.0,22,True,True,True,True,False,0.0,0.005,0.025,0.107,,
4,2285,2024-03-25T01:05:03+00:00,1.0,22,False,False,False,False,False,0.0,0.0,0.0,0.001,,
4,2286,2024-03-25T02:00:05+00:00,1.0,22,False,False,False,False,False,0.0,0.0,0.0,0.207,,
4,2287,2024-03-25T02:55:03+00:00,1.0,21,False,False,False,False,False,0.0,0.0,0.0,0.0,,
4,2288,2024-03-25T03:50:05+00:00,1.0,10,False,False,False,False,False,0.0,0.0,0.0,0.0,,
4,2289,2024-03-25T10:15:02+00:00,20.0,0,False,False,False,False,False,0.0,0.0,0.0,0.0,,
4,2290,2024-03-25T20:20:05+00:00,1.0,8,False,False,False,False,False,0.0,0.0,0.0,0.0,,
4,2291,2024-03-25T21:15:03+00:00,1.0,12,False,False,False,False,False,0.0,0.0,0.0,0.0,,
4,2292,2024-03-25T22:10:07+00:00,1.0,14,False,False,False,False,False,0.0,0.0,0.0,0.0,,
4,2293,2024-03-25T23:05:03+00:00,1.0,16,False,False,False,False,False,0.0,0.0,0.02,0.046,,
4,2294,2024-03-26T00:00:05+00:00,1.0,15,False,False,False,False,False,0.0,0.0,0.001,0.001,,
4,2295,2024-03-26T00:55:03+00:00,1.0,20,False,False,False,False,False,0.0,0.0,0.0,0.0,,
4,2296,2024-03-26T01:50:05+00:00,1.0,22,False,False,False,False,False,0.0,0.0,0.073,0.319,,
4,2297,2024-03-26T02:45:03+00:00,1.0,22,False,False,False,False,False,0.0,0.0,0.164,0.835,,
4,2298,2024-03-26T03:40:05+00:00,1.0,22,False,False,False,True,True,0.0,0.0,0.715,0.715,,
4,2299,2024-03-26T04:35:02+00:00,1.0,22,True,True,True,True,True,1.0,1.0,1.0,1.0,,
4,2300,2024-03-26T05:30:05+00:00,1.0,22,True,True,True,True,True,1.0,1.0,1.0,1.0,,
4,2301,2024-03-26T06:25:02+00:00,1.0,22,False,True,True,True,True,1.0,1.0,1.0,1.0,,
4,2302,2024-03-26T07:20:05+00:00,1.0,22,False,False,False,False,False,0.0,0.001,0.004,0.038,,
4,2303,2024-03-26T08:15:03+00:00,1.0,21,False,False,False,False,True,0.0,0.338,0.701,0.701,,
4,2304,2024-03-26T09:10:05+00:00,1.0,20,False,False,False,False,False,0.0,0.0,0.0,0.004,,
4,2305,2024-03-26T10:05:02+00:00,1.0,21,False,False,False,False,False,0.0,0.0,0.0,0.0,,
4,2306,2024-03-26T11:00:05+00:00,1.0,22,False,True,True,True,True,0.0,0.122,0.728,0.838,,
4,2307,2024-03-26T11:55:02+00:00,1.0,22,False,True,True,True,True,1.0,1.0,1.0,1.0,,
4,2308,2024-03-26T12:50:05+00:00,1.0,22,True,True,True,True,True,1.0,1.0,1.0,1.0,,
4,2309,2024-03-26T13:45:02+00:00,1.0,22,False,False,False,False,False,0.0,0.0,0.0,0.054,,
4,2310,2024-03-26T14:40:05+00:00,1.0,22,False,False,True,True,False,0.0,0.044,0.246,0.602,,
4,2311,2024-03-26T15:35:02+00:00,1.0,22,False,False,False,True,False,0.0,0.0,0.054,0.215,,
4,2312,2024-03-26T16:30:05+00:00,1.0,22,True,True,True,True,True,0.0,0.359,0.859,0.866,,
4,2313,2024-03-26T17:25:03+00:00,1.0,22,True,True,True,True,True,1.0,1.0,1.0,1.0,,
4,2314,2024-03-26T18:20:05+00:00,1.0,22,True,True,True,True,False,0.0,0.014,0.022,0.038,,
4,2315,2024-03-26T19:15:02+00:00,1.0,22,True,True,True,True,True,1.0,1.0,1.0,1.0,,
4,2316,2024-03-26T20:10:07+00:00,1.0,22,True,False,True,True,False,0.0,0.0,0.0,0.054,,
4,2317,2024-03-26T21:05:02+00:00,1.0,22,False,True,True,True,False,0.0,0.0,0.189,0.351,,
4,2318,2024-03-26T22:00:05+00:00,1.0,22,False,True,True,True,True,0.0,0.299,0.299,0.299,,
4,2319,2024-03-26T22:55:03+00:00,1.0,22,True,True,True,True,False,0.0,0.0,0.0,0.298,,
4,2320,2024-03-26T23:50:05+00:00,1.0,22,True,True,True,True,True,1.0,1.0,1.0,1.0,,
4,2321,2024-03-27T00:45:02+00:00,1.0,22,False,False,False,False,False,0.0,0.02,0.149,0.293,,
4,2322,2024-03-27T01:40:05+00:00,1.0,22,False,False,False,False,False,0.0,0.0,0.018,0.02,,
4,2323,2024-03-27T02:35:03+00:00,1.0,22,False,False,False,False,False,0.0,0.046,0.054,0.054,,
4,2324,2024-03-27T03:30:05+00:00,1.0,22,False,False,False,False,True,0.0,0.0,0.29,0.406,,
4,2325,2024-03-27T04:25:03+00:00,1.0,22,False,False,False,False,True,0.0,0.594,0.701,0.701,,
4,2326,2024-03-27T05:20:05+00:00,1.0,21,False,False,True,True,False,0.0,0.005,0.022,0.075,,
4,2327,2024-03-27T06:15:02+00:00,1.0,20,False,False,False,False,False,0.0,0.0,0.0,0.0,,
4,2328,2024-03-27T07:10:05+00:00,1.0,21,False,False,False,False,False,0.0,0.0,0.0,0.046,,
4,2329,2024-03-27T08:05:02+00:00,1.0,22,False,False,False,False,False,0.0,0.034,0.054,0.054,,
4,2330,2024-03-27T09:00:05+00:00,1.0,22,False,False,False,False,False,0.0,0.0,0.0,0.0,,
4,2331,2024-03-27T09:55:03+00:00,1.0,15,False,False,False,False,False,0.0,0.0,0.026,0.026,,
4,2332,2024-03-27T10:50:05+00:00,1.0,4,False,False,False,False,False,0.0,0.0,0.0,0.0,,
4,2333,2024-03-27T16:20:05+00:00,1.0,10,False,False,False,False,False,0.0,0.0,0.0,0.0,,
4,2334,2024-03-27T17:15:03+00:00,1.0,21,False,False,False,False,False,0.0,0.0,0.0,0.0,,
4,2335,2024-03-27T18:10:07+00:00,1.0,22,False,False,False,True,False,0.0,0.0,0.002,0.042,,
4,2336,2024-03-27T19:05:03+00:00,1.0,22,True,True,True,True,True,1.0,1.0,1.0,1.0,,
4,2337,2024-03-27T20:00:05+00:00,1.0,22,True,True,True,True,True,1.0,1.0,1.0,1.0,,
4,2338,2024-03-27T20:55:03+00:00,1.0,22,True,True,True,True,False,0.017,0.226,0.344,0.51,,
4,2339,2024-03-27T21:50:05+00:00,1.0,22,False,True,True,True,True,0.008,0.299,0.3,0.3,,
4,2340,2024-03-27T22:45:02+00:00,1.0,22,True,False,False,False,False,0.017,0.042,0.048,0.051,,
4,2341,2024-03-27T23:40:05+00:00,1.0,22,False,True,True,True,False,0.421,0.672,0.921,0.927,,
4,2342,2024-03-28T00:35:03+00:00,1.0,22,False,False,False,True,True,0.0,0.0,0.935,0.935,,
4,2343,2024-03-28T01:30:05+00:00,1.0,22,False,False,False,False,False,0.0,0.0,0.0,0.044,,
4,2344,2024-03-28T02:25:03+00:00,1.0,22,False,False,False,True,False,0.0,0.0,0.002,0.039,,
4,2345,2024-03-28T03:20:05+00:00,1.0,19,True,False,True,True,False,0.0,0.0,0.126,0.701,,
4,2346,2024-03-28T04:15:02+00:00,1.0,18,False,False,False,False,False,0.0,0.0,0.0,0.0,,
4,2347,2024-03-28T05:10:05+00:00,1.0,21,False,True,True,True,False,0.0,0.0,0.0,0.0,,
4,2348,2024-03-28T07:45:02+00:00,1.0,2,False,False,False,False,False,0.0,0.0,0.0,0.0,,
4,2349,2024-03-28T16:00:05+00:00,20.0,0,False,False,False,False,False,0.0,0.0,0.0,0.0,,
4,2350,2024-03-30T13:50:05+00:00,20.0,0,False,False,False,False,False,0.0,0.0,0.0,0.0,,
4,2351,2024-03-30T16:35:03+00:00,20.0,0,False,False,False,False,False,0.0,0.0,0.0,0.0,,
4,2352,2024-03-31T19:10:05+00:00,20.0,0,False,False,False,False,False,0.0,0.0,0.0,0.0,,
4,2353,2024-04-01T09:50:05+00:00,20.0,0,False,False,False,False,False,0.0,0.0,0.0,0.0,,
4,2354,2024-04-01T18:05:02+00:00,1.0,8,False,False,False,False,False,0.0,0.0,0.0,0.0,,
4,2355,2024-04-01T19:00:05+00:00,1.0,18,False,False,False,False,False,0.0,0.0,0.0,0.0,,
4,2356,2024-04-01T19:55:02+00:00,1.0,21,False,False,False,True,False,0.0,0.0,0.0,0.0,,
4,2357,2024-04-01T20:50:05+00:00,1.0,22,True,True,True,True,True,1.0,1.0,1.0,1.0,,
4,2358,2024-04-01T21:45:03+00:00,1.0,22,False,False,False,True,False,0.0,0.0,0.282,0.625,,
4,2359,2024-04-01T22:40:05+00:00,1.0,22,False,True,True,True,False,0.0,0.05,0.575,0.77,,
4,2360,2024-04-01T23:35:03+00:00,1.0,22,True,True,True,True,True,1.0,1.0,1.0,1.0,,
4,2361,2024-04-02T00:30:05+00:00,1.0,22,True,True,True,True,False,0.0,0.0,0.393,0.421,,
4,2362,2024-04-02T01:25:03+00:00,1.0,22,False,False,False,False,True,0.0,0.107,0.715,0.831,,
4,2363,2024-04-02T02:20:04+00:00,1.0,13,False,False,False,False,False,0.0,0.0,0.0,0.0,,
4,2364,2024-04-02T03:15:03+00:00,1.0,2,False,False,False,False,False,0.0,0.0,0.0,0.0,,
4,2365,2024-04-02T08:45:03+00:00,1.0,8,False,False,False,False,False,0.0,0.0,0.0,0.0,,
4,2366,2024-04-02T09:40:05+00:00,1.0,19,False,False,False,False,False,0.0,0.0,0.0,0.0,,
4,2367,2024-04-02T10:35:02+00:00,1.0,22,False,False,False,False,False,0.0,0.0,0.0,0.0,,
4,2368,2024-04-02T11:30:04+00:00,1.0,22,False,False,False,False,False,0.0,0.0,0.0,0.0,,
4,2369,2024-04-02T12:25:03+00:00,1.0,22,False,False,False,False,False,0.0,0.0,0.0,0.0,,
4,2370,2024-04-02T13:20:05+00:00,1.0,22,False,False,False,False,False,0.0,0.0,0.0,0.0,,
4,2371,2024-04-02T14:15:02+00:00,1.0,22,False,False,False,False,False,0.0,0.0,0.0,0.0,,
4,2372,2024-04-02T15:10:05+00:00,1.0,22,False,False,False,False,False,0.0,0.0,0.0,0.0,,
4,2373,2024-04-02T16:05:03+00:00,1.0,16,False,False,False,False,False,0.0,0.0,0.0,0.0,,
4,2374,2024-04-02T17:00:05+00:00,1.0,5,False,False,False,False,False,0.0,0.0,0.0,0.0,,
4,2375,2024-04-02T18:50:05+00:00,20.0,0,False,False,False,False,False,0.0,0.0,0.0,0.0,,
4,2376,2024-04-03T10:25:03+00:00,20.0,0,False,False,False,False,False,0.0,0.0,0.0,0.0,,
4,2377,2024-04-03T11:20:05+00:00,1.0,1,False,False,False,False,False,0.0,0.0,0.0,0.0,,
4,2378,2024-04-03T12:15:03+00:00,1.0,12,False,False,False,False,False,0.0,0.0,0.0,0.0,,
4,2379,2024-04-03T13:10:05+00:00,1.0,22,False,False,False,False,False,0.0,0.0,0.0,0.0,,
4,2380,2024-04-03T14:05:02+00:00,1.0,14,False,False,False,False,False,0.0,0.0,0.0,0.0,,
4,2381,2024-04-03T15:00:05+00:00,1.0,3,False,False,False,False,False,0.0,0.0,0.0,0.0,,
4,2382,2024-04-03T17:45:02+00:00,20.0,0,False,False,False,False,False,0.0,0.0,0.0,0.0,,
4,2383,2024-04-03T20:30:05+00:00,1.0,9,False,False,False,False,False,0.0,0.0,0.0,0.0,,
4,2384,2024-04-03T21:25:03+00:00,1.0,20,False,False,False,False,False,0.0,0.0,0.0,0.0,,
4,2385,2024-04-03T22:20:05+00:00,1.0,22,False,False,False,False,False,0.0,0.0,0.0,0.012,,
4,2386,2024-04-03T23:15:02+00:00,1.0,22,False,False,False,False,False,0.0,0.0,0.0,0.0,,
4,2387,2024-04-04T00:10:07+00:00,1.0,12,False,False,False,False,False,0.0,0.0,0.0,0.0,,
4,2388,2024-04-04T01:05:03+00:00,1.0,1,False,False,False,False,False,0.0,0.0,0.046,0.054,,
4,2389,2024-04-05T17:25:02+00:00,20.0,0,False,False,False,False,False,0.0,0.0,0.0,0.0,,
4,2390,2024-04-06T00:45:03+00:00,20.0,0,False,False,False,False,False,0.0,0.0,0.0,0.0,,
4,2391,2024-04-06T02:35:02+00:00,20.0,0,False,False,False,False,False,0.0,0.0,0.0,0.0,,
4,2392,2024-04-06T18:10:08+00:00,20.0,0,False,False,False,False,False,0.0,0.0,0.0,0.0,,
4,2393,2024-04-07T08:50:05+00:00,20.0,0,False,False,False,False,False,0.0,0.0,0.0,0.0,,
4,2394,2024-04-07T11:35:03+00:00,20.0,0,False,False,False,False,False,0.0,0.0,0.0,0.0,,
4,2395,2024-04-08T05:55:02+00:00,20.0,0,False,False,False,False,False,0.0,0.0,0.0,0.0,,
4,2396,2024-04-10T12:00:05+00:00,20.0,0,False,False,False,False,False,0.0,0.0,0.0,0.0,,
4,2397,2024-04-11T16:35:03+00:00,20.0,0,False,False,False,False,False,0.0,0.0,0.0,0.0,,
4,2398,2024-04-12T16:25:02+00:00,20.0,0,False,False,False,False,False,0.0,0.0,0.0,0.0,,
4,2399,2024-04-13T03:25:03+00:00,20.0,0,False,False,False,False,False,0.0,0.0,0.0,0.0,,
4,2400,2024-04-14T10:35:02+00:00,20.0,0,False,False,False,False,False,0.0,0.0,0.0,0.0,,
4,2401,2024-04-14T20:40:05+00:00,20.0,0,False,False,False,False,False,0.0,0.0,0.0,0.0,,
4,2402,2024-04-15T11:20:05+00:00,20.0,0,False,False,False,False,False,0.0,0.0,0.0,0.0,,
4,2403,2024-04-15T23:15:03+00:00,1.0,3,False,False,False,False,False,0.0,0.0,0.0,0.0,,
4,2404,2024-04-16T00:10:07+00:00,1.0,10,False,False,False,False,False,0.0,0.0,0.0,0.0,,
4,2405,2024-04-16T01:05:02+00:00,1.0,18,False,False,False,False,False,0.0,0.0,0.0,0.0,,
4,2406,2024-04-16T02:00:05+00:00,1.0,13,False,False,False,False,False,0.0,0.0,0.0,0.0,,
4,2407,2024-04-16T02:55:03+00:00,1.0,5,False,False,False,False,False,0.0,0.0,0.0,0.0,,
4,2408,2024-04-16T03:50:05+00:00,1.0,14,False,False,False,False,False,0.0,0.0,0.0,0.0,,
4,2409,2024-04-16T04:45:02+00:00,1.0,14,False,False,False,False,False,0.0,0.0,0.0,0.144,,
4,2410,2024-04-16T05:40:05+00:00,1.0,3,False,False,False,False,False,0.0,0.0,0.0,0.0,,
4,2411,2024-04-16T07:30:05+00:00,1.0,9,False,False,False,False,False,0.0,0.0,0.0,0.0,,
4,2412,2024-04-16T08:25:02+00:00,1.0,20,False,False,False,False,False,0.0,0.0,0.0,0.0,,
4,2413,2024-04-16T09:20:05+00:00,1.0,22,False,False,False,True,False,0.0,0.0,0.0,0.102,,
4,2414,2024-04-16T10:15:03+00:00,1.0,22,True,True,True,True,False,0.0,0.008,0.206,0.369,,
4,2415,2024-04-16T11:10:05+00:00,1.0,22,False,False,True,True,False,0.0,0.0,0.262,0.621,,
4,2416,2024-04-16T12:05:02+00:00,1.0,22,False,False,False,True,True,0.0,0.037,0.807,0.818,,
4,2417,2024-04-16T13:00:05+00:00,1.0,22,True,True,True,True,True,0.0,0.0,0.879,0.889,,
4,2418,2024-04-16T13:55:02+00:00,1.0,22,False,False,True,True,False,0.0,0.0,0.0,0.259,,
4,2419,2024-04-16T14:50:05+00:00,1.0,22,True,True,True,True,True,1.0,1.0,1.0,1.0,,
4,2420,2024-04-16T15:45:03+00:00,1.0,22,True,True,True,True,True,0.299,0.381,0.781,0.925,,
4,2421,2024-04-16T16:40:05+00:00,1.0,22,True,True,True,True,True,1.0,1.0,1.0,1.0,,
4,2422,2024-04-16T17:35:03+00:00,1.0,22,True,True,True,True,True,1.0,1.0,1.0,1.0,,
4,2423,2024-04-16T18:30:05+00:00,1.0,22,True,True,True,True,True,1.0,1.0,1.0,1.0,,
4,2424,2024-04-16T19:25:03+00:00,1.0,22,True,True,True,True,True,1.0,1.0,1.0,1.0,,
4,2425,2024-04-16T20:20:05+00:00,1.0,22,True,True,True,True,True,0.856,0.978,0.981,0.987,,
4,2426,2024-04-16T21:15:03+00:00,1.0,22,True,True,True,True,True,1.0,1.0,1.0,1.0,,
4,2427,2024-04-16T22:10:07+00:00,1.0,22,True,True,True,True,True,0.0,0.034,0.299,0.323,,
4,2428,2024-04-16T23:05:03+00:00,1.0,22,True,True,True,True,True,1.0,1.0,1.0,1.0,,
4,2429,2024-04-17T00:00:05+00:00,1.0,22,True,True,True,True,True,1.0,1.0,1.0,1.0,,
4,2430,2024-04-17T00:55:03+00:00,1.0,22,True,True,True,True,True,1.0,1.0,1.0,1.0,,
4,2431,2024-04-17T01:50:05+00:00,1.0,22,False,True,True,True,True,0.717,0.717,0.717,0.892,,
4,2432,2024-04-17T02:45:02+00:00,1.0,22,True,True,True,True,True,1.0,1.0,1.0,1.0,,
4,2433,2024-04-17T03:40:05+00:00,1.0,22,False,True,True,True,False,0.034,0.034,0.226,0.77,,
4,2434,2024-04-17T04:35:03+00:00,1.0,22,True,True,True,True,True,0.0,0.034,0.92,0.983,,
4,2435,2024-04-17T05:30:05+00:00,1.0,22,True,True,True,True,True,1.0,1.0,1.0,1.0,,
4,2436,2024-04-17T06:25:03+00:00,1.0,22,True,True,True,True,True,1.0,1.0,1.0,1.0,,
4,2437,2024-04-17T07:20:05+00:00,1.0,22,True,True,True,True,True,1.0,1.0,1.0,1.0,,
4,2438,2024-04-17T08:15:02+00:00,1.0,22,False,False,False,False,True,0.0,0.0,0.647,0.647,,
4,2439,2024-04-17T09:10:05+00:00,1.0,22,False,False,False,False,False,0.0,0.0,0.244,0.284,,
4,2440,2024-04-17T10:05:03+00:00,1.0,22,False,False,False,False,False,0.0,0.0,0.0,0.0,,
4,2441,2024-04-17T11:00:05+00:00,1.0,22,False,False,False,False,False,0.0,0.0,0.0,0.0,,
4,2442,2024-04-17T11:55:03+00:00,1.0,22,False,False,False,False,False,0.0,0.0,0.0,0.0,,
4,2443,2024-04-17T12:50:05+00:00,1.0,22,False,False,False,False,False,0.0,0.0,0.207,0.207,,
4,2444,2024-04-17T13:45:02+00:00,1.0,22,False,False,False,False,False,0.0,0.0,0.0,0.0,,
4,2445,2024-04-17T14:40:05+00:00,1.0,21,False,False,False,False,False,0.0,0.0,0.0,0.0,,
4,2446,2024-04-17T15:35:03+00:00,1.0,21,False,False,False,False,False,0.0,0.0,0.0,0.0,,
4,2447,2024-04-17T16:30:05+00:00,1.0,22,False,False,False,False,False,0.0,0.0,0.0,0.0,,
4,2448,2024-04-17T17:25:03+00:00,1.0,22,False,False,False,False,False,0.0,0.0,0.0,0.0,,
4,2449,2024-04-17T18:20:05+00:00,1.0,22,False,False,False,False,False,0.0,0.0,0.0,0.0,,
4,2450,2024-04-17T19:15:02+00:00,1.0,22,False,False,False,False,False,0.0,0.0,0.001,0.002,,
4,2451,2024-04-17T20:10:08+00:00,1.0,22,False,False,False,False,False,0.0,0.0,0.0,0.016,,
4,2452,2024-04-17T21:05:02+00:00,1.0,22,False,False,False,True,True,0.0,0.538,0.7,0.7,,
4,2453,2024-04-17T22:00:05+00:00,1.0,22,True,True,True,True,True,1.0,1.0,1.0,1.0,,
4,2454,2024-04-17T22:55:02+00:00,1.0,22,False,False,False,False,False,0.0,0.0,0.0,0.0,,
4,2455,2024-04-17T23:50:05+00:00,1.0,22,False,False,False,False,False,0.0,0.0,0.0,0.0,,
4,2456,2024-04-18T00:45:03+00:00,1.0,12,False,False,False,False,False,0.0,0.0,0.0,0.0,,
4,2457,2024-04-18T01:40:05+00:00,1.0,1,False,False,False,False,False,0.0,0.0,0.0,0.0,,
4,2458,2024-04-18T09:00:05+00:00,1.0,9,False,False,False,False,False,0.0,0.0,0.0,0.29,,
4,2459,2024-04-18T09:55:03+00:00,1.0,20,False,False,False,False,False,0.0,0.0,0.0,0.0,,
4,2460,2024-04-18T10:50:05+00:00,1.0,22,False,False,False,False,False,0.0,0.054,0.092,0.092,,
4,2461,2024-04-18T11:45:02+00:00,1.0,22,False,False,False,True,False,0.0,0.0,0.0,0.05,,
4,2462,2024-04-18T12:40:05+00:00,1.0,22,True,True,True,True,True,0.908,0.946,0.946,0.946,,
4,2463,2024-04-18T13:35:02+00:00,1.0,22,False,False,False,False,False,0.0,0.0,0.0,0.0,,
4,2464,2024-04-18T14:30:05+00:00,1.0,22,False,False,False,False,False,0.0,0.0,0.012,0.046,,
4,2465,2024-04-18T15:25:02+00:00,1.0,22,False,False,False,False,False,0.0,0.0,0.439,0.734,,
4,2466,2024-04-18T16:20:05+00:00,1.0,22,False,False,False,False,True,0.207,0.299,0.299,0.305,,
4,2467,2024-04-18T17:15:03+00:00,1.0,22,False,False,False,False,False,0.0,0.0,0.0,0.0,,
4,2468,2024-04-18T18:10:07+00:00,1.0,22,False,False,False,False,True,0.0,0.0,0.404,0.701,,
4,2469,2024-04-18T19:05:02+00:00,1.0,22,False,False,False,False,False,0.0,0.0,0.0,0.0,,
4,2470,2024-04-18T20:00:05+00:00,1.0,22,False,False,False,False,False,0.0,0.0,0.0,0.0,,
4,2471,2024-04-18T20:55:02+00:00,1.0,22,False,False,False,False,False,0.0,0.0,0.0,0.0,,
4,2472,2024-04-18T21:50:05+00:00,1.0,22,False,False,False,False,False,0.0,0.0,0.0,0.0,,
4,2473,2024-04-18T22:45:02+00:00,1.0,22,False,False,False,False,False,0.0,0.0,0.091,0.244,,
4,2474,2024-04-18T23:40:05+00:00,1.0,22,False,False,False,False,False,0.0,0.0,0.0,0.0,,
4,2475,2024-04-19T00:35:03+00:00,1.0,22,False,False,False,False,False,0.0,0.0,0.0,0.0,,
4,2476,2024-04-19T01:30:05+00:00,1.0,22,False,False,False,False,False,0.0,0.0,0.0,0.0,,
4,2477,2024-04-19T02:25:02+00:00,1.0,22,False,False,False,False,False,0.0,0.0,0.0,0.099,,
4,2478,2024-04-19T03:20:05+00:00,1.0,22,False,False,False,False,True,0.0,0.368,0.488,0.489,,
4,2479,2024-04-19T04:15:03+00:00,1.0,22,False,False,False,False,True,0.0,0.008,0.368,0.688,,
4,2480,2024-04-19T05:10:05+00:00,1.0,22,False,False,False,False,False,0.0,0.0,0.0,0.046,,
4,2481,2024-04-19T06:05:03+00:00,1.0,22,False,False,False,False,False,0.0,0.0,0.054,0.054,,
4,2482,2024-04-19T07:00:05+00:00,1.0,22,False,False,False,False,False,0.0,0.0,0.0,0.0,,
4,2483,2024-04-19T07:55:02+00:00,1.0,22,False,False,False,False,False,0.0,0.0,0.0,0.0,,
4,2484,2024-04-19T08:50:05+00:00,1.0,13,False,False,False,False,False,0.0,0.0,0.0,0.034,,
4,2485,2024-04-19T09:45:03+00:00,1.0,2,False,False,False,False,False,0.0,0.0,0.0,0.0,,
4,2486,2024-04-20T09:35:03+00:00,1.0,2,False,False,False,False,False,0.0,0.0,0.0,0.0,,
4,2487,2024-04-20T10:30:05+00:00,1.0,13,False,False,False,False,False,0.0,0.0,0.0,0.0,,
4,2488,2024-04-20T11:25:03+00:00,1.0,22,False,False,False,False,False,0.0,0.0,0.0,0.0,,
4,2489,2024-04-20T12:20:05+00:00,1.0,22,False,False,False,False,False,0.0,0.0,0.0,0.0,,
4,2490,2024-04-20T13:15:03+00:00,1.0,22,False,False,False,True,False,0.0,0.0,0.008,0.406,,
4,2491,2024-04-20T14:10:07+00:00,1.0,22,True,True,True,True,True,1.0,1.0,1.0,1.0,,
4,2492,2024-04-20T15:05:02+00:00,1.0,22,False,False,False,False,True,0.0,0.0,0.261,0.299,,
4,2493,2024-04-20T16:00:06+00:00,1.0,22,False,False,False,False,False,0.0,0.0,0.0,0.0,,
4,2494,2024-04-20T16:55:03+00:00,1.0,22,False,False,False,False,False,0.0,0.0,0.0,0.0,,
4,2495,2024-04-20T17:50:05+00:00,1.0,22,False,False,False,False,False,0.0,0.0,0.0,0.0,,
4,2496,2024-04-20T18:45:02+00:00,1.0,22,False,False,False,False,False,0.0,0.0,0.0,0.001,,
4,2497,2024-04-20T19:40:05+00:00,1.0,22,False,False,False,False,False,0.0,0.0,0.0,0.0,,
4,2498,2024-04-20T20:35:02+00:00,1.0,22,False,False,False,False,False,0.0,0.0,0.001,0.404,,
4,2499,2024-04-20T21:30:05+00:00,1.0,22,False,False,False,False,True,0.0,0.0,0.427,0.752,,
5,2500,2024-04-20T22:25:03+00:00,1.0,22,False,False,False,False,False,0.0,0.0,0.0,0.197,,
5,2501,2024-04-20T23:20:05+00:00,1.0,22,False,False,False,False,False,0.0,0.065,0.075,0.508,,
5,2502,2024-04-21T00:15:03+00:00,1.0,22,False,True,True,True,True,0.058,0.957,0.962,0.962,,
5,2503,2024-04-21T01:10:05+00:00,1.0,22,True,True,True,True,True,1.0,1.0,1.0,1.0,,
5,2504,2024-04-21T02:05:03+00:00,1.0,22,True,True,True,True,True,1.0,1.0,1.0,1.0,,
5,2505,2024-04-21T03:00:05+00:00,1.0,22,False,True,True,True,False,0.0,0.0,0.0,0.004,,
5,2506,2024-04-21T03:55:02+00:00,1.0,22,True,True,True,True,False,0.0,0.0,0.0,0.244,,
5,2507,2024-04-21T04:50:05+00:00,1.0,22,True,True,True,True,True,1.0,1.0,1.0,1.0,,
5,2508,2024-04-21T05:45:02+00:00,1.0,22,True,False,True,True,False,0.0,0.0,0.004,0.252,,
5,2509,2024-04-21T06:40:05+00:00,1.0,22,False,False,False,True,False,0.859,0.978,0.98,0.988,,
5,2510,2024-04-21T07:35:02+00:00,1.0,22,True,True,True,True,False,0.0,0.0,0.037,0.285,,
5,2511,2024-04-21T08:30:05+00:00,1.0,22,True,True,True,True,True,0.0,0.299,0.305,0.634,,
5,2512,2024-04-21T09:25:03+00:00,1.0,22,True,True,True,True,True,1.0,1.0,1.0,1.0,,
5,2513,2024-04-21T10:20:05+00:00,1.0,22,True,True,True,True,True,1.0,1.0,1.0,1.0,,
5,2514,2024-04-21T11:15:02+00:00,1.0,22,False,False,False,False,False,0.0,0.0,0.0,0.0,,
5,2515,2024-04-21T12:10:08+00:00,1.0,21,False,False,False,False,False,0.0,0.0,0.0,0.0,,
5,2516,2024-04-21T13:05:03+00:00,1.0,10,False,False,False,False,False,0.0,0.0,0.0,0.0,,
5,2517,2024-04-21T23:10:05+00:00,1.0,3,False,False,False,False,False,0.0,0.0,0.0,0.0,,
5,2518,2024-04-22T00:05:02+00:00,1.0,10,False,False,False,False,False,0.0,0.0,0.0,0.0,,
5,2519,2024-04-22T01:00:05+00:00,1.0,7,False,False,False,False,False,0.0,0.0,0.0,0.0,,
5,2520,2024-04-22T03:45:02+00:00,20.0,0,False,False,False,False,False,0.0,0.0,0.0,0.0,,
5,2521,2024-04-22T08:20:05+00:00,20.0,0,False,False,False,False,False,0.0,0.0,0.0,0.0,,
5,2522,2024-04-22T16:35:03+00:00,20.0,0,False,False,False,False,False,0.0,0.0,0.0,0.0,,
5,2523,2024-04-22T17:30:04+00:00,20.0,0,False,False,False,False,False,0.0,0.0,0.0,0.0,,
5,2524,2024-04-22T18:25:03+00:00,20.0,0,False,False,False,False,False,0.0,0.0,0.0,0.0,,
5,2525,2024-04-22T21:10:04+00:00,1.0,8,False,False,False,False,False,0.0,0.0,0.0,0.0,,
5,2526,2024-04-22T22:05:03+00:00,1.0,18,False,False,False,False,False,0.0,0.0,0.0,0.0,,
5,2527,2024-04-22T23:00:05+00:00,1.0,20,False,False,False,False,False,0.0,0.0,0.088,0.126,,
5,2528,2024-04-22T23:55:03+00:00,1.0,13,False,False,False,False,False,0.0,0.0,0.0,0.037,,
5,2529,2024-04-23T00:50:05+00:00,1.0,6,False,False,False,False,False,0.0,0.0,0.0,0.0,,
5,2530,2024-04-23T01:45:03+00:00,1.0,14,False,False,False,False,False,0.0,0.0,0.0,0.0,,
5,2531,2024-04-23T02:40:05+00:00,1.0,22,False,False,False,False,False,0.0,0.0,0.0,0.0,,
5,2532,2024-04-23T03:35:03+00:00,1.0,22,False,False,False,False,False,0.0,0.0,0.0,0.0,,
5,2533,2024-04-23T04:30:05+00:00,1.0,22,False,False,False,False,False,0.0,0.0,0.038,0.047,,
5,2534,2024-04-23T05:25:03+00:00,1.0,22,False,True,True,True,False,0.0,0.0,0.009,0.462,,
5,2535,2024-04-23T06:20:06+00:00,1.0,22,False,False,False,True,False,0.0,0.036,0.211,0.549,,
5,2536,2024-04-23T07:15:03+00:00,1.0,22,True,True,True,True,True,1.0,1.0,1.0,1.0,,
5,2537,2024-04-23T08:10:07+00:00,1.0,22,True,True,True,True,True,1.0,1.0,1.0,1.0,,
5,2538,2024-04-23T09:05:03+00:00,1.0,22,True,True,True,True,True,1.0,1.0,1.0,1.0,,
5,2539,2024-04-23T10:00:05+00:00,1.0,22,True,False,False,True,False,0.214,0.379,0.792,0.843,,
5,2540,2024-04-23T10:55:03+00:00,1.0,22,False,False,True,True,True,0.642,0.649,0.744,0.75,,
5,2541,2024-04-23T11:50:05+00:00,1.0,22,False,True,True,True,False,0.0,0.763,0.99,0.991,,
5,2542,2024-04-23T12:45:03+00:00,1.0,22,False,False,False,True,False,0.0,0.0,0.0,0.256,,
5,2543,2024-04-23T13:40:05+00:00,1.0,22,False,True,True,True,True,1.0,1.0,1.0,1.0,,
5,2544,2024-04-23T14:35:02+00:00,1.0,22,False,True,True,True,False,0.0,0.0,0.014,0.063,,
5,2545,2024-04-23T15:30:05+00:00,1.0,22,True,True,True,True,False,0.0,0.091,0.373,0.432,,
5,2546,2024-04-23T16:25:03+00:00,1.0,22,False,False,False,False,False,0.0,0.0,0.469,0.469,,
5,2547,2024-04-23T17:20:05+00:00,1.0,22,False,False,False,False,False,0.0,0.0,0.0,0.034,,
5,2548,2024-04-23T18:15:02+00:00,1.0,22,False,False,False,False,False,0.0,0.0,0.0,0.091,,
5,2549,2024-04-23T19:10:05+00:00,1.0,22,False,False,False,False,False,0.0,0.0,0.002,0.026,,
5,2550,2024-04-23T20:05:02+00:00,1.0,22,False,False,True,True,True,0.0,0.0,0.358,0.659,,
5,2551,2024-04-23T21:00:05+00:00,1.0,22,False,False,False,False,False,0.0,0.0,0.0,0.0,,
5,2552,2024-04-23T21:55:02+00:00,1.0,22,False,False,True,True,False,0.0,0.0,0.0,0.0,,
5,2553,2024-04-23T22:50:05+00:00,1.0,22,False,False,False,False,False,0.0,0.0,0.0,0.0,,
5,2554,2024-04-23T23:45:03+00:00,1.0,22,False,False,False,False,False,0.0,0.0,0.0,0.054,,
5,2555,2024-04-24T00:40:05+00:00,1.0,22,False,False,False,False,False,0.0,0.0,0.0,0.037,,
5,2556,2024-04-24T01:35:02+00:00,1.0,14,False,False,False,False,False,0.0,0.0,0.0,0.0,,
5,2557,2024-04-24T02:30:05+00:00,1.0,3,False,False,False,False,False,0.0,0.0,0.0,0.0,,
5,2558,2024-04-24T05:15:02+00:00,1.0,11,False,False,False,False,False,0.0,0.0,0.0,0.0,,
5,2559,2024-04-24T06:10:07+00:00,1.0,22,False,False,False,False,False,0.0,0.0,0.0,0.0,,
5,2560,2024-04-24T07:05:02+00:00,1.0,22,False,False,False,False,False,0.0,0.0,0.0,0.0,,
5,2561,2024-04-24T08:00:05+00:00,1.0,22,False,False,False,False,False,0.0,0.0,0.0,0.0,,
5,2562,2024-04-24T08:55:02+00:00,1.0,22,False,False,False,False,False,0.0,0.0,0.403,0.403,,
5,2563,2024-04-24T09:50:05+00:00,1.0,22,False,False,False,False,False,0.0,0.0,0.0,0.0,,
5,2564,2024-04-24T10:45:02+00:00,1.0,22,False,False,False,False,False,0.0,0.0,0.29,0.29,,
5,2565,2024-04-24T11:40:05+00:00,1.0,22,False,False,False,False,False,0.0,0.0,0.123,0.123,,
5,2566,2024-04-24T12:35:02+00:00,1.0,22,False,False,False,False,False,0.0,0.0,0.302,0.54,,
5,2567,2024-04-24T13:30:05+00:00,1.0,22,False,False,False,False,True,0.0,0.0,0.647,0.65,,
5,2568,2024-04-24T14:25:03+00:00,1.0,22,False,False,False,False,True,0.0,0.405,0.647,0.768,,
5,2569,2024-04-24T15:20:05+00:00,1.0,22,False,False,False,False,False,0.0,0.0,0.0,0.891,,
5,2570,2024-04-24T16:15:02+00:00,1.0,22,False,False,False,False,True,0.908,0.946,0.946,0.946,,
5,2571,2024-04-24T17:10:05+00:00,1.0,22,False,False,False,False,False,0.0,0.0,0.0,0.002,,
5,2572,2024-04-24T18:05:02+00:00,1.0,22,False,False,False,False,False,0.0,0.153,0.693,0.708,,
5,2573,2024-04-24T19:00:04+00:00,1.0,22,False,False,False,False,False,0.0,0.0,0.0,0.0,,
5,2574,2024-04-24T19:55:02+00:00,1.0,22,False,True,True,True,True,0.0,0.0,0.632,0.781,,
5,2575,2024-04-24T20:50:05+00:00,1.0,22,True,True,True,True,True,1.0,1.0,1.0,1.0,,
5,2576,2024-04-24T21:45:03+00:00,1.0,22,True,True,True,True,True,1.0,1.0,1.0,1.0,,
5,2577,2024-04-24T22:40:05+00:00,1.0,22,False,False,False,False,False,0.0,0.0,0.0,0.0,,
5,2578,2024-04-24T23:35:03+00:00,1.0,22,False,False,False,False,False,0.0,0.0,0.0,0.0,,
5,2579,2024-04-25T00:30:05+00:00,1.0,22,False,False,False,False,False,0.0,0.0,0.034,0.034,,
5,2580,2024-04-25T01:25:02+00:00,1.0,22,False,False,False,False,False,0.0,0.0,0.0,0.043,,
5,2581,2024-04-25T02:20:05+00:00,1.0,22,False,False,False,False,False,0.0,0.0,0.0,0.153,,
5,2582,2024-04-25T03:15:02+00:00,1.0,22,False,False,False,False,False,0.0,0.0,0.0,0.0,,
5,2583,2024-04-25T04:10:07+00:00,1.0,22,False,False,False,False,False,0.0,0.062,0.062,0.062,,
5,2584,2024-04-25T05:05:02+00:00,1.0,21,False,False,False,False,False,0.0,0.0,0.005,0.338,,
5,2585,2024-04-25T06:00:05+00:00,1.0,21,False,False,False,False,False,0.0,0.0,0.0,0.002,,
5,2586,2024-04-25T06:55:02+00:00,1.0,22,False,False,False,False,False,0.0,0.0,0.013,0.013,,
5,2587,2024-04-25T07:50:05+00:00,1.0,12,False,False,False,False,False,0.0,0.0,0.0,0.0,,
5,2588,2024-04-25T08:45:03+00:00,1.0,2,False,False,False,True,False,0.0,0.0,0.0,0.0,,
5,2589,2024-04-25T09:40:05+00:00,1.0,12,False,True,True,True,False,0.0,0.0,0.0,0.0,,
5,2590,2024-04-25T10:35:03+00:00,1.0,22,False,True,True,True,False,0.0,0.0,0.0,0.0,,
5,2591,2024-04-25T11:30:05+00:00,1.0,22,False,False,False,False,False,0.0,0.0,0.0,0.0,,
5,2592,2024-04-25T12:25:03+00:00,1.0,22,False,False,False,False,False,0.0,0.0,0.0,0.0,,
5,2593,2024-04-25T13:20:05+00:00,1.0,22,False,False,False,False,False,0.0,0.0,0.0,0.0,,
5,2594,2024-04-25T14:15:03+00:00,1.0,22,False,False,False,False,False,0.0,0.0,0.0,0.0,,
5,2595,2024-04-25T15:10:05+00:00,1.0,22,False,False,False,False,False,0.0,0.0,0.403,0.403,,
5,2596,2024-04-25T16:05:03+00:00,1.0,20,False,False,False,False,False,0.0,0.0,0.0,0.0,,
5,2597,2024-04-25T17:00:05+00:00,1.0,9,False,False,False,False,False,0.0,0.0,0.0,0.0,,
5,2598,2024-04-25T21:35:03+00:00,1.0,11,False,False,True,True,False,0.0,0.0,0.0,0.0,,
5,2599,2024-04-25T22:30:05+00:00,1.0,22,True,False,False,False,True,1.0,1.0,1.0,1.0,,
5,2600,2024-04-25T23:25:03+00:00,1.0,22,False,False,False,False,False,0.0,0.0,0.0,0.019,,
5,2601,2024-04-26T00:20:05+00:00,1.0,22,False,False,False,False,False,0.0,0.0,0.0,0.0,,
5,2602,2024-04-26T01:15:03+00:00,1.0,22,False,False,False,False,False,0.0,0.0,0.0,0.0,,
5,2603,2024-04-26T02:10:07+00:00,1.0,22,False,False,False,False,False,0.0,0.0,0.0,0.0,,
5,2604,2024-04-26T03:05:03+00:00,1.0,22,False,False,False,False,False,0.0,0.0,0.0,0.0,,
5,2605,2024-04-26T04:00:05+00:00,1.0,22,False,False,False,False,False,0.0,0.0,0.0,0.073,,
5,2606,2024-04-26T04:55:03+00:00,1.0,22,False,False,False,False,False,0.0,0.0,0.0,0.0,,
5,2607,2024-04-26T05:50:05+00:00,1.0,21,False,False,False,False,False,0.0,0.0,0.0,0.037,,
5,2608,2024-04-26T06:45:02+00:00,1.0,10,False,False,False,False,False,0.0,0.0,0.0,0.0,,
5,2609,2024-04-26T07:40:05+00:00,1.0,10,False,False,False,False,False,0.0,0.0,0.0,0.0,,
5,2610,2024-04-26T08:35:02+00:00,1.0,21,False,False,True,True,False,0.0,0.0,0.0,0.0,,
5,2611,2024-04-26T09:30:05+00:00,1.0,22,True,True,True,True,True,1.0,1.0,1.0,1.0,,
5,2612,2024-04-26T10:25:02+00:00,1.0,22,True,True,True,True,False,0.0,0.0,0.0,0.0,,
5,2613,2024-04-26T11:20:05+00:00,1.0,22,True,True,True,True,True,1.0,1.0,1.0,1.0,,
5,2614,2024-04-26T12:15:03+00:00,1.0,22,True,True,True,True,True,1.0,1.0,1.0,1.0,,
5,2615,2024-04-26T13:10:05+00:00,1.0,19,True,True,True,True,True,1.0,1.0,1.0,1.0,,
5,2616,2024-04-26T14:05:03+00:00,1.0,8,False,False,False,False,False,0.0,0.0,0.0,0.0,,
5,2617,2024-04-26T15:55:02+00:00,20.0,0,False,False,False,False,False,0.0,0.0,0.0,0.0,,
5,2618,2024-04-26T23:15:02+00:00,1.0,9,False,False,False,False,False,0.0,0.0,0.0,0.0,,
5,2619,2024-04-27T00:10:07+00:00,1.0,20,False,False,False,False,False,0.0,0.0,0.0,0.0,,
5,2620,2024-04-27T01:05:03+00:00,1.0,18,False,False,False,False,False,0.0,0.0,0.0,0.0,,
5,2621,2024-04-27T02:00:05+00:00,1.0,7,False,False,False,False,False,0.0,0.0,0.0,0.0,,
5,2622,2024-04-27T04:45:03+00:00,20.0,0,False,False,False,False,False,0.0,0.0,0.0,0.0,,
5,2623,2024-04-27T15:45:02+00:00,20.0,0,False,False,False,False,False,0.0,0.0,0.0,0.0,,
5,2624,2024-04-27T20:20:05+00:00,20.0,0,False,False,False,False,False,0.0,0.0,0.0,0.0,,
5,2625,2024-04-28T00:55:03+00:00,20.0,0,False,False,False,False,False,0.0,0.0,0.0,0.0,,
5,2626,2024-04-29T00:45:03+00:00,20.0,0,False,False,False,False,False,0.0,0.0,0.0,0.0,,
5,2627,2024-04-29T13:35:02+00:00,20.0,0,False,False,False,False,False,0.0,0.0,0.0,0.0,,
5,2628,2024-04-30T13:25:03+00:00,20.0,0,False,False,False,False,False,0.0,0.0,0.0,0.0,,
5,2629,2024-04-30T15:15:02+00:00,1.0,2,False,False,False,False,False,0.0,0.0,0.0,0.0,,
5,2630,2024-04-30T16:10:07+00:00,1.0,12,False,False,False,False,False,0.0,0.0,0.0,0.0,,
5,2631,2024-04-30T17:05:03+00:00,1.0,11,False,False,False,False,False,0.0,0.0,0.001,0.003,,
5,2632,2024-04-30T18:00:05+00:00,1.0,1,False,False,False,False,False,0.0,0.0,0.001,0.001,,
5,2633,2024-05-01T05:55:03+00:00,1.0,4,False,False,False,False,False,0.0,0.0,0.0,0.0,,
5,2634,2024-05-01T06:50:05+00:00,1.0,15,False,False,False,False,False,0.0,0.0,0.0,0.0,,
5,2635,2024-05-01T07:45:03+00:00,1.0,22,False,False,False,False,False,0.0,0.0,0.0,0.061,,
5,2636,2024-05-01T08:40:05+00:00,1.0,22,False,False,False,False,False,0.0,0.0,0.0,0.0,,
5,2637,2024-05-01T09:35:02+00:00,1.0,22,False,False,False,False,False,0.0,0.0,0.0,0.026,,
5,2638,2024-05-01T10:30:05+00:00,1.0,22,False,False,False,False,False,0.0,0.0,0.0,0.0,,
5,2639,2024-05-01T11:25:03+00:00,1.0,22,False,False,False,False,False,0.0,0.0,0.0,0.0,,
5,2640,2024-05-01T12:20:05+00:00,1.0,22,False,False,False,False,False,0.0,0.0,0.0,0.0,,
5,2641,2024-05-01T13:15:03+00:00,1.0,22,False,False,False,False,False,0.0,0.0,0.0,0.0,,
5,2642,2024-05-01T14:10:07+00:00,1.0,22,False,False,False,False,False,0.0,0.0,0.0,0.018,,
5,2643,2024-05-01T15:05:02+00:00,1.0,22,False,False,False,False,True,0.0,0.0,0.435,0.891,,
5,2644,2024-05-01T16:00:05+00:00,1.0,22,False,False,True,True,True,0.0,0.0,0.454,0.486,,
5,2645,2024-05-01T16:55:03+00:00,1.0,22,False,False,False,False,True,0.992,0.992,0.992,0.992,,
5,2646,2024-05-01T17:50:05+00:00,1.0,22,False,False,False,True,False,0.0,0.187,0.313,0.557,,
5,2647,2024-05-01T18:45:03+00:00,1.0,22,False,True,True,True,True,1.0,1.0,1.0,1.0,,
5,2648,2024-05-01T19:40:05+00:00,1.0,22,True,True,True,True,True,1.0,1.0,1.0,1.0,,
5,2649,2024-05-01T20:35:03+00:00,1.0,22,True,False,True,True,True,1.0,1.0,1.0,1.0,,
5,2650,2024-05-01T21:30:05+00:00,1.0,22,False,True,True,True,True,1.0,1.0,1.0,1.0,,
5,2651,2024-05-01T22:25:02+00:00,1.0,22,False,False,False,False,False,0.0,0.0,0.002,0.013,,
5,2652,2024-05-01T23:20:05+00:00,1.0,22,False,False,True,True,False,0.0,0.075,0.093,0.093,,
5,2653,2024-05-02T00:15:03+00:00,1.0,22,False,False,True,True,False,0.0,0.057,0.059,0.062,,
5,2654,2024-05-02T01:10:05+00:00,1.0,22,False,False,False,True,False,0.0,0.409,0.669,0.698,,
5,2655,2024-05-02T02:05:03+00:00,1.0,22,False,True,True,True,True,0.0,0.593,0.685,0.685,,
5,2656,2024-05-02T03:00:05+00:00,1.0,22,False,False,False,False,True,1.0,1.0,1.0,1.0,,
5,2657,2024-05-02T03:55:03+00:00,1.0,22,False,False,False,True,False,0.0,0.011,0.023,0.106,,
5,2658,2024-05-02T04:50:05+00:00,1.0,22,True,True,True,True,False,0.0,0.0,0.441,0.441,,
5,2659,2024-05-02T05:45:03+00:00,1.0,22,True,True,True,True,True,1.0,1.0,1.0,1.0,,
5,2660,2024-05-02T06:40:05+00:00,1.0,22,True,True,True,True,True,1.0,1.0,1.0,1.0,,
5,2661,2024-05-02T07:35:03+00:00,1.0,22,True,False,False,False,True,1.0,1.0,1.0,1.0,,
5,2662,2024-05-02T08:30:05+00:00,1.0,22,False,False,False,False,True,0.26,0.701,0.701,0.701,,
5,2663,2024-05-02T09:25:02+00:00,1.0,22,False,True,True,True,True,0.077,0.271,0.271,0.271,,
5,2664,2024-05-02T10:20:05+00:00,1.0,22,True,True,True,True,True,1.0,1.0,1.0,1.0,,
5,2665,2024-05-02T11:15:03+00:00,1.0,22,True,True,True,True,True,0.0,0.0,0.585,0.647,,
5,2666,2024-05-02T12:10:07+00:00,1.0,22,False,False,False,False,False,0.0,0.0,0.0,0.0,,
5,2667,2024-05-02T13:05:03+00:00,1.0,22,False,False,False,False,False,0.054,0.054,0.054,0.054,,
5,2668,2024-05-02T14:00:05+00:00,1.0,22,False,False,False,False,False,0.0,0.0,0.0,0.0,,
5,2669,2024-05-02T14:55:03+00:00,1.0,22,False,False,False,False,False,0.0,0.0,0.0,0.0,,
5,2670,2024-05-02T15:50:05+00:00,1.0,22,False,False,False,False,False,0.0,0.0,0.0,0.0,,
5,2671,2024-05-02T16:45:03+00:00,1.0,22,False,False,False,False,False,0.0,0.0,0.091,0.423,,
5,2672,2024-05-02T17:40:05+00:00,1.0,22,False,False,False,True,False,0.0,0.034,0.054,0.138,,
5,2673,2024-05-02T18:35:03+00:00,1.0,22,False,True,True,True,True,0.0,0.268,0.457,0.57,,
5,2674,2024-05-02T19:30:05+00:00,1.0,22,True,True,True,True,True,1.0,1.0,1.0,1.0,,
5,2675,2024-05-02T20:25:03+00:00,1.0,22,True,True,True,True,True,1.0,1.0,1.0,1.0,,
5,2676,2024-05-02T21:20:05+00:00,1.0,22,False,False,False,False,False,0.0,0.0,0.0,0.0,,
5,2677,2024-05-02T22:15:03+00:00,1.0,22,False,False,False,False,False,0.0,0.0,0.0,0.0,,
5,2678,2024-05-02T23:10:05+00:00,1.0,22,False,False,False,False,False,0.0,0.0,0.091,0.091,,
5,2679,2024-05-03T00:05:03+00:00,1.0,22,False,False,False,True,False,0.0,0.0,0.046,0.046,,
5,2680,2024-05-03T01:00:05+00:00,1.0,22,True,False,False,False,True,1.0,1.0,1.0,1.0,,
5,2681,2024-05-03T01:55:03+00:00,1.0,22,False,False,True,True,False,0.0,0.0,0.0,0.004,,
5,2682,2024-05-03T02:50:05+00:00,1.0,22,True,True,True,True,True,1.0,1.0,1.0,1.0,,
5,2683,2024-05-03T03:45:03+00:00,1.0,22,False,True,True,True,False,0.0,0.0,0.01,0.593,,
5,2684,2024-05-03T04:40:05+00:00,1.0,22,True,True,True,True,True,1.0,1.0,1.0,1.0,,
5,2685,2024-05-03T05:35:02+00:00,1.0,22,True,True,True,True,False,0.0,0.103,0.103,0.121,,
5,2686,2024-05-03T06:30:05+00:00,1.0,22,True,False,False,False,False,0.0,0.0,0.0,0.0,,
5,2687,2024-05-03T07:25:02+00:00,1.0,22,False,False,False,False,False,0.0,0.0,0.0,0.0,,
5,2688,2024-05-03T08:20:05+00:00,1.0,22,False,True,True,True,False,0.0,0.0,0.0,0.0,,
5,2689,2024-05-03T09:15:02+00:00,1.0,22,False,False,False,True,True,0.299,0.306,0.306,0.306,,
5,2690,2024-05-03T10:10:07+00:00,1.0,22,True,True,True,True,True,1.0,1.0,1.0,1.0,,
5,2691,2024-05-03T11:05:03+00:00,1.0,22,False,False,False,False,False,0.0,0.0,0.0,0.0,,
5,2692,2024-05-03T12:00:05+00:00,1.0,22,False,False,False,False,False,0.0,0.0,0.0,0.007,,
5,2693,2024-05-03T12:55:02+00:00,1.0,22,False,False,False,False,False,0.0,0.205,0.61,0.611,,
5,2694,2024-05-03T13:50:05+00:00,1.0,22,False,False,False,False,False,0.0,0.0,0.248,0.258,,
5,2695,2024-05-03T14:45:02+00:00,1.0,22,False,False,False,False,True,0.0,0.0,0.697,0.697,,
5,2696,2024-05-03T15:40:05+00:00,1.0,22,False,False,False,False,False,0.0,0.0,0.002,0.106,,
5,2697,2024-05-03T16:35:03+00:00,1.0,22,False,False,False,False,False,0.0,0.0,0.0,0.447,,
5,2698,2024-05-03T17:30:05+00:00,1.0,20,False,False,False,False,False,0.0,0.0,0.0,0.0,,
5,2699,2024-05-03T18:25:03+00:00,1.0,9,False,False,False,False,False,0.0,0.0,0.0,0.0,,
5,2700,2024-05-03T19:20:05+00:00,1.0,9,False,False,False,True,False,0.0,0.0,0.0,0.0,,
5,2701,2024-05-03T20:15:02+00:00,1.0,20,True,True,True,True,True,1.0,1.0,1.0,1.0,,
5,2702,2024-05-03T21:10:05+00:00,1.0,22,False,False,False,True,False,0.0,0.0,0.0,0.0,,
5,2703,2024-05-03T22:05:03+00:00,1.0,22,True,True,True,True,True,1.0,1.0,1.0,1.0,,
5,2704,2024-05-03T23:00:05+00:00,1.0,22,False,False,False,False,False,0.0,0.0,0.0,0.0,,
5,2705,2024-05-03T23:55:03+00:00,1.0,22,False,False,False,False,False,0.0,0.0,0.0,0.0,,
5,2706,2024-05-04T00:50:05+00:00,1.0,18,False,False,False,False,False,0.0,0.0,0.0,0.0,,
5,2707,2024-05-04T01:45:02+00:00,1.0,7,False,False,False,False,False,0.0,0.0,0.0,0.0,,
5,2708,2024-05-04T03:35:03+00:00,1.0,4,False,False,False,False,False,0.0,0.0,0.0,0.0,,
5,2709,2024-05-04T04:30:05+00:00,1.0,15,False,False,False,False,False,0.0,0.0,0.0,0.0,,
5,2710,2024-05-04T05:25:02+00:00,1.0,14,False,False,False,False,False,0.0,0.0,0.0,0.0,,
5,2711,2024-05-04T06:20:05+00:00,1.0,3,False,False,False,False,False,0.0,0.0,0.0,0.0,,
5,2712,2024-05-04T07:15:02+00:00,20.0,0,False,False,False,False,False,0.0,0.0,0.0,0.0,,
5,2713,2024-05-05T19:00:05+00:00,20.0,0,False,False,False,False,False,0.0,0.0,0.0,0.0,,
5,2714,2024-05-06T05:05:02+00:00,20.0,0,False,False,False,False,False,0.0,0.0,0.0,0.0,,
5,2715,2024-05-06T09:40:05+00:00,20.0,0,False,False,False,False,False,0.0,0.0,0.0,0.0,,
5,2716,2024-05-06T22:30:04+00:00,20.0,0,False,False,False,False,False,0.0,0.0,0.0,0.0,,
5,2717,2024-05-07T00:20:05+00:00,20.0,0,False,False,False,False,False,0.0,0.0,0.0,0.0,,
5,2718,2024-05-07T04:55:03+00:00,20.0,0,False,False,False,False,False,0.0,0.0,0.0,0.0,,
5,2719,2024-05-07T06:45:03+00:00,20.0,0,False,False,False,False,False,0.0,0.0,0.0,0.0,,
5,2720,2024-05-07T10:25:03+00:00,1.0,8,False,False,False,False,False,0.0,0.0,0.0,0.0,,
5,2721,2024-05-07T11:20:05+00:00,1.0,19,False,False,False,False,False,0.0,0.0,0.0,0.0,,
5,2722,2024-05-07T12:15:02+00:00,1.0,22,False,False,False,False,False,0.0,0.0,0.0,0.0,,
5,2723,2024-05-07T13:10:05+00:00,1.0,12,False,False,False,False,False,0.0,0.0,0.0,0.0,,
5,2724,2024-05-07T14:05:02+00:00,1.0,1,False,False,False,False,False,0.0,0.0,0.0,0.0,,
5,2725,2024-05-07T20:30:05+00:00,1.0,7,False,False,False,False,False,0.0,0.0,0.0,0.0,,
5,2726,2024-05-07T21:25:02+00:00,1.0,18,False,False,False,False,False,0.0,0.0,0.0,0.0,,
5,2727,2024-05-07T22:20:05+00:00,1.0,22,False,False,False,False,False,0.0,0.0,0.0,0.008,,
5,2728,2024-05-07T23:15:02+00:00,1.0,22,False,False,True,True,False,0.0,0.074,0.191,0.697,,
5,2729,2024-05-08T00:10:07+00:00,1.0,22,True,True,True,True,True,1.0,1.0,1.0,1.0,,
5,2730,2024-05-08T01:05:03+00:00,1.0,22,True,True,True,True,True,1.0,1.0,1.0,1.0,,
5,2731,2024-05-08T02:00:05+00:00,1.0,22,True,True,True,True,True,0.0,0.64,0.761,0.853,,
5,2732,2024-05-08T02:55:03+00:00,1.0,22,True,True,True,True,False,0.054,0.061,0.062,0.062,,
5,2733,2024-05-08T03:50:05+00:00,1.0,19,False,False,False,False,False,0.0,0.0,0.0,0.0,,
5,2734,2024-05-08T04:45:03+00:00,1.0,8,False,False,False,False,False,0.0,0.0,0.008,0.046,,
5,2735,2024-05-08T05:40:05+00:00,20.0,0,False,False,False,False,False,0.0,0.0,0.0,0.0,,
5,2736,2024-05-08T14:50:05+00:00,1.0,6,False,False,False,False,False,0.0,0.0,0.0,0.0,,
5,2737,2024-05-08T15:45:02+00:00,1.0,17,False,False,False,False,False,0.0,0.0,0.0,0.252,,
5,2738,2024-05-08T16:40:04+00:00,1.0,22,False,False,False,False,False,0.0,0.0,0.0,0.0,,
5,2739,2024-05-08T17:35:03+00:00,1.0,22,False,False,False,False,False,0.0,0.0,0.0,0.0,,
5,2740,2024-05-08T18:30:05+00:00,1.0,22,False,False,False,False,False,0.0,0.0,0.0,0.061,,
5,2741,2024-05-08T19:25:02+00:00,1.0,22,False,False,False,False,False,0.0,0.0,0.0,0.0,,
5,2742,2024-05-08T20:20:05+00:00,1.0,22,False,False,False,False,False,0.0,0.0,0.0,0.0,,
5,2743,2024-05-08T21:15:02+00:00,1.0,22,False,False,False,False,False,0.0,0.0,0.0,0.0,,
5,2744,2024-05-08T22:10:07+00:00,1.0,22,False,False,False,False,False,0.0,0.0,0.0,0.0,,
5,2745,2024-05-08T23:05:02+00:00,1.0,22,False,False,False,False,False,0.0,0.0,0.0,0.0,,
5,2746,2024-05-09T00:00:04+00:00,1.0,22,False,False,False,False,False,0.0,0.0,0.0,0.0,,
5,2747,2024-05-09T00:55:03+00:00,1.0,22,False,False,False,False,False,0.0,0.0,0.0,0.0,,
5,2748,2024-05-09T01:50:05+00:00,1.0,22,False,False,False,False,False,0.0,0.0,0.0,0.0,,
5,2749,2024-05-09T02:45:02+00:00,1.0,22,False,False,False,False,False,0.0,0.0,0.001,0.002,,
5,2750,2024-05-09T03:40:05+00:00,1.0,22,False,False,False,False,False,0.0,0.0,0.0,0.0,,
5,2751,2024-05-09T04:35:03+00:00,1.0,22,False,False,False,False,False,0.0,0.0,0.005,0.006,,
5,2752,2024-05-09T05:30:05+00:00,1.0,22,False,False,False,False,False,0.0,0.0,0.054,0.478,,
5,2753,2024-05-09T06:25:02+00:00,1.0,22,False,False,False,True,True,0.0,0.005,0.613,0.829,,
5,2754,2024-05-09T07:20:05+00:00,1.0,22,True,True,True,True,True,1.0,1.0,1.0,1.0,,
5,2755,2024-05-09T08:15:03+00:00,1.0,22,True,True,True,True,True,1.0,1.0,1.0,1.0,,
5,2756,2024-05-09T09:10:05+00:00,1.0,22,True,True,True,True,True,0.545,0.545,0.545,0.554,,
5,2757,2024-05-09T10:05:03+00:00,1.0,13,False,False,False,False,False,0.0,0.005,0.007,0.007,,
5,2758,2024-05-09T11:00:05+00:00,1.0,2,False,False,False,False,False,0.0,0.0,0.0,0.0,,
5,2759,2024-05-09T14:40:05+00:00,1.0,2,False,False,False,False,False,0.0,0.0,0.0,0.0,,
5,2760,2024-05-09T15:35:03+00:00,1.0,6,False,False,False,False,False,0.0,0.0,0.0,0.008,,
5,2761,2024-05-09T16:30:05+00:00,1.0,4,False,False,False,False,False,0.0,0.0,0.0,0.0,,
5,2762,2024-05-10T10:50:05+00:00,1.0,8,False,False,False,False,False,0.0,0.0,0.0,0.0,,
5,2763,2024-05-10T11:45:03+00:00,1.0,19,False,False,False,False,False,0.0,0.0,0.0,0.0,,
5,2764,2024-05-10T12:40:05+00:00,1.0,22,False,False,False,True,False,0.0,0.0,0.0,0.073,,
5,2765,2024-05-10T13:35:02+00:00,1.0,22,False,False,True,True,False,0.0,0.0,0.0,0.565,,
5,2766,2024-05-10T14:30:05+00:00,1.0,22,False,False,True,True,False,0.0,0.0,0.0,0.0,,
5,2767,2024-05-10T15:25:02+00:00,1.0,22,True,True,True,True,True,1.0,1.0,1.0,1.0,,
5,2768,2024-05-10T16:20:05+00:00,1.0,22,False,False,False,False,True,0.0,0.551,0.701,0.701,,
5,2769,2024-05-10T17:15:03+00:00,1.0,20,False,False,False,False,False,0.0,0.173,0.344,0.42,,
5,2770,2024-05-10T18:10:07+00:00,1.0,9,False,False,False,False,False,0.0,0.0,0.001,0.003,,
5,2771,2024-05-12T09:35:03+00:00,1.0,6,False,False,False,True,False,0.0,0.0,0.0,0.0,,
5,2772,2024-05-12T10:30:05+00:00,1.0,17,False,False,False,True,False,0.0,0.0,0.0,0.0,,
5,2773,2024-05-12T11:25:03+00:00,1.0,22,True,True,True,True,True,1.0,1.0,1.0,1.0,,
5,2774,2024-05-12T12:20:05+00:00,1.0,22,False,False,False,False,False,0.0,0.0,0.0,0.0,,
5,2775,2024-05-12T13:15:03+00:00,1.0,22,False,False,False,False,False,0.0,0.0,0.0,0.403,,
5,2776,2024-05-12T14:10:07+00:00,1.0,22,False,False,False,False,True,0.0,0.041,0.593,0.704,,
5,2777,2024-05-12T15:05:03+00:00,1.0,22,False,False,False,False,False,0.0,0.046,0.056,0.289,,
5,2778,2024-05-12T16:00:05+00:00,1.0,22,False,False,False,False,True,0.0,0.037,0.701,0.701,,
5,2779,2024-05-12T16:55:02+00:00,1.0,22,False,False,False,False,True,0.0,0.261,0.299,0.3,,
5,2780,2024-05-12T17:50:05+00:00,1.0,22,False,False,False,False,False,0.0,0.0,0.0,0.0,,
5,2781,2024-05-12T18:45:02+00:00,1.0,16,False,False,False,False,False,0.0,0.0,0.0,0.0,,
5,2782,2024-05-12T19:40:05+00:00,1.0,5,False,False,False,False,False,0.0,0.0,0.0,0.0,,
5,2783,2024-05-13T11:15:02+00:00,1.0,4,False,False,False,False,False,0.0,0.0,0.146,0.28,,
5,2784,2024-05-13T12:10:07+00:00,1.0,15,False,False,False,False,False,0.0,0.0,0.0,0.442,,
5,2785,2024-05-13T13:05:03+00:00,1.0,22,False,False,False,False,False,0.0,0.0,0.0,0.655,,
5,2786,2024-05-13T14:00:05+00:00,1.0,22,False,False,False,False,False,0.0,0.0,0.0,0.001,,
5,2787,2024-05-13T14:55:02+00:00,1.0,22,False,False,False,False,False,0.0,0.0,0.0,0.0,,
5,2788,2024-05-13T15:50:05+00:00,1.0,22,False,False,False,False,False,0.0,0.0,0.0,0.0,,
5,2789,2024-05-13T16:45:03+00:00,1.0,22,False,False,False,False,False,0.0,0.0,0.0,0.0,,
5,2790,2024-05-13T17:40:05+00:00,1.0,22,False,False,False,False,False,0.0,0.0,0.0,0.0,,
5,2791,2024-05-13T18:35:02+00:00,1.0,19,False,False,False,False,False,0.0,0.0,0.0,0.0,,
5,2792,2024-05-13T19:30:05+00:00,1.0,8,False,False,False,False,False,0.0,0.0,0.0,0.0,,
5,2793,2024-05-14T00:05:02+00:00,1.0,7,False,False,False,False,False,0.0,0.0,0.0,0.0,,
5,2794,2024-05-14T01:00:05+00:00,1.0,18,False,False,False,False,False,0.0,0.0,0.0,0.0,,
5,2795,2024-05-14T01:55:03+00:00,1.0,22,False,False,False,False,False,0.0,0.0,0.299,0.305,,
5,2796,2024-05-14T02:50:05+00:00,1.0,22,False,False,False,False,False,0.0,0.0,0.0,0.686,,
5,2797,2024-05-14T03:45:02+00:00,1.0,22,False,False,True,True,True,0.279,0.962,0.963,0.968,,
5,2798,2024-05-14T04:40:05+00:00,1.0,22,True,True,True,True,True,1.0,1.0,1.0,1.0,,
5,2799,2024-05-14T05:35:03+00:00,1.0,22,True,True,True,True,False,0.0,0.0,0.0,0.073,,
5,2800,2024-05-14T06:30:05+00:00,1.0,22,True,True,True,True,True,0.007,0.829,0.872,0.898,,
5,2801,2024-05-14T07:25:02+00:00,1.0,22,True,True,True,True,True,1.0,1.0,1.0,1.0,,
5,2802,2024-05-14T08:20:05+00:00,1.0,22,True,True,True,True,True,1.0,1.0,1.0,1.0,,
5,2803,2024-05-14T09:15:02+00:00,1.0,22,False,True,True,True,True,0.0,0.464,0.464,0.464,,
5,2804,2024-05-14T10:10:07+00:00,1.0,22,False,False,False,False,False,0.0,0.02,0.02,0.02,,
5,2805,2024-05-14T11:05:03+00:00,1.0,22,False,False,False,False,False,0.0,0.0,0.0,0.0,,
5,2806,2024-05-14T12:00:05+00:00,1.0,22,False,False,False,False,False,0.0,0.049,0.049,0.049,,
5,2807,2024-05-14T12:55:03+00:00,1.0,22,False,False,False,False,False,0.0,0.0,0.0,0.001,,
5,2808,2024-05-14T13:50:05+00:00,1.0,22,False,False,False,False,False,0.0,0.0,0.0,0.0,,
5,2809,2024-05-14T14:45:02+00:00,1.0,22,False,False,False,False,False,0.0,0.0,0.0,0.0,,
5,2810,2024-05-14T15:40:05+00:00,1.0,22,False,False,False,False,False,0.0,0.0,0.0,0.046,,
5,2811,2024-05-14T16:35:02+00:00,1.0,22,False,False,False,False,False,0.0,0.005,0.027,0.027,,
5,2812,2024-05-14T17:30:05+00:00,1.0,22,False,False,False,False,False,0.0,0.0,0.207,0.244,,
5,2813,2024-05-14T18:25:03+00:00,1.0,22,False,False,False,False,False,0.0,0.0,0.0,0.0,,
5,2814,2024-05-14T19:20:05+00:00,1.0,22,False,False,False,False,False,0.0,0.0,0.0,0.02,,
5,2815,2024-05-14T20:15:02+00:00,1.0,22,False,False,False,True,True,0.0,0.0,0.354,0.355,,
5,2816,2024-05-14T21:10:04+00:00,1.0,22,True,True,True,True,True,1.0,1.0,1.0,1.0,,
5,2817,2024-05-14T22:05:03+00:00,1.0,22,True,True,True,True,True,1.0,1.0,1.0,1.0,,
5,2818,2024-05-14T23:00:05+00:00,1.0,22,True,True,True,True,True,1.0,1.0,1.0,1.0,,
5,2819,2024-05-14T23:55:02+00:00,1.0,22,True,True,True,True,True,1.0,1.0,1.0,1.0,,
5,2820,2024-05-15T00:50:05+00:00,1.0,22,True,True,True,True,True,1.0,1.0,1.0,1.0,,
5,2821,2024-05-15T01:45:02+00:00,1.0,22,True,True,True,True,True,1.0,1.0,1.0,1.0,,
5,2822,2024-05-15T02:40:05+00:00,1.0,22,True,True,True,True,True,1.0,1.0,1.0,1.0,,
5,2823,2024-05-15T03:35:02+00:00,1.0,22,True,True,True,True,True,1.0,1.0,1.0,1.0,,
5,2824,2024-05-15T04:30:05+00:00,1.0,22,True,True,True,True,True,1.0,1.0,1.0,1.0,,
5,2825,2024-05-15T05:25:03+00:00,1.0,22,True,True,True,True,True,1.0,1.0,1.0,1.0,,
5,2826,2024-05-15T06:20:05+00:00,1.0,22,True,True,True,True,True,1.0,1.0,1.0,1.0,,
5,2827,2024-05-15T07:15:02+00:00,1.0,22,True,True,True,True,True,0.505,0.505,0.505,0.505,,
5,2828,2024-05-15T08:10:07+00:00,1.0,22,True,True,True,True,True,1.0,1.0,1.0,1.0,,
5,2829,2024-05-15T09:05:02+00:00,1.0,22,False,False,False,False,False,0.0,0.0,0.0,0.0,,
5,2830,2024-05-15T10:00:05+00:00,1.0,22,False,False,False,False,False,0.0,0.0,0.0,0.0,,
5,2831,2024-05-15T10:55:03+00:00,1.0,22,False,False,True,True,True,0.988,0.988,0.996,0.999,,
5,2832,2024-05-15T11:50:05+00:00,1.0,22,True,True,True,True,True,1.0,1.0,1.0,1.0,,
5,2833,2024-05-15T12:45:03+00:00,1.0,22,False,False,False,False,True,0.551,0.701,0.701,0.715,,
5,2834,2024-05-15T13:40:05+00:00,1.0,21,False,False,False,False,False,0.0,0.0,0.0,0.0,,
5,2835,2024-05-15T14:35:03+00:00,1.0,10,False,False,False,False,False,0.0,0.0,0.0,0.037,,
5,2836,2024-05-15T21:55:03+00:00,1.0,4,False,False,False,False,False,0.0,0.0,0.0,0.0,,
5,2837,2024-05-15T22:50:05+00:00,1.0,15,False,False,False,False,False,0.0,0.0,0.342,0.644,,
5,2838,2024-05-15T23:45:02+00:00,1.0,22,False,True,True,True,False,0.0,0.028,0.037,0.425,,
5,2839,2024-05-16T00:40:05+00:00,1.0,22,False,False,True,True,True,0.717,0.717,0.717,0.717,,
5,2840,2024-05-16T01:35:02+00:00,1.0,22,False,False,False,False,False,0.0,0.0,0.153,0.285,,
5,2841,2024-05-16T02:30:05+00:00,1.0,22,False,False,False,False,False,0.0,0.0,0.006,0.463,,
5,2842,2024-05-16T03:25:03+00:00,1.0,22,False,False,False,True,False,0.0,0.0,0.049,0.15,,
5,2843,2024-05-16T04:20:05+00:00,1.0,22,True,True,True,True,True,1.0,1.0,1.0,1.0,,
5,2844,2024-05-16T05:15:02+00:00,1.0,22,True,True,True,True,True,0.251,1.0,1.0,1.0,,
5,2845,2024-05-16T06:10:07+00:00,1.0,22,True,True,True,True,False,0.0,0.0,0.063,0.688,,
5,2846,2024-05-16T07:05:02+00:00,1.0,22,True,True,True,True,True,1.0,1.0,1.0,1.0,,
5,2847,2024-05-16T08:00:05+00:00,1.0,22,True,True,True,True,True,1.0,1.0,1.0,1.0,,
5,2848,2024-05-16T08:55:02+00:00,1.0,22,True,False,False,False,False,0.0,0.0,0.0,0.1,,
5,2849,2024-05-16T09:50:05+00:00,1.0,22,False,False,False,False,False,0.0,0.0,0.0,0.001,,
5,2850,2024-05-16T10:45:02+00:00,1.0,22,False,False,False,False,False,0.0,0.0,0.182,0.285,,
5,2851,2024-05-16T11:40:05+00:00,1.0,18,False,False,False,False,False,0.0,0.224,0.261,0.288,,
5,2852,2024-05-16T12:35:03+00:00,1.0,7,False,False,False,False,False,0.0,0.0,0.0,0.207,,
5,2853,2024-05-16T17:10:05+00:00,1.0,10,False,False,False,False,False,0.0,0.0,0.0,0.0,,
5,2854,2024-05-16T18:05:02+00:00,1.0,21,False,True,True,True,False,0.0,0.098,0.286,0.301,,
5,2855,2024-05-16T19:00:05+00:00,1.0,22,False,False,False,False,True,0.354,0.461,0.461,0.461,,
5,2856,2024-05-16T19:55:03+00:00,1.0,22,False,False,False,False,False,0.0,0.0,0.0,0.0,,
5,2857,2024-05-16T20:50:05+00:00,1.0,22,False,False,False,True,False,0.0,0.0,0.173,0.417,,
5,2858,2024-05-16T21:45:03+00:00,1.0,22,True,True,True,True,True,1.0,1.0,1.0,1.0,,
5,2859,2024-05-16T22:40:05+00:00,1.0,22,False,False,False,False,False,0.0,0.046,0.237,0.267,,
5,2860,2024-05-16T23:35:03+00:00,1.0,22,False,False,False,False,False,0.0,0.0,0.0,0.0,,
5,2861,2024-05-17T00:30:05+00:00,1.0,19,False,False,False,False,False,0.0,0.0,0.098,0.259,,
5,2862,2024-05-17T01:25:03+00:00,1.0,8,False,False,False,False,False,0.0,0.0,0.0,0.0,,
5,2863,2024-05-17T12:25:03+00:00,20.0,0,False,False,False,False,False,0.0,0.0,0.0,0.0,,
5,2864,2024-05-18T04:00:05+00:00,20.0,0,False,False,False,False,False,0.0,0.0,0.0,0.0,,
5,2865,2024-05-18T10:25:03+00:00,1.0,11,False,False,False,False,False,0.0,0.0,0.0,0.207,,
5,2866,2024-05-18T11:20:05+00:00,1.0,22,False,False,False,False,False,0.0,0.0,0.001,0.038,,
5,2867,2024-05-18T12:15:03+00:00,1.0,22,False,False,False,False,False,0.0,0.0,0.001,0.055,,
5,2868,2024-05-18T13:10:05+00:00,1.0,22,False,False,False,False,False,0.0,0.0,0.008,0.028,,
5,2869,2024-05-18T14:05:02+00:00,1.0,22,False,False,False,False,False,0.0,0.0,0.0,0.0,,
5,2870,2024-05-18T15:00:05+00:00,1.0,22,False,False,False,True,False,0.0,0.0,0.002,0.003,,
5,2871,2024-05-18T15:55:02+00:00,1.0,22,False,True,True,True,True,1.0,1.0,1.0,1.0,,
5,2872,2024-05-18T16:50:05+00:00,1.0,22,False,False,True,True,True,0.946,0.946,0.964,0.969,,
5,2873,2024-05-18T17:45:03+00:00,1.0,22,True,True,True,True,True,1.0,1.0,1.0,1.0,,
5,2874,2024-05-18T18:40:05+00:00,1.0,22,True,True,True,True,True,1.0,1.0,1.0,1.0,,
5,2875,2024-05-18T19:35:03+00:00,1.0,22,True,True,True,True,True,0.0,0.701,0.914,0.918,,
5,2876,2024-05-18T20:30:05+00:00,1.0,22,True,True,True,True,True,1.0,1.0,1.0,1.0,,
5,2877,2024-05-18T21:25:03+00:00,1.0,22,True,True,True,True,True,1.0,1.0,1.0,1.0,,
5,2878,2024-05-18T22:20:05+00:00,1.0,22,True,True,True,True,True,1.0,1.0,1.0,1.0,,
5,2879,2024-05-18T23:15:02+00:00,1.0,22,False,False,False,True,False,0.0,0.0,0.0,0.0,,
5,2880,2024-05-19T00:10:07+00:00,1.0,22,False,False,False,False,True,0.3,1.0,1.0,1.0,,
5,2881,2024-05-19T01:05:03+00:00,1.0,14,False,False,False,False,False,0.0,0.0,0.0,0.0,,
5,2882,2024-05-19T02:00:05+00:00,1.0,3,False,False,False,False,False,0.0,0.0,0.0,0.0,,
5,2883,2024-05-19T12:05:03+00:00,20.0,0,False,False,False,False,False,0.0,0.0,0.0,0.0,,
5,2884,2024-05-19T13:00:05+00:00,1.0,1,False,False,False,False,False,0.0,0.0,0.0,0.0,,
5,2885,2024-05-19T13:55:02+00:00,1.0,12,False,False,False,False,False,0.0,0.0,0.0,0.0,,
5,2886,2024-05-19T14:50:05+00:00,1.0,22,False,False,False,False,False,0.0,0.0,0.0,0.0,,
5,2887,2024-05-19T15:45:03+00:00,1.0,22,False,False,False,False,False,0.0,0.0,0.015,0.057,,
5,2888,2024-05-19T16:40:05+00:00,1.0,22,False,False,False,False,False,0.0,0.0,0.034,0.436,,
5,2889,2024-05-19T17:35:02+00:00,1.0,22,False,False,False,False,False,0.0,0.27,0.407,0.808,,
5,2890,2024-05-19T18:30:05+00:00,1.0,22,False,False,False,False,False,0.0,0.042,0.204,0.321,,
5,2891,2024-05-19T19:25:02+00:00,1.0,22,False,False,False,False,False,0.0,0.0,0.174,0.228,,
5,2892,2024-05-19T20:20:05+00:00,1.0,22,False,False,False,False,False,0.0,0.0,0.075,0.082,,
5,2893,2024-05-19T21:15:03+00:00,1.0,22,False,False,False,False,False,0.0,0.0,0.153,0.272,,
5,2894,2024-05-19T22:10:08+00:00,1.0,22,False,False,False,False,False,0.0,0.0,0.0,0.0,,
5,2895,2024-05-19T23:05:03+00:00,1.0,22,False,False,False,False,False,0.0,0.0,0.701,0.701,,
5,2896,2024-05-20T00:00:05+00:00,1.0,22,False,False,False,False,False,0.0,0.0,0.0,0.034,,
5,2897,2024-05-20T00:55:02+00:00,1.0,22,False,False,False,False,False,0.0,0.0,0.0,0.0,,
5,2898,2024-05-20T01:50:05+00:00,1.0,22,False,False,False,False,False,0.0,0.0,0.0,0.0,,
5,2899,2024-05-20T02:45:02+00:00,1.0,18,False,False,False,False,False,0.0,0.0,0.0,0.0,,
5,2900,2024-05-20T03:40:05+00:00,1.0,7,False,False,False,False,False,0.0,0.0,0.0,0.0,,
5,2901,2024-05-20T18:20:05+00:00,20.0,0,False,False,False,False,False,0.0,0.0,0.0,0.0,,
5,2902,2024-05-21T07:10:05+00:00,1.0,3,False,False,False,False,False,0.0,0.0,0.0,0.0,,
5,2903,2024-05-21T08:05:02+00:00,1.0,14,False,False,False,False,False,0.0,0.0,0.008,0.008,,
5,2904,2024-05-21T09:00:05+00:00,1.0,22,False,False,False,False,False,0.0,0.0,0.0,0.0,,
5,2905,2024-05-21T09:55:03+00:00,1.0,22,False,False,False,False,False,0.0,0.0,0.0,0.0,,
5,2906,2024-05-21T10:50:06+00:00,1.0,22,False,False,False,False,False,0.0,0.0,0.0,0.0,,
5,2907,2024-05-21T11:45:03+00:00,1.0,22,False,False,False,False,False,0.0,0.0,0.0,0.008,,
5,2908,2024-05-21T12:40:05+00:00,1.0,22,False,False,False,False,False,0.0,0.007,0.008,0.008,,
5,2909,2024-05-21T13:35:02+00:00,1.0,22,False,False,False,False,False,0.0,0.051,0.077,0.221,,
5,2910,2024-05-21T14:30:05+00:00,1.0,18,False,False,False,False,False,0.0,0.0,0.0,0.244,,
5,2911,2024-05-21T15:25:02+00:00,1.0,18,False,False,False,False,False,0.0,0.0,0.0,0.0,,
5,2912,2024-05-21T16:20:05+00:00,1.0,22,False,False,False,False,False,0.0,0.0,0.0,0.001,,
5,2913,2024-05-21T17:15:02+00:00,1.0,22,False,False,False,False,False,0.0,0.0,0.0,0.0,,
5,2914,2024-05-21T18:10:07+00:00,1.0,22,False,False,False,False,False,0.0,0.0,0.008,0.265,,
5,2915,2024-05-21T19:05:03+00:00,1.0,22,False,False,False,True,True,0.0,0.001,0.314,0.317,,
5,2916,2024-05-21T20:00:04+00:00,1.0,22,False,False,False,False,False,0.0,0.0,0.244,0.244,,
5,2917,2024-05-21T20:55:03+00:00,1.0,22,False,False,False,False,False,0.0,0.0,0.0,0.054,,
5,2918,2024-05-21T21:50:05+00:00,1.0,22,False,False,False,False,False,0.0,0.0,0.0,0.0,,
5,2919,2024-05-21T22:45:03+00:00,1.0,22,False,False,False,False,False,0.0,0.0,0.0,0.061,,
5,2920,2024-05-21T23:40:05+00:00,1.0,22,False,False,False,False,False,0.0,0.0,0.0,0.005,,
5,2921,2024-05-22T00:35:02+00:00,1.0,22,False,False,False,False,False,0.0,0.0,0.0,0.0,,
5,2922,2024-05-22T01:30:05+00:00,1.0,22,False,True,True,True,False,0.0,0.0,0.0,0.0,,
5,2923,2024-05-22T02:25:03+00:00,1.0,22,False,True,True,True,False,0.0,0.0,0.0,0.007,,
5,2924,2024-05-22T03:20:05+00:00,1.0,22,False,False,False,False,False,0.0,0.0,0.0,0.003,,
5,2925,2024-05-22T04:15:02+00:00,1.0,22,False,True,True,True,False,0.0,0.061,0.403,0.436,,
5,2926,2024-05-22T05:10:04+00:00,1.0,22,False,False,False,False,False,0.0,0.0,0.023,0.023,,
5,2927,2024-05-22T06:05:02+00:00,1.0,22,False,False,True,True,True,0.877,0.918,0.964,0.973,,
5,2928,2024-05-22T07:00:05+00:00,1.0,22,False,False,False,False,False,0.0,0.0,0.481,0.481,,
5,2929,2024-05-22T07:55:02+00:00,1.0,22,False,False,False,False,False,0.0,0.0,0.0,0.091,,
5,2930,2024-05-22T08:50:05+00:00,1.0,22,False,False,False,False,True,0.0,0.261,0.299,0.299,,
5,2931,2024-05-22T09:45:02+00:00,1.0,22,False,False,True,True,True,0.921,0.921,0.921,0.921,,
5,2932,2024-05-22T10:40:05+00:00,1.0,22,True,True,True,True,False,0.0,0.0,0.0,0.0,,
5,2933,2024-05-22T11:35:02+00:00,1.0,22,False,False,False,False,True,0.701,0.701,0.728,0.728,,
5,2934,2024-05-22T12:30:05+00:00,1.0,22,False,False,False,True,False,0.0,0.0,0.0,0.004,,
5,2935,2024-05-22T13:25:03+00:00,1.0,22,True,True,True,True,True,1.0,1.0,1.0,1.0,,
5,2936,2024-05-22T14:20:04+00:00,1.0,22,True,True,True,True,False,0.0,0.0,0.0,0.0,,
5,2937,2024-05-22T15:15:02+00:00,1.0,22,False,True,True,True,False,0.0,0.0,0.0,0.0,,
5,2938,2024-05-22T16:10:07+00:00,1.0,22,False,True,True,True,True,1.0,1.0,1.0,1.0,,
5,2939,2024-05-22T17:05:03+00:00,1.0,15,False,False,False,False,False,0.0,0.0,0.0,0.0,,
5,2940,2024-05-22T18:00:05+00:00,1.0,8,False,False,False,False,False,0.0,0.0,0.0,0.0,,
5,2941,2024-05-22T18:55:02+00:00,1.0,10,False,False,False,False,False,0.0,0.0,0.0,0.0,,
5,2942,2024-05-22T19:50:05+00:00,1.0,17,False,False,False,False,False,0.0,0.0,0.0,0.008,,
5,2943,2024-05-22T20:45:02+00:00,1.0,22,False,False,False,False,False,0.0,0.0,0.0,0.0,,
5,2944,2024-05-22T21:40:05+00:00,1.0,22,False,False,False,False,False,0.0,0.0,0.0,0.0,,
5,2945,2024-05-22T22:35:03+00:00,1.0,22,False,False,False,False,False,0.0,0.0,0.0,0.0,,
5,2946,2024-05-22T23:30:05+00:00,1.0,22,False,False,False,False,False,0.0,0.0,0.0,0.0,,
5,2947,2024-05-23T00:25:02+00:00,1.0,22,False,False,False,False,False,0.0,0.0,0.173,0.278,,
5,2948,2024-05-23T01:20:05+00:00,1.0,22,False,False,False,False,False,0.0,0.0,0.0,0.0,,
5,2949,2024-05-23T02:15:03+00:00,1.0,17,False,False,False,False,False,0.0,0.0,0.002,0.002,,
5,2950,2024-05-23T03:10:05+00:00,1.0,6,False,False,False,False,False,0.0,0.0,0.0,0.008,,
5,2951,2024-05-23T08:40:05+00:00,1.0,6,False,False,False,False,False,0.0,0.0,0.0,0.0,,
5,2952,2024-05-23T09:35:03+00:00,1.0,17,False,False,False,False,False,0.0,0.0,0.0,0.0,,
5,2953,2024-05-23T10:30:06+00:00,1.0,22,False,False,False,False,False,0.0,0.0,0.0,0.299,,
5,2954,2024-05-23T11:25:03+00:00,1.0,22,False,False,False,False,False,0.0,0.0,0.0,0.0,,
5,2955,2024-05-23T12:20:05+00:00,1.0,22,False,False,False,False,True,0.0,0.0,0.299,0.299,,
5,2956,2024-05-23T13:15:03+00:00,1.0,22,False,False,False,False,False,0.0,0.0,0.0,0.002,,
5,2957,2024-05-23T14:10:07+00:00,1.0,22,False,False,False,False,False,0.0,0.0,0.0,0.062,,
5,2958,2024-05-23T15:05:03+00:00,1.0,22,False,False,False,False,False,0.0,0.0,0.0,0.0,,
5,2959,2024-05-23T16:00:05+00:00,1.0,22,False,False,False,False,False,0.0,0.0,0.0,0.0,,
5,2960,2024-05-23T16:55:03+00:00,1.0,20,False,False,False,False,False,0.0,0.0,0.0,0.0,,
5,2961,2024-05-23T17:50:05+00:00,1.0,9,False,False,False,False,False,0.0,0.0,0.0,0.0,,
5,2962,2024-05-24T08:30:05+00:00,1.0,7,False,False,False,False,False,0.0,0.0,0.0,0.0,,
5,2963,2024-05-24T09:25:02+00:00,1.0,18,False,False,False,False,False,0.0,0.0,0.0,0.0,,
5,2964,2024-05-24T10:20:05+00:00,1.0,22,False,False,False,False,False,0.0,0.0,0.0,0.0,,
5,2965,2024-05-24T11:15:03+00:00,1.0,22,False,False,False,False,False,0.0,0.0,0.0,0.037,,
5,2966,2024-05-24T12:10:07+00:00,1.0,22,False,False,False,False,False,0.0,0.0,0.0,0.0,,
5,2967,2024-05-24T13:05:03+00:00,1.0,15,False,False,False,False,True,0.304,0.314,0.314,0.314,,
5,2968,2024-05-24T14:00:05+00:00,1.0,15,False,False,False,False,False,0.0,0.0,0.0,0.034,,
5,2969,2024-05-24T14:55:03+00:00,1.0,22,False,False,False,False,False,0.0,0.0,0.244,0.244,,
5,2970,2024-05-24T15:50:05+00:00,1.0,22,False,False,False,False,False,0.0,0.0,0.0,0.0,,
5,2971,2024-05-24T16:45:02+00:00,1.0,21,False,False,False,False,False,0.0,0.0,0.0,0.0,,
5,2972,2024-05-24T17:40:05+00:00,1.0,10,False,False,False,False,False,0.0,0.0,0.0,0.0,,
5,2973,2024-05-25T02:50:06+00:00,20.0,0,False,False,False,False,False,0.0,0.0,0.0,0.0,,
5,2974,2024-05-25T10:10:07+00:00,1.0,9,False,False,False,False,False,0.0,0.0,0.0,0.0,,
5,2975,2024-05-25T11:05:02+00:00,1.0,20,False,False,False,False,False,0.0,0.0,0.0,0.0,,
5,2976,2024-05-25T12:00:05+00:00,1.0,22,False,False,False,False,False,0.0,0.0,0.0,0.0,,
5,2977,2024-05-25T12:55:03+00:00,1.0,22,False,False,False,False,False,0.0,0.0,0.0,0.0,,
5,2978,2024-05-25T13:50:05+00:00,1.0,22,False,False,False,False,False,0.0,0.0,0.0,0.0,,
5,2979,2024-05-25T14:45:02+00:00,1.0,22,False,False,False,False,True,0.0,0.0,0.363,0.47,,
5,2980,2024-05-25T15:40:05+00:00,1.0,22,False,False,False,False,False,0.0,0.099,0.647,0.647,,
5,2981,2024-05-25T16:35:03+00:00,1.0,22,False,False,False,False,False,0.0,0.0,0.0,0.403,,
5,2982,2024-05-25T17:30:05+00:00,1.0,22,False,False,False,True,True,0.0,0.275,0.275,0.308,,
5,2983,2024-05-25T18:25:03+00:00,1.0,22,False,True,True,True,True,1.0,1.0,1.0,1.0,,
5,2984,2024-05-25T19:20:06+00:00,1.0,22,True,True,True,True,True,1.0,1.0,1.0,1.0,,
5,2985,2024-05-25T20:15:02+00:00,1.0,22,True,True,True,True,False,0.0,0.0,0.046,0.165,,
5,2986,2024-05-25T21:10:05+00:00,1.0,22,True,True,True,True,True,0.261,0.299,0.299,0.485,,
5,2987,2024-05-25T22:05:03+00:00,1.0,22,True,True,True,True,False,0.0,0.0,0.002,0.092,,
5,2988,2024-05-25T23:00:05+00:00,1.0,22,False,True,True,True,False,0.0,0.0,0.001,0.001,,
5,2989,2024-05-25T23:55:03+00:00,1.0,22,False,False,True,True,False,0.0,0.261,0.728,0.754,,
5,2990,2024-05-26T00:50:05+00:00,1.0,22,True,True,True,True,True,1.0,1.0,1.0,1.0,,
5,2991,2024-05-26T01:45:03+00:00,1.0,22,False,False,False,False,True,0.414,0.414,0.414,0.414,,
5,2992,2024-05-26T02:40:05+00:00,1.0,22,False,False,False,False,False,0.0,0.0,0.0,0.0,,
5,2993,2024-05-26T03:35:02+00:00,1.0,22,False,False,False,False,False,0.0,0.0,0.001,0.001,,
5,2994,2024-05-26T04:30:05+00:00,1.0,22,False,False,False,False,False,0.0,0.0,0.0,0.0,,
5,2995,2024-05-26T05:25:03+00:00,1.0,22,False,False,False,False,False,0.0,0.0,0.0,0.0,,
5,2996,2024-05-26T06:20:05+00:00,1.0,22,False,False,False,False,False,0.0,0.0,0.004,0.005,,
5,2997,2024-05-26T07:15:03+00:00,1.0,22,False,False,False,False,False,0.0,0.0,0.0,0.0,,
5,2998,2024-05-26T08:10:07+00:00,1.0,22,False,False,False,False,False,0.0,0.0,0.0,0.0,,
5,2999,2024-05-26T09:05:03+00:00,1.0,22,False,False,False,False,False,0.0,0.0,0.0,0.0,,
6,3000,2024-05-26T10:00:05+00:00,1.0,22,False,False,False,False,False,0.0,0.0,0.0,0.0,,
6,3001,2024-05-26T10:55:02+00:00,1.0,22,False,False,False,False,False,0.0,0.0,0.0,0.0,,
6,3002,2024-05-26T11:50:05+00:00,1.0,22,False,False,False,False,False,0.0,0.0,0.0,0.0,,
6,3003,2024-05-26T12:45:02+00:00,1.0,22,False,False,False,False,False,0.0,0.0,0.0,0.0,,
6,3004,2024-05-26T13:40:05+00:00,1.0,22,False,False,False,False,False,0.0,0.153,0.249,0.25,,
6,3005,2024-05-26T14:35:02+00:00,1.0,22,False,False,True,True,False,0.0,0.0,0.0,0.0,,
6,3006,2024-05-26T15:30:05+00:00,1.0,22,False,False,False,False,False,0.0,0.054,0.345,0.434,,
6,3007,2024-05-26T16:25:03+00:00,1.0,22,False,False,False,False,False,0.0,0.0,0.0,0.004,,
6,3008,2024-05-26T17:20:05+00:00,1.0,22,False,False,True,True,False,0.0,0.0,0.039,0.605,,
6,3009,2024-05-26T18:15:03+00:00,1.0,22,False,False,False,True,False,0.0,0.0,0.034,0.178,,
6,3010,2024-05-26T19:10:05+00:00,1.0,22,True,True,True,True,True,1.0,1.0,1.0,1.0,,
6,3011,2024-05-26T20:05:03+00:00,1.0,22,True,True,True,True,True,0.23,0.474,0.474,0.474,,
6,3012,2024-05-26T21:00:05+00:00,1.0,22,False,True,True,True,True,0.0,0.213,0.34,0.34,,
6,3013,2024-05-26T21:55:02+00:00,1.0,22,False,True,True,True,True,0.0,0.005,0.304,0.304,,
6,3014,2024-05-26T22:50:05+00:00,1.0,22,True,True,True,True,True,1.0,1.0,1.0,1.0,,
6,3015,2024-05-26T23:45:03+00:00,1.0,19,False,False,False,False,False,0.0,0.0,0.0,0.0,,
6,3016,2024-05-27T00:40:05+00:00,1.0,8,False,False,False,False,False,0.0,0.0,0.0,0.0,,
6,3017,2024-05-27T09:50:05+00:00,1.0,7,False,False,False,False,False,0.0,0.0,0.0,0.0,,
6,3018,2024-05-27T10:45:03+00:00,1.0,18,False,False,False,False,False,0.0,0.0,0.0,0.0,,
6,3019,2024-05-27T11:40:05+00:00,1.0,22,False,False,False,False,False,0.0,0.0,0.0,0.0,,
6,3020,2024-05-27T12:35:02+00:00,1.0,22,False,False,False,False,False,0.0,0.0,0.0,0.0,,
6,3021,2024-05-27T13:30:05+00:00,1.0,22,False,False,False,False,False,0.0,0.0,0.0,0.0,,
6,3022,2024-05-27T14:25:03+00:00,1.0,22,False,False,False,False,False,0.0,0.0,0.0,0.0,,
6,3023,2024-05-27T15:20:05+00:00,1.0,22,False,False,False,False,False,0.0,0.0,0.0,0.037,,
6,3024,2024-05-27T16:15:02+00:00,1.0,22,False,False,False,False,False,0.0,0.0,0.0,0.005,,
6,3025,2024-05-27T17:10:05+00:00,1.0,22,False,False,False,False,False,0.0,0.0,0.0,0.0,,
6,3026,2024-05-27T18:05:02+00:00,1.0,19,False,False,False,False,False,0.0,0.0,0.0,0.0,,
6,3027,2024-05-27T19:00:05+00:00,1.0,8,False,False,False,False,False,0.0,0.0,0.0,0.0,,
6,3028,2024-05-28T05:05:03+00:00,1.0,3,False,False,False,False,False,0.0,0.0,0.0,0.0,,
6,3029,2024-05-28T06:00:05+00:00,1.0,14,False,False,False,False,False,0.0,0.0,0.0,0.0,,
6,3030,2024-05-28T06:55:03+00:00,1.0,22,False,False,False,False,False,0.0,0.0,0.0,0.0,,
6,3031,2024-05-28T07:50:05+00:00,1.0,22,False,False,False,True,False,0.0,0.0,0.0,0.0,,
6,3032,2024-05-28T08:45:03+00:00,1.0,22,True,True,True,True,False,0.0,0.0,0.0,0.0,,
6,3033,2024-05-28T09:40:05+00:00,1.0,22,False,False,True,True,False,0.0,0.0,0.187,0.299,,
6,3034,2024-05-28T10:35:03+00:00,1.0,22,True,True,True,True,True,1.0,1.0,1.0,1.0,,
6,3035,2024-05-28T11:30:05+00:00,1.0,22,True,True,True,True,True,1.0,1.0,1.0,1.0,,
6,3036,2024-05-28T12:25:02+00:00,1.0,22,False,True,True,True,False,0.0,0.083,0.115,0.417,,
6,3037,2024-05-28T13:20:05+00:00,1.0,22,False,False,False,False,False,0.0,0.0,0.0,0.252,,
6,3038,2024-05-28T14:15:03+00:00,1.0,22,False,True,True,True,False,0.0,0.188,0.891,0.902,,
6,3039,2024-05-28T15:10:05+00:00,1.0,22,False,False,False,False,True,0.0,0.034,0.278,0.863,,
6,3040,2024-05-28T16:05:03+00:00,1.0,22,False,False,False,False,False,0.0,0.0,0.0,0.12,,
6,3041,2024-05-28T17:00:05+00:00,1.0,22,False,False,False,False,False,0.0,0.0,0.0,0.325,,
6,3042,2024-05-28T17:55:02+00:00,1.0,22,False,False,False,False,False,0.0,0.015,0.015,0.015,,
6,3043,2024-05-28T18:50:05+00:00,1.0,22,False,False,False,False,False,0.0,0.0,0.0,0.0,,
6,3044,2024-05-28T19:45:03+00:00,1.0,22,False,False,False,False,False,0.026,0.034,0.034,0.034,,
6,3045,2024-05-28T20:40:05+00:00,1.0,11,False,False,False,False,False,0.0,0.0,0.0,0.0,,
6,3046,2024-05-28T23:25:03+00:00,1.0,6,False,False,False,False,False,0.0,0.0,0.0,0.0,,
6,3047,2024-05-29T00:20:04+00:00,1.0,17,False,False,False,False,False,0.0,0.0,0.0,0.0,,
6,3048,2024-05-29T01:15:03+00:00,1.0,22,False,False,False,False,False,0.0,0.0,0.0,0.0,,
6,3049,2024-05-29T02:10:07+00:00,1.0,22,False,False,False,False,False,0.084,0.094,0.094,0.094,,
6,3050,2024-05-29T03:05:02+00:00,1.0,22,False,False,False,False,False,0.0,0.0,0.0,0.299,,
6,3051,2024-05-29T04:00:05+00:00,1.0,22,False,False,False,False,False,0.0,0.0,0.0,0.054,,
6,3052,2024-05-29T04:55:02+00:00,1.0,22,False,False,False,False,False,0.0,0.0,0.0,0.0,,
6,3053,2024-05-29T05:50:05+00:00,1.0,21,False,False,False,False,False,0.0,0.0,0.0,0.0,,
6,3054,2024-05-29T06:45:03+00:00,1.0,10,False,False,False,False,False,0.0,0.0,0.0,0.056,,
6,3055,2024-05-29T07:40:05+00:00,1.0,2,False,False,False,False,False,0.0,0.0,0.0,0.0,,
6,3056,2024-05-29T08:35:02+00:00,1.0,13,False,False,False,True,False,0.0,0.0,0.0,0.0,,
6,3057,2024-05-29T09:30:05+00:00,1.0,22,True,True,True,True,True,1.0,1.0,1.0,1.0,,
6,3058,2024-05-29T10:25:03+00:00,1.0,22,True,True,True,True,False,0.0,0.0,0.012,0.048,,
6,3059,2024-05-29T11:20:05+00:00,1.0,22,True,True,True,True,True,1.0,1.0,1.0,1.0,,
6,3060,2024-05-29T12:15:03+00:00,1.0,22,True,True,True,True,False,0.0,0.0,0.036,0.279,,
6,3061,2024-05-29T13:10:05+00:00,1.0,22,False,False,False,False,True,0.717,0.717,0.718,0.735,,
6,3062,2024-05-29T14:05:03+00:00,1.0,22,False,False,False,False,False,0.0,0.0,0.0,0.341,,
6,3063,2024-05-29T15:00:05+00:00,1.0,22,False,False,False,False,False,0.0,0.0,0.0,0.151,,
6,3064,2024-05-29T15:55:02+00:00,1.0,22,False,False,False,False,False,0.0,0.0,0.0,0.0,,
6,3065,2024-05-29T16:50:05+00:00,1.0,22,False,False,False,False,False,0.0,0.0,0.0,0.0,,
6,3066,2024-05-29T17:45:02+00:00,1.0,22,False,False,False,False,False,0.0,0.0,0.0,0.0,,
6,3067,2024-05-29T18:40:05+00:00,1.0,22,False,False,False,False,False,0.0,0.0,0.0,0.0,,
6,3068,2024-05-29T19:35:02+00:00,1.0,13,False,False,False,False,False,0.0,0.0,0.0,0.313,,
6,3069,2024-05-29T20:30:05+00:00,1.0,2,False,False,False,False,False,0.0,0.0,0.0,0.0,,
6,3070,2024-05-30T02:00:05+00:00,1.0,1,False,False,False,True,False,0.0,0.0,0.0,0.0,,
6,3071,2024-05-30T02:55:02+00:00,1.0,12,True,True,True,True,True,1.0,1.0,1.0,1.0,,
6,3072,2024-05-30T03:50:05+00:00,1.0,22,True,True,True,True,False,0.0,0.0,0.0,0.0,,
6,3073,2024-05-30T04:45:02+00:00,1.0,22,True,False,False,False,False,0.0,0.0,0.0,0.0,,
6,3074,2024-05-30T05:40:05+00:00,1.0,21,False,False,False,False,True,0.694,0.694,0.757,0.757,,
6,3075,2024-05-30T06:35:02+00:00,1.0,16,False,False,False,False,False,0.0,0.046,0.062,0.103,,
6,3076,2024-05-30T07:30:05+00:00,1.0,17,False,False,False,False,False,0.0,0.0,0.0,0.0,,
6,3077,2024-05-30T08:25:03+00:00,1.0,22,False,False,False,False,False,0.0,0.0,0.0,0.02,,
6,3078,2024-05-30T09:20:05+00:00,1.0,22,False,True,True,True,False,0.0,0.0,0.0,0.299,,
6,3079,2024-05-30T10:15:03+00:00,1.0,22,False,False,False,False,False,0.0,0.0,0.091,0.336,,
6,3080,2024-05-30T11:10:05+00:00,1.0,22,False,False,False,False,False,0.0,0.0,0.043,0.073,,
6,3081,2024-05-30T12:05:02+00:00,1.0,22,False,False,False,False,False,0.0,0.0,0.0,0.011,,
6,3082,2024-05-30T13:00:05+00:00,1.0,22,False,False,False,False,False,0.0,0.0,0.0,0.0,,
6,3083,2024-05-30T13:55:03+00:00,1.0,19,False,False,False,False,False,0.0,0.0,0.0,0.046,,
6,3084,2024-05-30T14:50:05+00:00,1.0,8,False,False,False,False,False,0.0,0.0,0.0,0.0,,
6,3085,2024-05-30T18:30:05+00:00,20.0,0,False,False,False,False,False,0.0,0.0,0.0,0.0,,
6,3086,2024-05-30T19:25:03+00:00,1.0,2,False,False,False,False,False,0.0,0.0,0.0,0.0,,
6,3087,2024-05-30T20:20:05+00:00,1.0,13,False,False,False,False,False,0.0,0.0,0.0,0.0,,
6,3088,2024-05-30T21:15:03+00:00,1.0,22,False,False,False,False,False,0.0,0.0,0.0,0.0,,
6,3089,2024-05-30T22:10:07+00:00,1.0,22,False,False,False,False,False,0.0,0.0,0.0,0.008,,
6,3090,2024-05-30T23:05:03+00:00,1.0,22,False,True,True,True,False,0.0,0.0,0.014,0.034,,
6,3091,2024-05-31T00:00:05+00:00,1.0,22,False,False,False,False,False,0.0,0.0,0.0,0.0,,
6,3092,2024-05-31T00:55:02+00:00,1.0,22,False,False,False,False,False,0.0,0.0,0.054,0.086,,
6,3093,2024-05-31T01:50:05+00:00,1.0,22,False,False,True,True,False,0.0,0.0,0.006,0.062,,
6,3094,2024-05-31T02:45:03+00:00,1.0,22,True,True,True,True,True,0.069,0.105,0.368,0.394,,
6,3095,2024-05-31T03:40:05+00:00,1.0,22,True,True,True,True,True,0.701,0.701,0.774,0.833,,
6,3096,2024-05-31T04:35:02+00:00,1.0,22,True,True,True,True,True,0.155,0.671,0.761,0.866,,
6,3097,2024-05-31T05:30:05+00:00,1.0,22,True,True,True,True,False,0.0,0.037,0.178,0.222,,
6,3098,2024-05-31T06:25:02+00:00,1.0,22,True,True,True,True,False,0.0,0.0,0.0,0.0,,
6,3099,2024-05-31T07:20:05+00:00,1.0,22,False,False,True,True,False,0.0,0.0,0.0,0.0,,
6,3100,2024-05-31T08:15:03+00:00,1.0,22,False,False,True,True,False,0.0,0.0,0.0,0.008,,
6,3101,2024-05-31T09:10:05+00:00,1.0,22,False,False,False,False,False,0.0,0.0,0.0,0.0,,
6,3102,2024-05-31T10:05:03+00:00,1.0,22,False,False,False,False,False,0.0,0.0,0.0,0.0,,
6,3103,2024-05-31T11:00:05+00:00,1.0,22,False,False,False,False,False,0.0,0.0,0.109,0.454,,
6,3104,2024-05-31T11:55:03+00:00,1.0,22,False,False,False,False,True,0.0,0.0,0.261,0.323,,
6,3105,2024-05-31T12:50:05+00:00,1.0,22,False,False,False,True,True,0.0,0.0,0.674,0.786,,
6,3106,2024-05-31T13:45:03+00:00,1.0,22,True,False,False,False,True,0.651,0.651,0.663,0.663,,
6,3107,2024-05-31T14:40:05+00:00,1.0,22,False,False,False,True,False,0.0,0.0,0.256,0.301,,
6,3108,2024-05-31T15:35:02+00:00,1.0,22,True,True,True,True,True,1.0,1.0,1.0,1.0,,
6,3109,2024-05-31T16:30:05+00:00,1.0,22,False,True,True,True,True,0.0,0.034,0.835,0.846,,
6,3110,2024-05-31T17:25:03+00:00,1.0,22,True,True,True,True,True,1.0,1.0,1.0,1.0,,
6,3111,2024-05-31T18:20:05+00:00,1.0,22,False,False,False,False,False,0.0,0.0,0.0,0.0,,
6,3112,2024-05-31T19:15:03+00:00,1.0,22,False,False,False,False,False,0.0,0.02,0.054,0.054,,
6,3113,2024-05-31T20:10:07+00:00,1.0,22,False,False,False,False,False,0.0,0.0,0.0,0.037,,
6,3114,2024-05-31T21:05:02+00:00,1.0,22,False,False,False,False,False,0.0,0.0,0.037,0.244,,
6,3115,2024-05-31T22:00:05+00:00,1.0,22,False,False,False,False,False,0.0,0.0,0.0,0.0,,
6,3116,2024-05-31T22:55:03+00:00,1.0,22,False,False,True,True,False,0.0,0.0,0.0,0.0,,
6,3117,2024-05-31T23:50:05+00:00,1.0,22,True,True,True,True,False,0.046,0.046,0.046,0.046,,
6,3118,2024-06-01T00:45:03+00:00,1.0,22,False,False,False,True,True,0.0,0.0,0.789,0.789,,
6,3119,2024-06-01T01:40:05+00:00,1.0,22,False,True,True,True,False,0.0,0.0,0.153,0.244,,
6,3120,2024-06-01T02:35:02+00:00,1.0,22,False,False,False,False,True,0.499,0.502,0.511,0.511,,
6,3121,2024-06-01T03:30:05+00:00,1.0,22,False,False,True,True,True,0.747,0.946,0.953,0.965,,
6,3122,2024-06-01T04:25:03+00:00,1.0,22,False,True,True,True,True,0.324,0.701,0.701,0.701,,
6,3123,2024-06-01T05:20:05+00:00,1.0,22,False,False,False,False,True,0.793,0.795,0.822,0.887,,
6,3124,2024-06-01T06:15:03+00:00,1.0,22,False,False,False,False,False,0.0,0.007,0.008,0.008,,
6,3125,2024-06-01T07:10:05+00:00,1.0,22,False,False,False,False,True,0.139,0.156,0.622,0.889,,
6,3126,2024-06-01T08:05:03+00:00,1.0,22,False,True,True,True,False,0.0,0.0,0.252,0.539,,
6,3127,2024-06-01T09:00:05+00:00,1.0,22,False,True,True,True,True,1.0,1.0,1.0,1.0,,
6,3128,2024-06-01T09:55:02+00:00,1.0,22,False,False,False,True,False,0.0,0.0,0.0,0.0,,
6,3129,2024-06-01T10:50:05+00:00,1.0,22,True,True,True,True,True,1.0,1.0,1.0,1.0,,
6,3130,2024-06-01T11:45:03+00:00,1.0,22,False,False,False,False,True,0.0,0.64,0.721,0.721,,
6,3131,2024-06-01T12:40:05+00:00,1.0,22,False,False,False,False,False,0.0,0.0,0.427,0.49,,
6,3132,2024-06-01T13:35:02+00:00,1.0,22,False,False,False,False,False,0.0,0.0,0.0,0.525,,
6,3133,2024-06-01T14:30:05+00:00,1.0,22,False,False,False,True,False,0.0,0.0,0.006,0.388,,
6,3134,2024-06-01T15:25:03+00:00,1.0,22,False,False,False,False,False,0.0,0.0,0.0,0.363,,
6,3135,2024-06-01T16:20:05+00:00,1.0,17,False,False,False,False,False,0.0,0.0,0.0,0.037,,
6,3136,2024-06-01T17:15:02+00:00,1.0,7,False,False,False,False,False,0.0,0.0,0.0,0.0,,
6,3137,2024-06-01T18:10:07+00:00,1.0,1,False,False,False,False,False,0.0,0.0,0.0,0.0,,
6,3138,2024-06-01T20:00:05+00:00,20.0,0,False,False,False,False,False,0.0,0.0,0.0,0.0,,
6,3139,2024-06-01T21:50:05+00:00,20.0,0,False,False,False,False,False,0.0,0.0,0.0,0.0,,
6,3140,2024-06-01T22:45:02+00:00,1.0,7,False,False,False,False,False,0.0,0.0,0.0,0.0,,
6,3141,2024-06-01T23:40:05+00:00,1.0,18,False,False,False,False,False,0.0,0.0,0.0,0.0,,
6,3142,2024-06-02T00:35:03+00:00,1.0,22,False,False,False,False,False,0.0,0.0,0.0,0.054,,
6,3143,2024-06-02T01:30:05+00:00,1.0,22,False,False,False,True,False,0.0,0.119,0.153,0.208,,
6,3144,2024-06-02T02:25:03+00:00,1.0,22,False,False,True,True,True,0.0,0.834,0.947,0.966,,
6,3145,2024-06-02T03:20:05+00:00,1.0,22,True,True,True,True,True,1.0,1.0,1.0,1.0,,
6,3146,2024-06-02T04:15:03+00:00,1.0,22,False,False,False,True,True,0.0,0.0,0.888,0.94,,
6,3147,2024-06-02T05:10:05+00:00,1.0,22,True,True,True,True,True,1.0,1.0,1.0,1.0,,
6,3148,2024-06-02T06:05:03+00:00,1.0,22,True,True,True,True,False,0.0,0.0,0.0,0.207,,
6,3149,2024-06-02T07:00:05+00:00,1.0,17,False,False,False,False,False,0.0,0.0,0.0,0.054,,
6,3150,2024-06-02T07:55:03+00:00,1.0,6,False,False,False,False,False,0.0,0.0,0.0,0.0,,
6,3151,2024-06-02T13:25:03+00:00,1.0,5,False,False,False,False,False,0.0,0.0,0.0,0.0,,
6,3152,2024-06-02T14:20:05+00:00,1.0,16,False,False,False,False,False,0.0,0.0,0.0,0.0,,
6,3153,2024-06-02T15:15:03+00:00,1.0,22,False,False,False,False,False,0.0,0.0,0.0,0.0,,
6,3154,2024-06-02T16:10:07+00:00,1.0,22,False,False,False,False,False,0.0,0.0,0.207,0.444,,
6,3155,2024-06-02T17:05:02+00:00,1.0,22,False,False,False,True,True,0.0,0.076,0.654,0.767,,
6,3156,2024-06-02T18:00:05+00:00,1.0,22,False,False,False,False,False,0.0,0.06,0.082,0.132,,
6,3157,2024-06-02T18:55:03+00:00,1.0,22,False,False,False,True,False,0.0,0.0,0.0,0.034,,
6,3158,2024-06-02T19:50:05+00:00,1.0,22,False,True,True,True,True,0.819,0.989,0.989,0.989,,
6,3159,2024-06-02T20:45:02+00:00,1.0,22,False,False,False,False,False,0.0,0.0,0.0,0.0,,
6,3160,2024-06-02T21:40:05+00:00,1.0,22,False,False,False,False,False,0.0,0.0,0.0,0.0,,
6,3161,2024-06-02T22:35:03+00:00,1.0,22,False,False,False,True,False,0.0,0.0,0.0,0.053,,
6,3162,2024-06-02T23:30:05+00:00,1.0,22,True,False,False,True,False,0.0,0.0,0.925,0.956,,
6,3163,2024-06-03T00:25:03+00:00,1.0,22,True,True,True,True,True,1.0,1.0,1.0,1.0,,
6,3164,2024-06-03T01:20:05+00:00,1.0,22,True,True,True,True,True,1.0,1.0,1.0,1.0,,
6,3165,2024-06-03T02:15:03+00:00,1.0,22,False,False,False,True,True,0.0,0.288,0.919,0.947,,
6,3166,2024-06-03T03:10:05+00:00,1.0,22,True,True,True,True,True,0.0,0.541,0.916,0.916,,
6,3167,2024-06-03T04:05:03+00:00,1.0,22,True,True,True,True,True,1.0,1.0,1.0,1.0,,
6,3168,2024-06-03T05:00:06+00:00,1.0,22,True,True,True,True,True,1.0,1.0,1.0,1.0,,
6,3169,2024-06-03T05:55:02+00:00,1.0,22,True,True,True,True,True,1.0,1.0,1.0,1.0,,
6,3170,2024-06-03T06:50:05+00:00,1.0,22,True,True,True,True,True,1.0,1.0,1.0,1.0,,
6,3171,2024-06-03T07:45:03+00:00,1.0,22,False,True,True,True,True,1.0,1.0,1.0,1.0,,
6,3172,2024-06-03T08:40:05+00:00,1.0,22,False,False,False,True,False,0.0,0.242,0.705,0.721,,
6,3173,2024-06-03T09:35:02+00:00,1.0,22,True,True,True,True,True,0.0,0.361,0.39,0.552,,
6,3174,2024-06-03T10:30:05+00:00,1.0,22,False,False,False,False,True,0.517,0.847,0.85,0.854,,
6,3175,2024-06-03T11:25:03+00:00,1.0,14,False,False,False,False,False,0.0,0.026,0.046,0.046,,
6,3176,2024-06-03T12:20:05+00:00,1.0,7,False,False,False,False,False,0.0,0.0,0.002,0.002,,
6,3177,2024-06-03T13:15:02+00:00,1.0,6,False,False,False,False,False,0.0,0.0,0.0,0.0,,
6,3178,2024-06-03T14:10:07+00:00,1.0,2,False,False,False,False,False,0.0,0.0,0.0,0.0,,
6,3179,2024-06-03T22:25:03+00:00,20.0,0,False,False,False,False,False,0.0,0.0,0.0,0.0,,
6,3180,2024-06-04T18:35:03+00:00,20.0,0,False,False,False,False,False,0.0,0.0,0.0,0.0,,
6,3181,2024-06-05T01:55:02+00:00,1.0,7,False,False,False,False,False,0.0,0.0,0.0,0.0,,
6,3182,2024-06-05T02:50:05+00:00,1.0,18,False,False,False,False,False,0.0,0.0,0.0,0.0,,
6,3183,2024-06-05T03:45:03+00:00,1.0,22,False,False,False,False,False,0.0,0.0,0.0,0.0,,
6,3184,2024-06-05T04:40:05+00:00,1.0,22,False,False,False,True,False,0.0,0.0,0.153,0.207,,
6,3185,2024-06-05T05:35:02+00:00,1.0,22,False,True,True,True,True,1.0,1.0,1.0,1.0,,
6,3186,2024-06-05T06:30:05+00:00,1.0,16,False,False,False,False,False,0.0,0.0,0.0,0.0,,
6,3187,2024-06-05T07:25:03+00:00,1.0,5,False,False,False,False,False,0.0,0.0,0.0,0.0,,
6,3188,2024-06-05T10:10:07+00:00,1.0,5,False,False,False,False,False,0.0,0.0,0.0,0.0,,
6,3189,2024-06-05T11:05:02+00:00,1.0,16,False,False,False,False,False,0.0,0.0,0.0,0.0,,
6,3190,2024-06-05T12:00:05+00:00,1.0,22,False,False,False,False,False,0.0,0.0,0.0,0.0,,
6,3191,2024-06-05T12:55:02+00:00,1.0,22,False,False,False,False,False,0.0,0.242,0.555,0.555,,
6,3192,2024-06-05T13:50:05+00:00,1.0,22,False,False,False,False,False,0.0,0.0,0.0,0.0,,
6,3193,2024-06-05T14:45:03+00:00,1.0,22,False,False,False,False,False,0.0,0.0,0.001,0.001,,
6,3194,2024-06-05T15:40:05+00:00,1.0,14,False,False,False,False,False,0.0,0.0,0.0,0.0,,
6,3195,2024-06-05T16:35:02+00:00,1.0,3,False,False,False,False,False,0.0,0.0,0.0,0.0,,
6,3196,2024-06-07T07:05:03+00:00,20.0,0,False,False,False,False,False,0.0,0.0,0.0,0.0,,
6,3197,2024-06-07T15:20:05+00:00,1.0,2,False,False,False,False,False,0.0,0.0,0.0,0.0,,
6,3198,2024-06-07T16:15:03+00:00,1.0,13,False,False,False,False,False,0.0,0.0,0.0,0.0,,
6,3199,2024-06-07T17:10:05+00:00,1.0,22,False,False,False,False,False,0.0,0.0,0.0,0.0,,
6,3200,2024-06-07T18:05:03+00:00,1.0,14,False,False,False,False,False,0.0,0.0,0.252,0.403,,
6,3201,2024-06-07T19:00:05+00:00,1.0,3,False,False,False,False,False,0.0,0.0,0.0,0.0,,
6,3202,2024-06-08T01:20:05+00:00,20.0,0,False,False,False,False,False,0.0,0.0,0.0,0.0,,
6,3203,2024-06-08T10:30:05+00:00,1.0,4,False,False,False,False,False,0.0,0.0,0.0,0.0,,
6,3204,2024-06-08T11:25:03+00:00,1.0,15,False,False,False,False,False,0.0,0.0,0.0,0.0,,
6,3205,2024-06-08T12:20:05+00:00,1.0,22,False,False,False,False,False,0.0,0.0,0.0,0.0,,
6,3206,2024-06-08T13:15:03+00:00,1.0,22,False,False,False,False,False,0.0,0.0,0.0,0.0,,
6,3207,2024-06-08T14:10:07+00:00,1.0,22,False,False,False,False,False,0.0,0.0,0.0,0.046,,
6,3208,2024-06-08T15:05:02+00:00,1.0,22,False,False,False,False,False,0.0,0.0,0.0,0.0,,
6,3209,2024-06-08T16:00:05+00:00,1.0,22,False,False,False,False,False,0.0,0.0,0.0,0.0,,
6,3210,2024-06-08T16:55:02+00:00,1.0,22,False,False,False,False,False,0.0,0.0,0.001,0.001,,
6,3211,2024-06-08T17:50:05+00:00,1.0,12,False,False,False,False,False,0.0,0.0,0.0,0.0,,
6,3212,2024-06-08T18:45:03+00:00,1.0,1,False,False,False,False,False,0.0,0.0,0.0,0.0,,
6,3213,2024-06-09T12:10:07+00:00,1.0,2,False,False,False,False,False,0.0,0.0,0.0,0.0,,
6,3214,2024-06-09T13:05:03+00:00,1.0,13,False,False,False,False,False,0.0,0.0,0.0,0.0,,
6,3215,2024-06-09T14:00:05+00:00,1.0,22,False,False,False,False,False,0.0,0.0,0.0,0.0,,
6,3216,2024-06-09T14:55:02+00:00,1.0,22,False,False,False,False,False,0.0,0.0,0.034,0.155,,
6,3217,2024-06-09T15:50:05+00:00,1.0,22,False,False,True,True,True,0.0,0.206,0.676,0.676,,
6,3218,2024-06-09T16:45:03+00:00,1.0,22,False,False,False,False,False,0.0,0.0,0.0,0.0,,
6,3219,2024-06-09T17:40:05+00:00,1.0,22,False,False,False,False,False,0.0,0.0,0.004,0.005,,
6,3220,2024-06-09T18:35:03+00:00,1.0,22,False,False,False,False,False,0.0,0.0,0.029,0.029,,
6,3221,2024-06-09T19:30:05+00:00,1.0,22,False,False,False,False,False,0.0,0.0,0.0,0.0,,
6,3222,2024-06-09T20:25:03+00:00,1.0,22,False,False,True,True,True,0.161,0.266,0.77,0.77,,
6,3223,2024-06-09T21:20:05+00:00,1.0,22,False,False,False,False,False,0.0,0.0,0.0,0.415,,
6,3224,2024-06-09T22:15:03+00:00,1.0,22,False,False,False,False,False,0.0,0.0,0.0,0.02,,
6,3225,2024-06-09T23:10:05+00:00,1.0,22,False,False,False,False,False,0.0,0.0,0.008,0.223,,
6,3226,2024-06-10T00:05:03+00:00,1.0,22,False,False,False,False,False,0.0,0.0,0.0,0.0,,
6,3227,2024-06-10T01:00:05+00:00,1.0,22,False,False,False,True,False,0.0,0.168,0.228,0.427,,
6,3228,2024-06-10T01:55:02+00:00,1.0,22,True,True,True,True,True,1.0,1.0,1.0,1.0,,
6,3229,2024-06-10T02:50:05+00:00,1.0,22,False,True,True,True,False,0.0,0.06,0.676,0.809,,
6,3230,2024-06-10T03:45:03+00:00,1.0,22,True,True,True,True,True,1.0,1.0,1.0,1.0,,
6,3231,2024-06-10T04:40:05+00:00,1.0,20,False,False,False,False,False,0.017,0.118,0.121,0.144,,
6,3232,2024-06-10T05:35:03+00:00,1.0,9,False,False,True,True,False,0.0,0.0,0.003,0.003,,
6,3233,2024-06-10T10:10:07+00:00,1.0,8,False,False,False,False,False,0.0,0.0,0.0,0.0,,
6,3234,2024-06-10T11:05:02+00:00,1.0,8,False,False,False,False,False,0.0,0.0,0.0,0.0,,
6,3235,2024-06-10T16:35:02+00:00,20.0,0,False,False,False,False,False,0.0,0.0,0.0,0.0,,
6,3236,2024-06-11T01:45:02+00:00,20.0,0,False,False,False,False,False,0.0,0.0,0.0,0.0,,
6,3237,2024-06-11T08:10:07+00:00,1.0,3,False,False,False,False,False,0.0,0.0,0.0,0.0,,
6,3238,2024-06-11T09:05:02+00:00,1.0,14,False,False,False,False,False,0.0,0.0,0.0,0.153,,
6,3239,2024-06-11T10:00:05+00:00,1.0,22,False,False,False,True,False,0.0,0.012,0.226,0.262,,
6,3240,2024-06-11T10:55:02+00:00,1.0,22,True,True,True,True,True,1.0,1.0,1.0,1.0,,
6,3241,2024-06-11T11:50:05+00:00,1.0,21,True,False,False,False,False,0.0,0.0,0.0,0.0,,
6,3242,2024-06-11T12:45:03+00:00,1.0,12,False,False,False,False,False,0.0,0.0,0.0,0.0,,
6,3243,2024-06-11T13:40:04+00:00,1.0,7,False,False,False,False,False,0.0,0.0,0.0,0.0,,
6,3244,2024-06-11T14:35:03+00:00,1.0,16,False,False,False,False,False,0.0,0.0,0.005,0.009,,
6,3245,2024-06-11T15:30:05+00:00,1.0,22,False,False,False,False,False,0.0,0.0,0.02,0.034,,
6,3246,2024-06-11T16:25:02+00:00,1.0,22,False,False,False,True,False,0.0,0.0,0.008,0.028,,
6,3247,2024-06-11T17:20:05+00:00,1.0,22,False,False,False,True,False,0.0,0.0,0.049,0.053,,
6,3248,2024-06-11T18:15:02+00:00,1.0,22,False,True,True,True,True,0.046,0.217,0.318,0.318,,
6,3249,2024-06-11T19:10:05+00:00,1.0,22,False,False,False,False,False,0.0,0.0,0.053,0.059,,
6,3250,2024-06-11T20:05:03+00:00,1.0,18,False,False,False,False,False,0.0,0.0,0.062,0.243,,
6,3251,2024-06-11T21:00:05+00:00,1.0,13,False,False,False,False,False,0.0,0.0,0.001,0.041,,
6,3252,2024-06-11T21:55:02+00:00,1.0,17,False,False,False,False,False,0.0,0.0,0.0,0.426,,
6,3253,2024-06-11T22:50:05+00:00,1.0,22,False,False,False,False,False,0.0,0.051,0.051,0.059,,
6,3254,2024-06-11T23:45:03+00:00,1.0,22,False,False,False,False,False,0.0,0.0,0.0,0.0,,
6,3255,2024-06-12T00:40:05+00:00,1.0,22,False,False,False,False,False,0.0,0.0,0.046,0.073,,
6,3256,2024-06-12T01:35:03+00:00,1.0,22,False,False,False,True,False,0.0,0.054,0.067,0.067,,
6,3257,2024-06-12T02:30:05+00:00,1.0,22,False,False,False,False,False,0.0,0.0,0.021,0.067,,
6,3258,2024-06-12T03:25:03+00:00,1.0,22,False,False,True,True,True,0.017,0.313,0.448,0.597,,
6,3259,2024-06-12T04:20:05+00:00,1.0,22,True,True,True,True,True,1.0,1.0,1.0,1.0,,
6,3260,2024-06-12T05:15:02+00:00,1.0,22,True,True,True,True,False,0.0,0.0,0.298,0.644,,
6,3261,2024-06-12T06:10:07+00:00,1.0,19,True,True,True,True,True,1.0,1.0,1.0,1.0,,
6,3262,2024-06-12T07:05:03+00:00,1.0,18,False,False,False,False,False,0.0,0.0,0.0,0.0,,
6,3263,2024-06-12T08:00:05+00:00,1.0,16,False,False,False,False,False,0.0,0.0,0.0,0.02,,
6,3264,2024-06-12T08:55:02+00:00,1.0,6,False,False,False,False,False,0.0,0.0,0.0,0.0,,
6,3265,2024-06-12T13:05:02+00:00,20.0,0,False,False,False,False,False,0.0,0.0,0.0,0.0,,
6,3266,2024-06-13T11:05:03+00:00,1.0,2,False,False,False,False,False,0.0,0.0,0.0,0.0,,
6,3267,2024-06-13T12:00:05+00:00,1.0,2,False,False,False,False,False,0.0,0.0,0.0,0.0,,
6,3268,2024-06-13T14:45:02+00:00,1.0,11,False,False,False,False,False,0.0,0.0,0.0,0.0,,
6,3269,2024-06-13T15:40:05+00:00,1.0,22,False,False,False,False,False,0.0,0.0,0.0,0.0,,
6,3270,2024-06-13T16:35:02+00:00,1.0,22,False,False,False,False,False,0.0,0.0,0.0,0.207,,
6,3271,2024-06-13T17:30:05+00:00,1.0,22,False,False,False,False,False,0.0,0.0,0.153,0.473,,
6,3272,2024-06-13T18:25:03+00:00,1.0,22,False,False,False,True,False,0.0,0.054,0.141,0.534,,
6,3273,2024-06-13T19:20:05+00:00,1.0,22,True,True,True,True,True,1.0,1.0,1.0,1.0,,
6,3274,2024-06-13T20:15:02+00:00,1.0,22,True,True,True,True,True,1.0,1.0,1.0,1.0,,
6,3275,2024-06-13T21:10:05+00:00,1.0,22,False,False,False,False,False,0.0,0.199,0.299,0.299,,
6,3276,2024-06-13T22:05:03+00:00,1.0,22,False,False,False,True,False,0.0,0.0,0.0,0.0,,
6,3277,2024-06-13T23:00:05+00:00,1.0,22,False,True,True,True,False,0.0,0.0,0.0,0.0,,
6,3278,2024-06-13T23:55:03+00:00,1.0,22,False,False,False,False,False,0.0,0.0,0.0,0.123,,
6,3279,2024-06-14T00:50:05+00:00,1.0,22,False,False,False,False,False,0.0,0.0,0.0,0.0,,
6,3280,2024-06-14T01:45:03+00:00,1.0,22,False,False,False,False,False,0.0,0.0,0.0,0.061,,
6,3281,2024-06-14T02:40:05+00:00,1.0,19,False,False,False,False,False,0.0,0.0,0.0,0.029,,
6,3282,2024-06-14T03:35:03+00:00,1.0,8,False,False,False,False,False,0.0,0.0,0.0,0.0,,
6,3283,2024-06-14T05:25:02+00:00,20.0,0,False,False,False,False,False,0.0,0.0,0.0,0.0,,
6,3284,2024-06-14T17:20:05+00:00,20.0,0,False,False,False,False,False,0.0,0.0,0.0,0.0,,
6,3285,2024-06-16T00:30:05+00:00,20.0,0,False,False,False,False,False,0.0,0.0,0.0,0.0,,
6,3286,2024-06-16T07:50:05+00:00,20.0,0,False,False,False,False,False,0.0,0.0,0.0,0.0,,
6,3287,2024-06-17T01:15:03+00:00,20.0,0,False,False,False,False,False,0.0,0.0,0.0,0.0,,
6,3288,2024-06-17T13:10:05+00:00,20.0,0,False,False,False,False,False,0.0,0.0,0.0,0.0,,
6,3289,2024-06-17T22:20:05+00:00,20.0,0,False,False,False,False,False,0.0,0.0,0.0,0.0,,
6,3290,2024-06-18T03:50:05+00:00,20.0,0,False,False,False,False,False,0.0,0.0,0.0,0.0,,
6,3291,2024-06-18T07:30:05+00:00,20.0,0,False,False,False,False,False,0.0,0.0,0.0,0.0,,
6,3292,2024-06-18T19:25:02+00:00,20.0,0,False,False,False,False,False,0.0,0.0,0.0,0.0,,
6,3293,2024-06-19T08:15:03+00:00,20.0,0,False,False,False,False,False,0.0,0.0,0.0,0.0,,
6,3294,2024-06-19T17:25:03+00:00,20.0,0,False,False,False,False,False,0.0,0.0,0.0,0.0,,
6,3295,2024-06-20T02:35:03+00:00,20.0,0,False,False,False,False,False,0.0,0.0,0.0,0.0,,
6,3296,2024-06-21T03:20:05+00:00,20.0,0,False,False,False,False,False,0.0,0.0,0.0,0.0,,
6,3297,2024-06-21T09:00:05+00:00,20.0,0,False,False,False,False,False,0.0,0.0,0.0,0.0,,
6,3298,2024-06-21T12:40:05+00:00,20.0,0,False,False,False,False,False,0.0,0.0,0.0,0.0,,
6,3299,2024-06-22T03:20:05+00:00,20.0,0,False,False,False,False,False,0.0,0.0,0.0,0.0,,
6,3300,2024-06-22T10:40:05+00:00,20.0,0,False,False,False,False,False,0.0,0.0,0.0,0.0,,
6,3301,2024-06-22T11:35:02+00:00,1.0,1,False,False,False,False,False,0.0,0.0,0.0,0.0,,
6,3302,2024-06-22T12:30:05+00:00,1.0,12,False,False,False,False,False,0.0,0.0,0.0,0.0,,
6,3303,2024-06-22T13:25:02+00:00,1.0,22,False,False,False,False,False,0.0,0.0,0.0,0.0,,
6,3304,2024-06-22T14:20:05+00:00,1.0,13,False,False,False,False,False,0.0,0.0,0.0,0.0,,
6,3305,2024-06-22T15:15:03+00:00,1.0,2,False,False,False,False,False,0.0,0.0,0.0,0.0,,
6,3306,2024-06-22T17:05:03+00:00,20.0,0,False,False,False,False,False,0.0,0.0,0.0,0.0,,
6,3307,2024-06-23T10:30:05+00:00,1.0,4,False,False,False,False,False,0.0,0.0,0.0,0.0,,
6,3308,2024-06-23T11:25:03+00:00,1.0,15,False,False,False,False,False,0.0,0.0,0.0,0.0,,
6,3309,2024-06-23T12:20:05+00:00,1.0,22,False,False,False,False,False,0.0,0.0,0.0,0.037,,
6,3310,2024-06-23T13:15:02+00:00,1.0,22,False,False,False,False,False,0.0,0.0,0.0,0.0,,
6,3311,2024-06-23T14:10:07+00:00,1.0,22,False,False,False,False,False,0.0,0.0,0.0,0.0,,
6,3312,2024-06-23T15:05:03+00:00,1.0,22,False,False,False,False,False,0.0,0.0,0.0,0.0,,
6,3313,2024-06-23T16:00:05+00:00,1.0,22,False,False,False,False,False,0.0,0.0,0.0,0.0,,
6,3314,2024-06-23T16:55:02+00:00,1.0,22,False,False,False,False,False,0.0,0.0,0.0,0.0,,
6,3315,2024-06-23T17:50:05+00:00,1.0,22,False,False,False,False,False,0.0,0.0,0.0,0.0,,
6,3316,2024-06-23T18:45:03+00:00,1.0,22,False,False,False,False,False,0.0,0.0,0.0,0.0,,
6,3317,2024-06-23T19:40:05+00:00,1.0,11,False,False,False,False,False,0.0,0.0,0.0,0.0,,
6,3318,2024-06-24T09:25:02+00:00,1.0,9,False,False,False,False,False,0.0,0.0,0.0,0.0,,
6,3319,2024-06-24T10:20:05+00:00,1.0,20,False,False,False,False,False,0.0,0.0,0.0,0.0,,
6,3320,2024-06-24T11:15:03+00:00,1.0,22,False,False,False,False,False,0.0,0.0,0.0,0.0,,
6,3321,2024-06-24T12:10:07+00:00,1.0,22,False,False,False,False,False,0.0,0.0,0.0,0.0,,
6,3322,2024-06-24T13:05:03+00:00,1.0,22,False,False,False,False,False,0.0,0.0,0.02,0.034,,
6,3323,2024-06-24T14:00:05+00:00,1.0,22,False,False,False,False,False,0.0,0.0,0.0,0.0,,
6,3324,2024-06-24T14:55:03+00:00,1.0,22,False,False,False,False,False,0.0,0.0,0.0,0.0,,
6,3325,2024-06-24T15:50:05+00:00,1.0,22,False,False,False,False,False,0.0,0.0,0.0,0.0,,
6,3326,2024-06-24T16:45:02+00:00,1.0,22,False,False,False,False,False,0.0,0.0,0.0,0.0,,
6,3327,2024-06-24T17:40:05+00:00,1.0,22,False,False,False,False,False,0.0,0.0,0.0,0.0,,
6,3328,2024-06-24T18:35:02+00:00,1.0,22,False,False,False,False,False,0.0,0.0,0.0,0.0,,
6,3329,2024-06-24T19:30:05+00:00,1.0,22,False,False,False,False,False,0.0,0.0,0.0,0.0,,
6,3330,2024-06-24T20:25:03+00:00,1.0,22,False,False,False,False,False,0.0,0.0,0.0,0.0,,
6,3331,2024-06-24T21:20:05+00:00,1.0,13,False,False,False,False,False,0.0,0.0,0.0,0.0,,
6,3332,2024-06-24T22:15:03+00:00,1.0,2,False,False,False,False,False,0.0,0.0,0.0,0.0,,
6,3333,2024-06-25T05:35:02+00:00,1.0,4,False,False,False,False,False,0.0,0.0,0.0,0.0,,
6,3334,2024-06-25T06:30:05+00:00,1.0,15,False,False,False,False,False,0.0,0.0,0.0,0.0,,
6,3335,2024-06-25T07:25:02+00:00,1.0,22,False,False,False,False,False,0.0,0.0,0.0,0.0,,
6,3336,2024-06-25T08:20:05+00:00,1.0,22,False,False,False,True,False,0.0,0.0,0.0,0.0,,
6,3337,2024-06-25T09:15:02+00:00,1.0,22,True,True,True,True,True,1.0,1.0,1.0,1.0,,
6,3338,2024-06-25T10:10:07+00:00,1.0,22,False,False,False,False,False,0.0,0.0,0.0,0.0,,
6,3339,2024-06-25T11:05:02+00:00,1.0,22,False,True,True,True,False,0.0,0.0,0.0,0.02,,
6,3340,2024-06-25T12:00:05+00:00,1.0,22,False,False,False,False,False,0.0,0.0,0.004,0.41,,
6,3341,2024-06-25T12:55:03+00:00,1.0,22,False,False,False,False,True,0.0,0.405,0.647,0.72,,
6,3342,2024-06-25T13:50:05+00:00,1.0,22,False,False,False,False,True,1.0,1.0,1.0,1.0,,
6,3343,2024-06-25T14:45:03+00:00,1.0,22,False,False,False,False,False,0.0,0.0,0.0,0.0,,
6,3344,2024-06-25T15:40:05+00:00,1.0,22,False,False,False,False,False,0.0,0.0,0.0,0.0,,
6,3345,2024-06-25T16:35:02+00:00,1.0,22,False,False,False,False,False,0.0,0.0,0.0,0.0,,
6,3346,2024-06-25T17:30:05+00:00,1.0,19,False,False,False,False,False,0.0,0.0,0.0,0.0,,
6,3347,2024-06-25T18:25:03+00:00,1.0,9,False,False,False,False,False,0.0,0.0,0.0,0.0,,
6,3348,2024-06-25T19:20:05+00:00,1.0,8,False,False,False,False,False,0.0,0.0,0.0,0.0,,
6,3349,2024-06-25T20:15:02+00:00,1.0,15,False,False,False,False,False,0.0,0.0,0.003,0.011,,
6,3350,2024-06-25T21:10:05+00:00,1.0,8,False,False,False,False,False,0.0,0.0,0.0,0.0,,
6,3351,2024-06-25T23:55:02+00:00,1.0,3,False,False,False,False,False,0.0,0.0,0.0,0.0,,
6,3352,2024-06-26T00:50:04+00:00,1.0,14,False,False,False,False,False,0.0,0.0,0.0,0.0,,
6,3353,2024-06-26T01:45:02+00:00,1.0,22,False,False,False,False,False,0.0,0.0,0.0,0.0,,
6,3354,2024-06-26T02:40:05+00:00,1.0,22,False,False,False,False,False,0.0,0.0,0.014,0.128,,
6,3355,2024-06-26T03:35:02+00:00,1.0,22,False,False,False,False,False,0.0,0.0,0.11,0.36,,
6,3356,2024-06-26T04:30:05+00:00,1.0,22,False,False,False,True,False,0.0,0.001,0.274,0.609,,
6,3357,2024-06-26T05:25:03+00:00,1.0,22,False,True,True,True,False,0.0,0.164,0.781,0.927,,
6,3358,2024-06-26T06:20:05+00:00,1.0,22,True,True,True,True,True,1.0,1.0,1.0,1.0,,
6,3359,2024-06-26T07:15:02+00:00,1.0,22,False,True,True,True,True,1.0,1.0,1.0,1.0,,
6,3360,2024-06-26T08:10:07+00:00,1.0,22,False,True,True,True,True,0.21,0.31,0.763,0.831,,
6,3361,2024-06-26T09:05:02+00:00,1.0,22,False,True,True,True,False,0.0,0.026,0.714,0.946,,
6,3362,2024-06-26T10:00:05+00:00,1.0,22,True,True,True,True,True,1.0,1.0,1.0,1.0,,
6,3363,2024-06-26T10:55:03+00:00,1.0,22,True,True,True,True,True,1.0,1.0,1.0,1.0,,
6,3364,2024-06-26T11:50:05+00:00,1.0,22,False,True,True,True,True,0.0,0.173,0.262,0.358,,
6,3365,2024-06-26T12:45:03+00:00,1.0,22,False,True,True,True,False,0.0,0.046,0.114,0.162,,
6,3366,2024-06-26T13:40:05+00:00,1.0,22,True,True,True,True,True,1.0,1.0,1.0,1.0,,
6,3367,2024-06-26T14:35:02+00:00,1.0,22,False,False,False,False,False,0.0,0.005,0.017,0.017,,
6,3368,2024-06-26T15:30:05+00:00,1.0,22,False,False,False,False,False,0.0,0.0,0.0,0.0,,
6,3369,2024-06-26T16:25:03+00:00,1.0,22,False,False,False,False,False,0.0,0.0,0.0,0.0,,
6,3370,2024-06-26T17:20:05+00:00,1.0,22,False,False,False,False,False,0.0,0.0,0.0,0.0,,
6,3371,2024-06-26T18:15:03+00:00,1.0,19,False,False,False,False,False,0.0,0.0,0.0,0.0,,
6,3372,2024-06-26T19:10:05+00:00,1.0,8,False,False,False,False,False,0.0,0.0,0.0,0.0,,
6,3373,2024-06-26T20:05:02+00:00,1.0,6,False,False,False,False,False,0.0,0.0,0.0,0.0,,
6,3374,2024-06-26T21:00:05+00:00,1.0,17,False,False,False,False,False,0.0,0.0,0.0,0.0,,
6,3375,2024-06-26T21:55:03+00:00,1.0,22,False,True,True,True,True,0.946,0.946,0.946,0.946,,
6,3376,2024-06-26T22:50:05+00:00,1.0,22,True,True,True,True,True,1.0,1.0,1.0,1.0,,
6,3377,2024-06-26T23:45:03+00:00,1.0,22,True,True,True,True,True,1.0,1.0,1.0,1.0,,
6,3378,2024-06-27T00:40:05+00:00,1.0,22,False,False,False,False,False,0.0,0.0,0.0,0.0,,
6,3379,2024-06-27T01:35:03+00:00,1.0,22,False,False,True,True,False,0.0,0.0,0.0,0.112,,
6,3380,2024-06-27T02:30:05+00:00,1.0,22,True,True,True,True,True,0.0,0.0,0.739,0.902,,
6,3381,2024-06-27T03:25:02+00:00,1.0,22,True,True,True,True,True,0.551,0.946,0.946,0.946,,
6,3382,2024-06-27T04:20:05+00:00,1.0,22,False,False,False,False,False,0.0,0.0,0.0,0.0,,
6,3383,2024-06-27T05:15:02+00:00,1.0,22,False,False,False,False,False,0.0,0.0,0.102,0.104,,
6,3384,2024-06-27T06:10:07+00:00,1.0,22,False,False,False,True,False,0.0,0.0,0.02,0.073,,
6,3385,2024-06-27T07:05:03+00:00,1.0,22,False,False,True,True,False,0.0,0.046,0.117,0.283,,
6,3386,2024-06-27T08:00:05+00:00,1.0,22,True,True,True,True,True,0.503,0.663,0.724,0.736,,
6,3387,2024-06-27T08:55:03+00:00,1.0,22,True,True,True,True,True,1.0,1.0,1.0,1.0,,
6,3388,2024-06-27T09:50:05+00:00,1.0,22,False,False,False,False,True,0.719,0.759,0.759,0.759,,
6,3389,2024-06-27T10:45:03+00:00,1.0,22,False,False,False,False,False,0.008,0.021,0.087,0.283,,
6,3390,2024-06-27T11:40:05+00:00,1.0,22,False,False,False,False,True,0.0,0.0,0.71,0.783,,
6,3391,2024-06-27T12:35:02+00:00,1.0,22,False,False,False,True,False,0.0,0.0,0.243,0.297,,
6,3392,2024-06-27T13:30:05+00:00,1.0,22,False,False,False,False,True,0.422,0.434,0.595,0.61,,
6,3393,2024-06-27T14:25:03+00:00,1.0,22,False,False,False,False,False,0.0,0.0,0.0,0.208,,
6,3394,2024-06-27T15:20:05+00:00,1.0,22,False,False,False,False,False,0.0,0.0,0.0,0.0,,
6,3395,2024-06-27T16:15:03+00:00,1.0,18,False,False,False,False,False,0.0,0.0,0.0,0.0,,
6,3396,2024-06-27T17:10:05+00:00,1.0,7,False,False,False,False,False,0.0,0.0,0.02,0.034,,
6,3397,2024-06-27T19:55:02+00:00,1.0,2,False,False,False,False,False,0.0,0.0,0.0,0.0,,
6,3398,2024-06-27T20:50:05+00:00,1.0,11,False,False,False,False,False,0.0,0.0,0.0,0.0,,
6,3399,2024-06-27T21:45:02+00:00,1.0,9,False,False,False,False,False,0.0,0.0,0.0,0.0,,
6,3400,2024-06-28T08:45:03+00:00,20.0,0,False,False,False,False,False,0.0,0.0,0.0,0.0,,
6,3401,2024-06-28T19:45:03+00:00,20.0,0,False,False,False,False,False,0.0,0.0,0.0,0.0,,
6,3402,2024-06-28T23:25:02+00:00,20.0,0,False,False,False,False,False,0.0,0.0,0.0,0.0,,
6,3403,2024-06-29T04:00:05+00:00,20.0,0,False,False,False,False,False,0.0,0.0,0.0,0.0,,
6,3404,2024-06-30T14:00:05+00:00,20.0,0,False,False,False,False,False,0.0,0.0,0.0,0.0,,
6,3405,2024-06-30T23:10:05+00:00,20.0,0,False,False,False,False,False,0.0,0.0,0.0,0.0,,
6,3406,2024-07-01T04:40:05+00:00,20.0,0,False,False,False,False,False,0.0,0.0,0.0,0.0,,
6,3407,2024-07-01T07:25:03+00:00,20.0,0,False,False,False,False,False,0.0,0.0,0.0,0.0,,
6,3408,2024-07-01T16:35:03+00:00,1.0,5,False,False,False,False,False,0.0,0.0,0.0,0.0,,
6,3409,2024-07-01T17:30:05+00:00,1.0,6,False,False,False,False,False,0.0,0.0,0.0,0.0,,
6,3410,2024-07-01T18:25:02+00:00,1.0,1,False,False,False,False,False,0.0,0.0,0.0,0.0,,
6,3411,2024-07-01T20:15:02+00:00,1.0,11,False,False,False,False,False,0.0,0.0,0.0,0.0,,
6,3412,2024-07-01T21:10:05+00:00,1.0,22,False,False,False,False,False,0.0,0.0,0.0,0.0,,
6,3413,2024-07-01T22:05:03+00:00,1.0,22,False,False,False,False,False,0.0,0.0,0.0,0.0,,
6,3414,2024-07-01T23:00:05+00:00,1.0,22,False,False,False,False,False,0.0,0.0,0.091,0.207,,
6,3415,2024-07-01T23:55:03+00:00,1.0,22,False,False,False,False,False,0.0,0.0,0.091,0.4,,
6,3416,2024-07-02T00:50:05+00:00,1.0,22,False,False,False,False,False,0.0,0.016,0.12,0.14,,
6,3417,2024-07-02T01:45:03+00:00,1.0,22,False,True,True,True,False,0.0,0.0,0.0,0.0,,
6,3418,2024-07-02T02:40:05+00:00,1.0,22,False,False,False,False,False,0.0,0.0,0.0,0.0,,
6,3419,2024-07-02T03:35:03+00:00,1.0,22,False,False,False,False,False,0.0,0.0,0.046,0.055,,
6,3420,2024-07-02T04:30:05+00:00,1.0,22,False,False,False,False,False,0.0,0.0,0.0,0.0,,
6,3421,2024-07-02T05:25:03+00:00,1.0,22,False,False,False,False,False,0.0,0.0,0.0,0.092,,
6,3422,2024-07-02T06:20:05+00:00,1.0,22,False,False,False,False,False,0.0,0.0,0.011,0.071,,
6,3423,2024-07-02T07:15:03+00:00,1.0,22,False,False,True,True,False,0.0,0.001,0.043,0.288,,
6,3424,2024-07-02T08:10:07+00:00,1.0,22,True,True,True,True,True,1.0,1.0,1.0,1.0,,
6,3425,2024-07-02T09:05:02+00:00,1.0,22,True,True,True,True,True,1.0,1.0,1.0,1.0,,
6,3426,2024-07-02T10:00:05+00:00,1.0,22,False,False,False,False,False,0.0,0.0,0.003,0.042,,
6,3427,2024-07-02T10:55:03+00:00,1.0,22,False,False,False,False,False,0.0,0.0,0.0,0.418,,
6,3428,2024-07-02T11:50:05+00:00,1.0,22,False,False,False,False,True,0.0,0.179,0.482,0.548,,
6,3429,2024-07-02T12:45:03+00:00,1.0,22,False,True,True,True,False,0.0,0.0,0.02,0.054,,
6,3430,2024-07-02T13:40:05+00:00,1.0,22,False,False,False,False,False,0.0,0.008,0.054,0.054,,
6,3431,2024-07-02T14:35:02+00:00,1.0,22,False,False,False,False,False,0.0,0.0,0.0,0.0,,
6,3432,2024-07-02T15:30:05+00:00,1.0,22,False,False,False,False,False,0.0,0.0,0.046,0.054,,
6,3433,2024-07-02T16:25:02+00:00,1.0,22,False,False,False,False,False,0.0,0.0,0.0,0.0,,
6,3434,2024-07-02T17:20:05+00:00,1.0,22,False,False,False,False,False,0.0,0.0,0.046,0.533,,
6,3435,2024-07-02T18:15:03+00:00,1.0,11,False,False,False,False,True,0.0,0.929,0.967,0.97,,
6,3436,2024-07-03T08:55:02+00:00,20.0,0,False,False,False,False,False,0.0,0.0,0.0,0.0,,
6,3437,2024-07-03T10:45:02+00:00,20.0,0,False,False,False,False,False,0.0,0.0,0.0,0.0,,
6,3438,2024-07-05T13:10:05+00:00,20.0,0,False,False,False,False,False,0.0,0.0,0.0,0.0,,
6,3439,2024-07-06T10:15:02+00:00,20.0,0,False,False,False,False,False,0.0,0.0,0.0,0.0,,
6,3440,2024-07-07T05:30:05+00:00,20.0,0,False,False,False,False,False,0.0,0.0,0.0,0.0,,
6,3441,2024-07-07T08:15:02+00:00,1.0,5,False,False,False,False,False,0.0,0.0,0.0,0.0,,
6,3442,2024-07-07T09:10:05+00:00,1.0,16,False,False,False,False,False,0.0,0.0,0.0,0.0,,
6,3443,2024-07-07T10:05:02+00:00,1.0,22,False,False,False,False,False,0.0,0.0,0.0,0.02,,
6,3444,2024-07-07T11:00:05+00:00,1.0,22,False,False,False,False,False,0.0,0.0,0.0,0.0,,
6,3445,2024-07-07T11:55:02+00:00,1.0,18,False,False,False,False,False,0.0,0.0,0.0,0.035,,
6,3446,2024-07-07T12:50:04+00:00,1.0,7,False,False,False,False,False,0.0,0.0,0.0,0.035,,
6,3447,2024-07-07T14:40:05+00:00,1.0,8,False,False,False,False,False,0.0,0.0,0.0,0.0,,
6,3448,2024-07-07T15:35:02+00:00,1.0,19,False,False,False,False,False,0.0,0.351,0.593,0.593,,
6,3449,2024-07-07T16:30:05+00:00,1.0,17,False,False,False,False,False,0.0,0.0,0.0,0.549,,
6,3450,2024-07-07T17:25:02+00:00,1.0,6,False,False,False,False,False,0.0,0.0,0.013,0.013,,
6,3451,2024-07-08T05:20:05+00:00,20.0,0,False,False,False,False,False,0.0,0.0,0.0,0.0,,
6,3452,2024-07-09T09:45:02+00:00,1.0,3,False,False,False,False,False,0.0,0.0,0.0,0.0,,
6,3453,2024-07-09T10:40:05+00:00,1.0,14,False,False,False,False,False,0.0,0.0,0.0,0.0,,
6,3454,2024-07-09T11:35:02+00:00,1.0,22,False,False,False,False,False,0.0,0.0,0.0,0.0,,
6,3455,2024-07-09T12:30:05+00:00,1.0,22,False,False,False,False,False,0.0,0.0,0.0,0.0,,
6,3456,2024-07-09T13:25:03+00:00,1.0,22,False,False,False,False,False,0.0,0.0,0.0,0.0,,
6,3457,2024-07-09T14:20:05+00:00,1.0,13,False,False,False,False,False,0.0,0.0,0.0,0.0,,
6,3458,2024-07-09T15:15:03+00:00,1.0,13,False,False,False,False,False,0.0,0.0,0.0,0.0,,
6,3459,2024-07-09T16:10:08+00:00,1.0,22,False,False,False,True,False,0.0,0.0,0.0,0.199,,
6,3460,2024-07-09T17:05:02+00:00,1.0,17,True,True,True,True,True,0.0,0.008,0.906,0.988,,
6,3461,2024-07-09T18:00:05+00:00,1.0,6,False,False,False,False,False,0.0,0.0,0.0,0.0,,
6,3462,2024-07-11T03:00:05+00:00,20.0,0,False,False,False,False,False,0.0,0.0,0.0,0.0,,
6,3463,2024-07-11T12:10:08+00:00,20.0,0,False,False,False,False,False,0.0,0.0,0.0,0.0,,
6,3464,2024-07-11T14:00:05+00:00,1.0,3,False,False,False,False,False,0.0,0.0,0.0,0.054,,
6,3465,2024-07-11T14:55:03+00:00,1.0,14,False,False,False,False,False,0.0,0.0,0.0,0.0,,
6,3466,2024-07-11T15:50:05+00:00,1.0,17,False,False,False,False,False,0.0,0.0,0.0,0.0,,
6,3467,2024-07-11T16:45:03+00:00,1.0,6,False,False,False,False,False,0.0,0.0,0.0,0.0,,
6,3468,2024-07-12T11:05:02+00:00,20.0,0,False,False,False,False,False,0.0,0.0,0.0,0.0,,
6,3469,2024-07-12T12:00:05+00:00,1.0,5,False,False,False,False,False,0.0,0.0,0.0,0.0,,
6,3470,2024-07-12T12:55:03+00:00,1.0,16,False,False,False,False,False,0.0,0.0,0.0,0.0,,
6,3471,2024-07-12T13:50:05+00:00,1.0,22,False,False,False,False,False,0.0,0.0,0.0,0.0,,
6,3472,2024-07-12T14:45:02+00:00,1.0,21,False,False,False,False,False,0.0,0.0,0.0,0.0,,
6,3473,2024-07-12T15:40:05+00:00,1.0,13,False,False,False,False,False,0.0,0.0,0.0,0.0,,
6,3474,2024-07-12T16:35:03+00:00,1.0,3,False,False,False,False,False,0.0,0.0,0.0,0.0,,
6,3475,2024-07-13T10:55:03+00:00,1.0,3,False,False,False,False,False,0.0,0.0,0.0,0.0,,
6,3476,2024-07-13T11:50:05+00:00,1.0,14,False,False,False,False,False,0.0,0.0,0.0,0.0,,
6,3477,2024-07-13T12:45:03+00:00,1.0,22,False,False,False,False,False,0.0,0.0,0.0,0.0,,
6,3478,2024-07-13T13:40:05+00:00,1.0,22,False,False,False,False,False,0.0,0.0,0.0,0.0,,
6,3479,2024-07-13T14:35:02+00:00,1.0,22,False,False,False,False,False,0.0,0.0,0.0,0.0,,
6,3480,2024-07-13T15:30:05+00:00,1.0,22,False,False,False,False,False,0.0,0.0,0.0,0.0,,
6,3481,2024-07-13T16:25:02+00:00,1.0,18,False,False,False,False,False,0.0,0.0,0.0,0.01,,
6,3482,2024-07-13T17:20:05+00:00,1.0,8,False,False,False,False,False,0.0,0.0,0.0,0.0,,
6,3483,2024-07-13T18:15:02+00:00,1.0,1,False,False,False,False,False,0.0,0.0,0.0,0.0,,
6,3484,2024-07-14T09:50:05+00:00,1.0,5,False,False,False,False,False,0.0,0.0,0.0,0.0,,
6,3485,2024-07-14T10:45:03+00:00,1.0,13,False,False,False,False,False,0.0,0.0,0.0,0.0,,
6,3486,2024-07-14T11:40:05+00:00,1.0,10,False,False,False,False,False,0.0,0.0,0.0,0.0,,
6,3487,2024-07-14T12:35:03+00:00,1.0,13,False,False,False,False,False,0.0,0.0,0.0,0.0,,
6,3488,2024-07-14T13:30:05+00:00,1.0,22,False,False,False,False,False,0.0,0.0,0.0,0.0,,
6,3489,2024-07-14T14:25:03+00:00,1.0,22,False,False,False,False,False,0.0,0.0,0.0,0.0,,
6,3490,2024-07-14T15:20:04+00:00,1.0,22,False,False,False,False,False,0.0,0.0,0.0,0.0,,
6,3491,2024-07-14T16:15:02+00:00,1.0,22,False,False,False,False,False,0.0,0.0,0.0,0.0,,
6,3492,2024-07-14T17:10:05+00:00,1.0,22,False,False,False,False,False,0.0,0.0,0.0,0.0,,
6,3493,2024-07-14T18:05:02+00:00,1.0,22,False,False,False,False,False,0.0,0.0,0.0,0.0,,
6,3494,2024-07-14T19:00:05+00:00,1.0,22,False,False,False,False,False,0.0,0.0,0.0,0.0,,
6,3495,2024-07-14T19:55:02+00:00,1.0,22,False,False,False,False,False,0.0,0.0,0.0,0.0,,
6,3496,2024-07-14T20:50:05+00:00,1.0,16,False,False,False,False,False,0.0,0.0,0.0,0.0,,
6,3497,2024-07-14T21:45:02+00:00,1.0,5,False,False,False,False,False,0.0,0.0,0.0,0.0,,
6,3498,2024-07-15T13:30:05+00:00,1.0,2,False,False,False,False,False,0.0,0.0,0.0,0.0,,
6,3499,2024-07-15T14:25:02+00:00,1.0,13,False,False,False,False,False,0.0,0.0,0.0,0.0,,
7,3500,2024-07-15T15:20:05+00:00,1.0,22,False,False,False,False,False,0.0,0.0,0.112,0.278,,
7,3501,2024-07-15T16:15:02+00:00,1.0,22,False,False,False,False,False,0.0,0.0,0.0,0.0,,
7,3502,2024-07-15T17:10:05+00:00,1.0,15,False,False,False,False,False,0.0,0.0,0.0,0.0,,
7,3503,2024-07-15T18:05:03+00:00,1.0,4,False,False,False,False,False,0.0,0.0,0.0,0.0,,
7,3504,2024-07-15T21:45:03+00:00,20.0,0,False,False,False,False,False,0.0,0.0,0.0,0.0,,
7,3505,2024-07-15T22:40:05+00:00,20.0,0,False,False,False,False,False,0.0,0.0,0.0,0.0,,
7,3506,2024-07-16T08:45:03+00:00,20.0,0,False,False,False,False,False,0.0,0.0,0.0,0.0,,
7,3507,2024-07-16T09:40:05+00:00,20.0,0,False,False,False,False,False,0.0,0.0,0.0,0.0,,
7,3508,2024-07-16T10:35:03+00:00,1.0,8,False,False,False,False,False,0.0,0.0,0.0,0.0,,
7,3509,2024-07-16T11:30:05+00:00,1.0,19,False,False,False,False,False,0.0,0.0,0.0,0.0,,
7,3510,2024-07-16T12:25:03+00:00,1.0,22,False,False,False,False,False,0.0,0.0,0.0,0.0,,
7,3511,2024-07-16T13:20:05+00:00,1.0,22,False,False,False,False,False,0.0,0.0,0.0,0.0,,
7,3512,2024-07-16T14:15:02+00:00,1.0,22,False,False,False,False,False,0.0,0.0,0.0,0.0,,
7,3513,2024-07-16T15:10:05+00:00,1.0,22,False,False,False,False,False,0.0,0.0,0.0,0.0,,
7,3514,2024-07-16T16:05:02+00:00,1.0,22,False,False,False,False,False,0.0,0.0,0.0,0.0,,
7,3515,2024-07-16T17:00:05+00:00,1.0,17,False,False,False,False,False,0.0,0.0,0.0,0.0,,
7,3516,2024-07-16T17:55:02+00:00,1.0,6,False,False,False,False,False,0.0,0.0,0.0,0.0,,
7,3517,2024-07-16T22:30:05+00:00,20.0,0,False,False,False,False,False,0.0,0.0,0.0,0.0,,
7,3518,2024-07-17T08:35:03+00:00,1.0,7,False,False,False,False,False,0.0,0.0,0.0,0.0,,
7,3519,2024-07-17T09:30:05+00:00,1.0,18,False,False,False,False,False,0.0,0.0,0.0,0.0,,
7,3520,2024-07-17T10:25:03+00:00,1.0,22,False,False,False,False,False,0.0,0.0,0.0,0.02,,
7,3521,2024-07-17T11:20:05+00:00,1.0,22,False,False,False,False,False,0.0,0.0,0.02,0.09,,
7,3522,2024-07-17T12:15:03+00:00,1.0,22,False,False,False,False,False,0.0,0.0,0.0,0.0,,
7,3523,2024-07-17T13:10:05+00:00,1.0,22,False,False,False,False,False,0.0,0.0,0.0,0.0,,
7,3524,2024-07-17T14:05:02+00:00,1.0,22,False,False,False,False,False,0.0,0.0,0.0,0.0,,
7,3525,2024-07-17T15:00:05+00:00,1.0,22,False,False,False,False,False,0.0,0.0,0.299,0.299,,
7,3526,2024-07-17T15:55:03+00:00,1.0,14,False,False,False,False,False,0.0,0.0,0.0,0.0,,
7,3527,2024-07-17T16:50:05+00:00,1.0,3,False,False,False,False,False,0.0,0.0,0.0,0.0,,
7,3528,2024-07-18T11:15:03+00:00,1.0,22,False,False,False,False,True,0.0,0.0,0.43,0.43,,
7,3529,2024-07-18T12:10:07+00:00,1.0,22,False,False,False,False,False,0.0,0.0,0.0,0.034,,
7,3530,2024-07-18T13:05:03+00:00,1.0,22,False,False,False,False,True,0.008,0.64,0.701,0.701,,
7,3531,2024-07-18T14:00:05+00:00,1.0,22,False,False,False,False,False,0.0,0.0,0.436,0.436,,
7,3532,2024-07-18T14:55:03+00:00,1.0,22,False,False,False,False,False,0.0,0.0,0.0,0.0,,
7,3533,2024-07-18T15:50:05+00:00,1.0,22,False,False,False,False,False,0.0,0.0,0.0,0.0,,
7,3534,2024-07-18T16:45:03+00:00,1.0,22,False,False,False,False,False,0.0,0.0,0.0,0.0,,
7,3535,2024-07-18T17:40:05+00:00,1.0,12,False,False,False,False,False,0.0,0.0,0.0,0.0,,
7,3536,2024-07-18T18:35:03+00:00,1.0,1,False,False,False,False,False,0.0,0.0,0.0,0.0,,
7,3537,2024-07-19T08:20:05+00:00,1.0,2,False,False,False,False,False,0.0,0.0,0.0,0.0,,
7,3538,2024-07-19T09:15:02+00:00,1.0,13,False,False,False,False,False,0.0,0.0,0.0,0.0,,
7,3539,2024-07-19T10:10:07+00:00,1.0,22,False,False,False,False,False,0.0,0.0,0.0,0.0,,
7,3540,2024-07-19T11:05:03+00:00,1.0,22,False,False,False,False,False,0.0,0.0,0.0,0.008,,
7,3541,2024-07-19T13:20:05+00:00,1.0,22,False,False,False,False,False,0.0,0.0,0.091,0.79,,
7,3542,2024-07-19T14:15:03+00:00,1.0,22,False,False,False,False,False,0.0,0.0,0.077,0.119,,
7,3543,2024-07-19T15:10:06+00:00,1.0,22,False,False,False,False,False,0.0,0.189,0.191,0.395,,
7,3544,2024-07-19T16:05:02+00:00,1.0,22,False,False,False,False,False,0.0,0.0,0.034,0.046,,
7,3545,2024-07-19T17:00:04+00:00,1.0,17,False,False,False,False,False,0.0,0.0,0.0,0.0,,
7,3546,2024-07-19T17:55:03+00:00,1.0,6,False,False,False,False,False,0.0,0.0,0.0,0.0,,
7,3547,2024-07-19T20:40:05+00:00,20.0,0,False,False,False,False,False,0.0,0.0,0.0,0.0,,
7,3548,2024-07-20T09:30:05+00:00,1.0,8,False,False,False,False,False,0.0,0.0,0.0,0.0,,
7,3549,2024-07-20T10:25:03+00:00,1.0,19,False,False,False,False,False,0.0,0.0,0.0,0.0,,
7,3550,2024-07-20T11:20:05+00:00,1.0,22,False,False,False,False,False,0.0,0.0,0.0,0.002,,
7,3551,2024-07-20T12:15:03+00:00,1.0,22,False,False,False,False,False,0.0,0.0,0.0,0.0,,
7,3552,2024-07-20T13:10:05+00:00,1.0,22,False,False,False,False,False,0.0,0.0,0.0,0.0,,
7,3553,2024-07-20T14:05:03+00:00,1.0,22,False,False,False,False,False,0.0,0.0,0.0,0.0,,
7,3554,2024-07-20T15:00:06+00:00,1.0,22,False,False,False,False,False,0.0,0.0,0.0,0.153,,
7,3555,2024-07-20T15:55:03+00:00,1.0,22,False,False,False,False,False,0.0,0.0,0.0,0.0,,
7,3556,2024-07-20T16:50:05+00:00,1.0,22,False,False,False,False,False,0.0,0.0,0.0,0.0,,
7,3557,2024-07-20T17:45:02+00:00,1.0,21,False,False,False,False,False,0.0,0.0,0.0,0.0,,
7,3558,2024-07-20T18:40:05+00:00,1.0,10,False,False,False,False,False,0.0,0.0,0.0,0.0,,
7,3559,2024-07-20T21:25:03+00:00,1.0,3,False,False,False,False,False,0.0,0.0,0.0,0.0,,
7,3560,2024-07-20T22:20:05+00:00,1.0,14,False,False,False,False,False,0.0,0.0,0.0,0.0,,
7,3561,2024-07-20T23:15:03+00:00,1.0,22,False,False,False,False,False,0.0,0.0,0.0,0.02,,
7,3562,2024-07-21T00:10:07+00:00,1.0,22,False,False,False,False,False,0.0,0.0,0.0,0.0,,
7,3563,2024-07-21T01:05:03+00:00,1.0,22,False,False,False,False,False,0.0,0.0,0.0,0.0,,
7,3564,2024-07-21T02:00:05+00:00,1.0,11,False,False,False,False,False,0.0,0.0,0.0,0.0,,
7,3565,2024-07-21T15:45:03+00:00,1.0,10,False,False,False,False,False,0.0,0.0,0.0,0.0,,
7,3566,2024-07-21T16:40:06+00:00,1.0,10,False,False,False,False,False,0.0,0.0,0.0,0.0,,
7,3567,2024-07-21T17:35:02+00:00,1.0,2,False,False,False,False,False,0.0,0.0,0.0,0.0,,
7,3568,2024-07-21T18:30:05+00:00,1.0,2,False,False,False,False,False,0.0,0.0,0.0,0.0,,
7,3569,2024-07-22T02:45:03+00:00,20.0,0,False,False,False,False,False,0.0,0.0,0.0,0.0,,
7,3570,2024-07-22T11:00:05+00:00,1.0,1,False,False,False,False,False,0.0,0.0,0.0,0.0,,
7,3571,2024-07-22T11:55:02+00:00,1.0,11,False,False,False,False,False,0.0,0.0,0.0,0.009,,
7,3572,2024-07-22T12:50:05+00:00,1.0,21,False,False,False,False,False,0.0,0.0,0.0,0.0,,
7,3573,2024-07-22T13:45:03+00:00,1.0,22,False,False,False,False,False,0.0,0.0,0.078,0.342,,
7,3574,2024-07-22T14:40:05+00:00,1.0,22,False,False,False,False,True,0.02,0.299,0.299,0.299,,
7,3575,2024-07-22T15:35:02+00:00,1.0,22,False,False,False,False,False,0.0,0.0,0.0,0.261,,
7,3576,2024-07-22T16:30:04+00:00,1.0,22,False,False,False,False,False,0.0,0.0,0.0,0.61,,
7,3577,2024-07-22T17:25:02+00:00,1.0,22,False,False,False,False,False,0.0,0.0,0.0,0.0,,
7,3578,2024-07-22T18:20:05+00:00,1.0,15,False,False,False,False,False,0.0,0.0,0.0,0.0,,
7,3579,2024-07-22T19:15:02+00:00,1.0,4,False,False,False,False,False,0.0,0.0,0.0,0.0,,
7,3580,2024-07-23T04:25:03+00:00,20.0,0,False,False,False,False,False,0.0,0.0,0.0,0.0,,
7,3581,2024-07-23T09:55:03+00:00,20.0,0,False,False,False,False,False,0.0,0.0,0.0,0.0,,
7,3582,2024-07-23T11:45:03+00:00,1.0,10,False,False,False,False,False,0.0,0.0,0.0,0.0,,
7,3583,2024-07-23T12:40:05+00:00,1.0,21,False,False,False,False,False,0.0,0.0,0.0,0.0,,
7,3584,2024-07-23T13:35:03+00:00,1.0,21,False,False,False,False,False,0.0,0.0,0.0,0.0,,
7,3585,2024-07-23T14:30:05+00:00,1.0,21,False,False,False,False,False,0.0,0.0,0.002,0.027,,
7,3586,2024-07-23T15:25:03+00:00,1.0,22,False,False,False,False,False,0.0,0.0,0.0,0.0,,
7,3587,2024-07-23T16:20:05+00:00,1.0,22,False,False,False,False,False,0.0,0.0,0.0,0.0,,
7,3588,2024-07-23T17:15:02+00:00,1.0,19,False,False,False,False,False,0.0,0.0,0.0,0.0,,
7,3589,2024-07-23T18:10:07+00:00,1.0,8,False,False,False,False,False,0.0,0.0,0.0,0.0,,
7,3590,2024-07-23T20:55:03+00:00,20.0,0,False,False,False,False,False,0.0,0.0,0.0,0.0,,
7,3591,2024-07-23T21:50:05+00:00,1.0,1,False,False,False,False,False,0.0,0.0,0.0,0.0,,
7,3592,2024-07-23T22:45:02+00:00,1.0,8,False,False,False,False,False,0.0,0.0,0.0,0.0,,
7,3593,2024-07-23T23:40:05+00:00,1.0,7,False,False,False,False,False,0.0,0.0,0.0,0.0,,
7,3594,2024-07-24T01:30:05+00:00,1.0,7,False,False,False,False,False,0.0,0.0,0.0,0.0,,
7,3595,2024-07-24T02:25:03+00:00,1.0,18,False,False,False,False,False,0.0,0.0,0.0,0.0,,
7,3596,2024-07-24T03:20:05+00:00,1.0,22,False,False,False,False,False,0.0,0.0,0.0,0.0,,
7,3597,2024-07-24T04:15:03+00:00,1.0,22,False,False,False,False,False,0.0,0.0,0.0,0.0,,
7,3598,2024-07-24T05:10:05+00:00,1.0,22,False,False,False,False,False,0.0,0.0,0.0,0.046,,
7,3599,2024-07-24T06:05:02+00:00,1.0,22,False,False,False,False,False,0.0,0.0,0.0,0.0,,
7,3600,2024-07-24T07:00:05+00:00,1.0,22,False,False,False,False,False,0.0,0.0,0.0,0.0,,
7,3601,2024-07-24T07:55:03+00:00,1.0,22,False,False,False,False,False,0.0,0.0,0.0,0.0,,
7,3602,2024-07-24T08:50:05+00:00,1.0,22,False,False,False,False,False,0.0,0.0,0.018,0.369,,
7,3603,2024-07-24T09:45:02+00:00,1.0,22,False,False,False,True,True,0.0,0.034,0.299,0.331,,
7,3604,2024-07-24T10:40:05+00:00,1.0,22,True,False,False,False,True,0.0,0.019,0.267,0.268,,
7,3605,2024-07-24T11:35:02+00:00,1.0,22,False,False,False,False,False,0.0,0.054,0.054,0.054,,
7,3606,2024-07-24T12:30:05+00:00,1.0,22,False,False,False,False,True,0.027,0.237,0.263,0.303,,
7,3607,2024-07-24T13:25:03+00:00,1.0,22,False,False,False,False,True,0.0,0.0,0.551,0.701,,
7,3608,2024-07-24T14:20:05+00:00,1.0,22,False,False,False,False,True,0.0,0.235,0.946,0.946,,
7,3609,2024-07-24T15:15:03+00:00,1.0,18,False,False,True,True,False,0.0,0.0,0.02,0.02,,
7,3610,2024-07-24T16:10:07+00:00,1.0,7,False,False,False,False,False,0.0,0.0,0.0,0.0,,
7,3611,2024-07-24T22:35:02+00:00,20.0,0,False,False,False,False,False,0.0,0.0,0.0,0.0,,
7,3612,2024-07-25T07:45:03+00:00,20.0,0,False,False,False,False,False,0.0,0.0,0.0,0.0,,
7,3613,2024-07-26T00:15:02+00:00,20.0,0,False,False,False,False,False,0.0,0.0,0.0,0.0,,
7,3614,2024-07-26T15:50:05+00:00,20.0,0,False,False,False,False,False,0.0,0.0,0.0,0.0,,
7,3615,2024-07-26T18:35:03+00:00,20.0,0,False,False,False,False,False,0.0,0.0,0.0,0.0,,
7,3616,2024-07-27T19:10:05+00:00,20.0,0,False,False,False,False,False,0.0,0.0,0.0,0.0,,
7,3617,2024-07-28T04:20:05+00:00,20.0,0,False,False,False,False,False,0.0,0.0,0.0,0.0,,
7,3618,2024-07-28T07:05:03+00:00,20.0,0,False,False,False,False,False,0.0,0.0,0.0,0.0,,
7,3619,2024-07-28T08:00:05+00:00,20.0,0,False,False,False,False,False,0.0,0.0,0.0,0.0,,
7,3620,2024-07-28T10:45:03+00:00,20.0,0,False,False,False,False,False,0.0,0.0,0.0,0.0,,
7,3621,2024-07-29T00:30:05+00:00,20.0,0,False,False,False,False,False,0.0,0.0,0.0,0.0,,
7,3622,2024-07-29T21:35:03+00:00,20.0,0,False,False,False,False,False,0.0,0.0,0.0,0.0,,
7,3623,2024-07-29T22:30:04+00:00,20.0,0,False,False,False,False,False,0.0,0.0,0.0,0.0,,
7,3624,2024-07-31T11:10:05+00:00,20.0,0,False,False,False,False,False,0.0,0.0,0.0,0.0,,
7,3625,2024-08-01T00:00:05+00:00,20.0,0,False,False,False,False,False,0.0,0.0,0.0,0.0,,
7,3626,2024-08-02T00:45:02+00:00,20.0,0,False,False,False,False,False,0.0,0.0,0.0,0.0,,
7,3627,2024-08-02T06:15:02+00:00,20.0,0,False,False,False,False,False,0.0,0.0,0.0,0.0,,
7,3628,2024-08-02T09:00:05+00:00,1.0,10,False,False,False,False,False,0.0,0.0,0.0,0.0,,
7,3629,2024-08-02T09:55:02+00:00,1.0,21,False,False,False,False,False,0.0,0.0,0.0,0.0,,
7,3630,2024-08-02T12:20:05+00:00,1.0,22,False,False,False,False,False,0.0,0.0,0.0,0.034,,
7,3631,2024-08-02T13:15:02+00:00,1.0,17,False,False,False,False,False,0.0,0.0,0.0,0.044,,
7,3632,2024-08-02T14:10:07+00:00,1.0,6,False,False,False,False,False,0.0,0.0,0.0,0.0,,
7,3633,2024-08-02T19:40:04+00:00,20.0,0,False,False,False,False,False,0.0,0.0,0.0,0.0,,
7,3634,2024-08-02T23:20:04+00:00,1.0,3,False,False,False,False,False,0.0,0.0,0.0,0.544,,
7,3635,2024-08-03T00:15:03+00:00,1.0,14,False,False,False,False,False,0.0,0.0,0.0,0.154,,
7,3636,2024-08-03T01:10:05+00:00,1.0,22,False,False,False,False,False,0.0,0.0,0.0,0.0,,
7,3637,2024-08-03T02:05:02+00:00,1.0,22,False,False,False,False,False,0.0,0.0,0.006,0.576,,
7,3638,2024-08-03T03:00:05+00:00,1.0,22,False,False,True,True,False,0.0,0.04,0.058,0.06,,
7,3639,2024-08-03T06:00:05+00:00,1.0,22,False,False,False,False,True,0.0,0.701,0.701,0.701,,
7,3640,2024-08-03T06:55:03+00:00,1.0,22,False,True,True,True,False,0.0,0.0,0.054,0.054,,
7,3641,2024-08-03T07:50:05+00:00,1.0,22,True,True,True,True,True,1.0,1.0,1.0,1.0,,
7,3642,2024-08-03T08:45:03+00:00,1.0,14,False,False,False,False,False,0.0,0.0,0.0,0.0,,
7,3643,2024-08-03T09:40:05+00:00,1.0,10,False,False,False,False,False,0.0,0.0,0.0,0.0,,
7,3644,2024-08-03T10:35:02+00:00,1.0,18,False,False,False,False,False,0.0,0.0,0.0,0.0,,
7,3645,2024-08-03T11:30:05+00:00,1.0,22,False,False,False,False,False,0.0,0.0,0.0,0.0,,
7,3646,2024-08-03T12:25:03+00:00,1.0,22,False,False,False,False,False,0.0,0.0,0.0,0.001,,
7,3647,2024-08-03T13:20:05+00:00,1.0,22,False,False,False,False,False,0.0,0.0,0.0,0.0,,
7,3648,2024-08-03T14:15:02+00:00,1.0,22,False,False,False,False,False,0.0,0.0,0.027,0.042,,
7,3649,2024-08-03T16:50:05+00:00,1.0,14,False,False,False,False,False,0.0,0.0,0.0,0.0,,
7,3650,2024-08-03T17:45:02+00:00,1.0,20,False,False,False,False,False,0.0,0.0,0.0,0.0,,
7,3651,2024-08-03T18:40:05+00:00,1.0,22,False,False,False,False,False,0.0,0.0,0.0,0.026,,
7,3652,2024-08-03T19:35:02+00:00,1.0,22,False,False,False,False,False,0.0,0.0,0.0,0.0,,
7,3653,2024-08-03T20:30:04+00:00,1.0,22,False,False,False,False,False,0.0,0.0,0.0,0.0,,
7,3654,2024-08-03T21:25:02+00:00,1.0,22,False,False,False,False,False,0.0,0.0,0.0,0.0,,
7,3655,2024-08-03T22:20:05+00:00,1.0,22,False,False,False,True,False,0.0,0.0,0.0,0.0,,
7,3656,2024-08-03T23:15:02+00:00,1.0,22,False,False,False,False,False,0.0,0.0,0.0,0.0,,
7,3657,2024-08-04T00:10:07+00:00,1.0,22,False,False,False,False,False,0.0,0.0,0.0,0.0,,
7,3658,2024-08-04T01:05:03+00:00,1.0,19,False,False,False,False,False,0.0,0.0,0.0,0.0,,
7,3659,2024-08-04T02:00:04+00:00,1.0,8,False,False,False,False,False,0.0,0.0,0.0,0.0,,
7,3660,2024-08-04T02:55:03+00:00,1.0,1,False,False,False,False,False,0.0,0.0,0.0,0.0,,
7,3661,2024-08-04T03:50:05+00:00,1.0,1,False,False,False,False,False,0.0,0.0,0.0,0.0,,
7,3662,2024-08-04T15:45:03+00:00,1.0,2,False,False,False,False,False,0.0,0.0,0.0,0.0,,
7,3663,2024-08-04T16:40:05+00:00,1.0,2,False,False,False,False,False,0.0,0.01,0.035,0.035,,
7,3664,2024-08-04T19:25:03+00:00,20.0,0,False,False,False,False,False,0.0,0.0,0.0,0.0,,
7,3665,2024-08-04T20:20:05+00:00,1.0,6,False,False,False,False,False,0.0,0.0,0.0,0.0,,
7,3666,2024-08-04T21:15:02+00:00,1.0,12,False,False,False,False,False,0.0,0.0,0.0,0.0,,
7,3667,2024-08-04T22:10:07+00:00,1.0,6,False,False,False,False,False,0.0,0.0,0.0,0.0,,
7,3668,2024-08-05T12:50:05+00:00,20.0,0,False,False,False,False,False,0.0,0.0,0.0,0.0,,
7,3669,2024-08-05T23:50:05+00:00,20.0,0,False,False,False,False,False,0.0,0.0,0.0,0.0,,
7,3670,2024-08-06T15:25:03+00:00,20.0,0,False,False,False,False,False,0.0,0.0,0.0,0.0,,
7,3671,2024-08-08T00:00:05+00:00,20.0,0,False,False,False,False,False,0.0,0.0,0.0,0.0,,
7,3672,2024-08-08T07:05:03+00:00,1.0,11,False,False,False,False,False,0.0,0.0,0.0,0.0,,
7,3673,2024-08-08T08:00:05+00:00,1.0,18,False,False,False,False,False,0.0,0.0,0.0,0.0,,
7,3674,2024-08-08T08:55:03+00:00,1.0,18,False,False,False,False,False,0.0,0.0,0.0,0.0,,
7,3675,2024-08-08T09:50:05+00:00,1.0,22,False,False,False,False,False,0.0,0.0,0.0,0.0,,
7,3676,2024-08-08T10:45:02+00:00,1.0,22,False,False,False,False,False,0.0,0.0,0.0,0.279,,
7,3677,2024-08-08T11:40:05+00:00,1.0,22,False,False,False,False,False,0.0,0.0,0.115,0.314,,
7,3678,2024-08-08T12:35:02+00:00,1.0,22,False,False,False,False,False,0.0,0.0,0.0,0.008,,
7,3679,2024-08-08T13:30:05+00:00,1.0,22,False,False,False,False,True,0.0,0.784,0.914,0.95,,
7,3680,2024-08-08T14:25:03+00:00,1.0,22,False,False,False,False,False,0.0,0.0,0.405,0.664,,
7,3681,2024-08-08T15:20:05+00:00,1.0,21,False,False,False,False,False,0.0,0.0,0.0,0.02,,
7,3682,2024-08-08T16:15:02+00:00,1.0,10,False,False,False,False,False,0.0,0.0,0.0,0.038,,
7,3683,2024-08-09T04:10:07+00:00,20.0,0,False,False,False,False,False,0.0,0.0,0.0,0.0,,
7,3684,2024-08-10T16:45:02+00:00,20.0,0,False,False,False,False,False,0.0,0.0,0.0,0.0,,
7,3685,2024-08-11T08:20:05+00:00,20.0,0,False,False,False,False,False,0.0,0.0,0.0,0.0,,
7,3686,2024-08-11T18:25:02+00:00,20.0,0,False,False,False,False,False,0.0,0.0,0.0,0.0,,
7,3687,2024-08-12T19:15:03+00:00,20.0,0,False,False,False,False,False,0.0,0.0,0.0,0.0,,
7,3688,2024-08-13T01:40:05+00:00,20.0,0,False,False,False,False,False,0.0,0.0,0.0,0.0,,
7,3689,2024-08-13T16:20:05+00:00,20.0,0,False,False,False,False,False,0.0,0.0,0.0,0.0,,
7,3690,2024-08-14T03:20:05+00:00,20.0,0,False,False,False,False,False,0.0,0.0,0.0,0.0,,
7,3691,2024-08-14T10:30:05+00:00,1.0,3,False,False,False,False,False,0.0,0.0,0.0,0.0,,
7,3692,2024-08-14T11:25:03+00:00,1.0,14,False,False,False,False,False,0.0,0.0,0.0,0.0,,
7,3693,2024-08-14T12:20:05+00:00,1.0,22,False,False,False,False,False,0.0,0.0,0.0,0.0,,
7,3694,2024-08-14T13:15:03+00:00,1.0,22,False,False,False,False,False,0.0,0.0,0.0,0.0,,
7,3695,2024-08-14T14:10:07+00:00,1.0,22,False,False,False,False,False,0.0,0.0,0.0,0.0,,
7,3696,2024-08-14T15:05:02+00:00,1.0,22,False,False,False,False,False,0.0,0.0,0.0,0.0,,
7,3697,2024-08-14T16:00:05+00:00,1.0,11,False,False,False,False,False,0.0,0.0,0.0,0.0,,
7,3698,2024-08-14T18:45:03+00:00,20.0,0,False,False,False,False,False,0.0,0.0,0.0,0.0,,
7,3699,2024-08-14T20:35:03+00:00,1.0,1,False,False,False,False,False,0.0,0.0,0.0,0.0,,
7,3700,2024-08-14T21:30:05+00:00,1.0,12,False,False,False,False,False,0.0,0.0,0.0,0.0,,
7,3701,2024-08-14T22:25:03+00:00,1.0,22,False,False,False,False,False,0.0,0.0,0.0,0.0,,
7,3702,2024-08-14T23:20:05+00:00,1.0,22,False,False,False,False,False,0.0,0.0,0.0,0.0,,
7,3703,2024-08-15T00:15:03+00:00,1.0,22,False,False,False,False,False,0.0,0.0,0.0,0.0,,
7,3704,2024-08-15T01:10:05+00:00,1.0,14,False,False,False,False,False,0.0,0.0,0.0,0.0,,
7,3705,2024-08-15T02:05:03+00:00,1.0,3,False,False,False,False,False,0.0,0.0,0.0,0.0,,
7,3706,2024-08-15T14:00:05+00:00,20.0,0,False,False,False,False,False,0.0,0.0,0.0,0.0,,
7,3707,2024-08-15T17:40:05+00:00,20.0,0,False,False,False,False,False,0.0,0.0,0.0,0.0,,
7,3708,2024-08-16T09:30:05+00:00,1.0,1,False,False,False,False,False,0.0,0.0,0.0,0.0,,
7,3709,2024-08-16T10:25:03+00:00,1.0,12,False,False,False,False,False,0.0,0.0,0.0,0.0,,
7,3710,2024-08-16T11:20:05+00:00,1.0,22,False,False,False,False,False,0.0,0.0,0.0,0.0,,
7,3711,2024-08-16T12:15:03+00:00,1.0,22,False,False,False,False,False,0.0,0.0,0.0,0.0,,
7,3712,2024-08-16T13:10:05+00:00,1.0,22,False,False,False,False,False,0.0,0.0,0.0,0.153,,
7,3713,2024-08-16T14:05:03+00:00,1.0,22,False,False,False,False,False,0.0,0.0,0.0,0.0,,
7,3714,2024-08-16T15:00:05+00:00,1.0,22,False,False,False,False,False,0.0,0.0,0.0,0.037,,
7,3715,2024-08-16T15:55:03+00:00,1.0,22,False,False,False,False,False,0.0,0.0,0.0,0.0,,
7,3716,2024-08-16T16:50:05+00:00,1.0,20,False,False,False,False,False,0.0,0.0,0.0,0.0,,
7,3717,2024-08-16T17:45:03+00:00,1.0,9,False,False,False,False,False,0.0,0.0,0.0,0.0,,
7,3718,2024-08-17T04:45:02+00:00,20.0,0,False,False,False,False,False,0.0,0.0,0.0,0.0,,
7,3719,2024-08-17T08:25:03+00:00,1.0,5,False,False,False,False,False,0.0,0.0,0.0,0.0,,
7,3720,2024-08-17T09:20:05+00:00,1.0,16,False,False,False,False,False,0.0,0.0,0.0,0.0,,
7,3721,2024-08-17T10:15:03+00:00,1.0,22,False,False,False,False,False,0.0,0.0,0.008,0.054,,
7,3722,2024-08-17T11:10:05+00:00,1.0,22,False,False,False,False,False,0.0,0.0,0.0,0.053,,
7,3723,2024-08-17T12:05:02+00:00,1.0,22,False,False,False,False,False,0.0,0.005,0.022,0.059,,
7,3724,2024-08-17T13:00:05+00:00,1.0,22,False,False,False,False,False,0.0,0.0,0.0,0.0,,
7,3725,2024-08-17T13:55:03+00:00,1.0,22,False,False,False,False,False,0.0,0.0,0.046,0.299,,
7,3726,2024-08-17T14:50:05+00:00,1.0,22,False,False,False,True,False,0.0,0.0,0.0,0.034,,
7,3727,2024-08-17T15:45:02+00:00,1.0,22,True,True,True,True,False,0.0,0.0,0.0,0.0,,
7,3728,2024-08-17T16:40:05+00:00,1.0,12,False,False,False,False,False,0.0,0.0,0.0,0.0,,
7,3729,2024-08-17T17:35:03+00:00,1.0,9,False,False,False,False,False,0.0,0.0,0.0,0.0,,
7,3730,2024-08-17T18:30:05+00:00,1.0,13,False,False,False,False,False,0.0,0.0,0.0,0.0,,
7,3731,2024-08-17T19:25:03+00:00,1.0,5,False,False,False,False,False,0.0,0.0,0.0,0.0,,
7,3732,2024-08-18T03:40:05+00:00,1.0,9,False,False,False,False,False,0.0,0.0,0.0,0.0,,
7,3733,2024-08-18T04:35:03+00:00,1.0,20,False,False,False,False,False,0.0,0.0,0.0,0.0,,
7,3734,2024-08-18T05:30:05+00:00,1.0,22,False,False,False,False,False,0.0,0.0,0.0,0.0,,
7,3735,2024-08-18T06:25:03+00:00,1.0,22,False,False,False,False,False,0.0,0.0,0.0,0.054,,
7,3736,2024-08-18T07:20:05+00:00,1.0,22,False,False,False,False,False,0.0,0.0,0.0,0.012,,
7,3737,2024-08-18T08:15:03+00:00,1.0,22,False,False,False,False,False,0.0,0.0,0.0,0.042,,
7,3738,2024-08-18T09:10:05+00:00,1.0,22,False,False,True,True,True,0.267,0.445,0.448,0.522,,
7,3739,2024-08-18T10:05:02+00:00,1.0,22,True,True,True,True,True,1.0,1.0,1.0,1.0,,
7,3740,2024-08-18T11:00:05+00:00,1.0,22,True,True,True,True,True,1.0,1.0,1.0,1.0,,
7,3741,2024-08-18T11:55:02+00:00,1.0,22,False,False,False,False,False,0.0,0.0,0.0,0.0,,
7,3742,2024-08-18T12:50:05+00:00,1.0,22,False,False,False,False,False,0.0,0.0,0.0,0.046,,
7,3743,2024-08-18T13:45:03+00:00,1.0,22,False,False,False,False,False,0.0,0.0,0.0,0.0,,
7,3744,2024-08-18T14:40:05+00:00,1.0,22,False,False,False,False,False,0.0,0.0,0.048,0.048,,
7,3745,2024-08-18T15:35:03+00:00,1.0,22,False,False,False,False,False,0.054,0.054,0.054,0.105,,
7,3746,2024-08-18T16:30:05+00:00,1.0,22,False,False,True,True,True,0.605,1.0,1.0,1.0,,
7,3747,2024-08-18T17:25:03+00:00,1.0,22,True,False,False,False,False,0.0,0.0,0.0,0.0,,
7,3748,2024-08-18T18:20:05+00:00,1.0,22,False,True,True,True,True,1.0,1.0,1.0,1.0,,
7,3749,2024-08-18T19:15:03+00:00,1.0,22,False,False,False,False,False,0.0,0.0,0.241,0.278,,
7,3750,2024-08-18T20:10:07+00:00,1.0,22,False,False,False,False,False,0.0,0.0,0.0,0.0,,
7,3751,2024-08-18T21:05:02+00:00,1.0,22,False,False,False,False,False,0.0,0.0,0.0,0.0,,
7,3752,2024-08-18T22:00:05+00:00,1.0,22,False,False,False,False,False,0.0,0.0,0.0,0.279,,
7,3753,2024-08-18T22:55:03+00:00,1.0,22,False,False,False,False,False,0.0,0.0,0.0,0.0,,
7,3754,2024-08-18T23:50:05+00:00,1.0,22,False,False,False,False,False,0.0,0.0,0.0,0.0,,
7,3755,2024-08-19T00:45:03+00:00,1.0,22,False,False,False,False,False,0.0,0.0,0.0,0.0,,
7,3756,2024-08-19T01:40:05+00:00,1.0,19,False,False,False,False,False,0.0,0.012,0.02,0.02,,
7,3757,2024-08-19T02:35:03+00:00,1.0,14,False,False,False,False,False,0.0,0.0,0.0,0.0,,
7,3758,2024-08-19T04:45:02+00:00,1.0,22,False,False,False,False,False,0.0,0.0,0.034,0.054,,
7,3759,2024-08-19T05:40:05+00:00,1.0,22,False,False,False,False,False,0.0,0.0,0.0,0.089,,
7,3760,2024-08-19T06:35:02+00:00,1.0,22,False,False,False,True,True,0.551,0.701,0.701,0.701,,
7,3761,2024-08-19T07:30:05+00:00,1.0,22,True,True,True,True,True,1.0,1.0,1.0,1.0,,
7,3762,2024-08-19T08:25:02+00:00,1.0,22,True,True,True,True,False,0.0,0.0,0.038,0.041,,
7,3763,2024-08-19T09:20:05+00:00,1.0,22,True,True,True,True,True,1.0,1.0,1.0,1.0,,
7,3764,2024-08-19T10:15:03+00:00,1.0,22,True,True,True,True,True,1.0,1.0,1.0,1.0,,
7,3765,2024-08-19T11:10:05+00:00,1.0,22,True,True,True,True,True,1.0,1.0,1.0,1.0,,
7,3766,2024-08-19T12:05:02+00:00,1.0,22,True,False,False,True,False,0.0,0.0,0.008,0.1,,
7,3767,2024-08-19T13:00:05+00:00,1.0,22,True,True,True,True,True,1.0,1.0,1.0,1.0,,
7,3768,2024-08-19T13:55:03+00:00,1.0,22,False,False,False,False,False,0.0,0.0,0.059,0.253,,
7,3769,2024-08-19T14:50:05+00:00,1.0,22,False,False,False,True,False,0.0,0.0,0.0,0.35,,
7,3770,2024-08-19T15:45:03+00:00,1.0,22,False,True,True,True,True,0.204,0.818,0.888,0.899,,
7,3771,2024-08-19T16:40:05+00:00,1.0,22,True,True,True,True,True,1.0,1.0,1.0,1.0,,
7,3772,2024-08-19T17:35:03+00:00,1.0,22,True,True,True,True,True,1.0,1.0,1.0,1.0,,
7,3773,2024-08-19T18:30:05+00:00,1.0,22,True,True,True,True,True,1.0,1.0,1.0,1.0,,
7,3774,2024-08-19T19:25:03+00:00,1.0,22,False,False,True,True,True,1.0,1.0,1.0,1.0,,
7,3775,2024-08-19T20:20:05+00:00,1.0,22,True,True,True,True,True,1.0,1.0,1.0,1.0,,
7,3776,2024-08-19T21:15:03+00:00,1.0,22,False,False,True,True,False,0.0,0.0,0.0,0.817,,
7,3777,2024-08-19T22:10:07+00:00,1.0,22,False,True,True,True,True,1.0,1.0,1.0,1.0,,
7,3778,2024-08-19T23:05:02+00:00,1.0,22,True,True,True,True,True,0.0,0.823,1.0,1.0,,
7,3779,2024-08-20T00:00:05+00:00,1.0,22,False,False,False,False,True,0.0,0.034,0.363,0.393,,
7,3780,2024-08-20T00:55:02+00:00,1.0,22,False,False,False,False,False,0.0,0.0,0.0,0.0,,
7,3781,2024-08-20T01:50:05+00:00,1.0,22,False,False,False,False,False,0.0,0.0,0.0,0.0,,
7,3782,2024-08-20T02:45:03+00:00,1.0,22,False,False,False,False,False,0.0,0.0,0.0,0.0,,
7,3783,2024-08-20T03:40:05+00:00,1.0,22,False,False,False,False,False,0.0,0.0,0.0,0.0,,
7,3784,2024-08-20T04:35:03+00:00,1.0,22,False,False,False,False,False,0.0,0.0,0.0,0.0,,
7,3785,2024-08-20T05:30:05+00:00,1.0,22,False,False,False,False,False,0.0,0.0,0.0,0.0,,
7,3786,2024-08-20T06:25:02+00:00,1.0,22,False,False,False,False,False,0.0,0.0,0.0,0.008,,
7,3787,2024-08-20T07:20:05+00:00,1.0,22,False,False,False,False,False,0.0,0.0,0.0,0.008,,
7,3788,2024-08-20T08:15:02+00:00,1.0,22,False,False,False,False,False,0.0,0.0,0.01,0.011,,
7,3789,2024-08-20T09:10:05+00:00,1.0,22,False,False,False,False,False,0.0,0.0,0.001,0.001,,
7,3790,2024-08-20T10:05:03+00:00,1.0,22,False,False,False,False,False,0.0,0.0,0.0,0.0,,
7,3791,2024-08-20T11:00:05+00:00,1.0,22,False,False,False,False,False,0.0,0.0,0.0,0.0,,
7,3792,2024-08-20T11:55:02+00:00,1.0,22,False,False,False,False,False,0.0,0.0,0.0,0.037,,
7,3793,2024-08-20T12:50:05+00:00,1.0,22,False,False,False,False,False,0.0,0.0,0.0,0.0,,
7,3794,2024-08-20T13:45:03+00:00,1.0,22,False,False,False,False,False,0.0,0.0,0.0,0.0,,
7,3795,2024-08-20T14:40:05+00:00,1.0,22,False,False,False,False,False,0.0,0.0,0.0,0.0,,
7,3796,2024-08-20T15:35:03+00:00,1.0,22,False,False,False,False,False,0.0,0.0,0.0,0.279,,
7,3797,2024-08-20T16:30:05+00:00,1.0,22,False,False,False,False,False,0.0,0.0,0.0,0.0,,
7,3798,2024-08-20T17:25:02+00:00,1.0,22,False,False,False,False,False,0.0,0.0,0.0,0.034,,
7,3799,2024-08-20T18:20:05+00:00,1.0,22,False,False,False,False,False,0.0,0.0,0.0,0.12,,
7,3800,2024-08-20T19:15:03+00:00,1.0,22,False,True,True,True,True,0.0,0.3,1.0,1.0,,
7,3801,2024-08-20T20:10:07+00:00,1.0,22,False,False,False,False,False,0.0,0.0,0.005,0.008,,
7,3802,2024-08-20T21:05:03+00:00,1.0,12,False,False,False,False,False,0.0,0.0,0.0,0.0,,
7,3803,2024-08-20T22:00:05+00:00,1.0,1,False,False,False,False,False,0.0,0.0,0.0,0.0,,
7,3804,2024-08-21T09:55:03+00:00,20.0,0,False,False,False,False,False,0.0,0.0,0.0,0.0,,
7,3805,2024-08-21T11:45:03+00:00,1.0,9,False,False,False,False,False,0.0,0.0,0.0,0.0,,
7,3806,2024-08-21T12:40:05+00:00,1.0,20,False,False,False,False,False,0.0,0.0,0.0,0.037,,
7,3807,2024-08-21T13:35:02+00:00,1.0,22,False,False,True,True,False,0.0,0.0,0.243,0.284,,
7,3808,2024-08-21T14:30:05+00:00,1.0,22,False,False,False,False,True,0.0,0.64,0.701,0.714,,
7,3809,2024-08-21T15:25:02+00:00,1.0,22,False,True,True,True,True,0.039,0.26,0.26,0.26,,
7,3810,2024-08-21T16:20:05+00:00,1.0,22,True,True,True,True,False,0.0,0.0,0.0,0.055,,
7,3811,2024-08-21T17:15:03+00:00,1.0,20,False,False,False,False,False,0.0,0.0,0.029,0.029,,
7,3812,2024-08-21T18:10:07+00:00,1.0,9,False,False,False,False,False,0.013,0.018,0.018,0.018,,
7,3813,2024-08-24T03:30:05+00:00,20.0,0,False,False,False,False,False,0.0,0.0,0.0,0.0,,
7,3814,2024-08-25T19:50:05+00:00,20.0,0,False,False,False,False,False,0.0,0.0,0.0,0.0,,
7,3815,2024-08-26T12:20:05+00:00,1.0,4,False,False,False,False,False,0.0,0.0,0.0,0.0,,
7,3816,2024-08-26T13:15:03+00:00,1.0,15,False,False,False,False,False,0.0,0.0,0.0,0.0,,
7,3817,2024-08-26T14:10:07+00:00,1.0,22,False,False,False,False,False,0.0,0.0,0.0,0.0,,
7,3818,2024-08-26T15:05:03+00:00,1.0,22,False,False,False,False,False,0.0,0.0,0.0,0.008,,
7,3819,2024-08-26T16:00:05+00:00,1.0,22,False,False,False,False,False,0.0,0.0,0.0,0.0,,
7,3820,2024-08-26T16:55:02+00:00,1.0,22,False,False,False,False,False,0.0,0.0,0.0,0.0,,
7,3821,2024-08-26T17:50:05+00:00,1.0,22,False,False,False,False,False,0.0,0.0,0.0,0.0,,
7,3822,2024-08-26T18:45:02+00:00,1.0,22,False,False,False,False,False,0.0,0.0,0.0,0.0,,
7,3823,2024-08-26T19:40:05+00:00,1.0,22,False,False,True,True,False,0.0,0.034,0.054,0.054,,
7,3824,2024-08-26T20:35:03+00:00,1.0,22,False,False,False,False,False,0.0,0.0,0.038,0.041,,
7,3825,2024-08-26T21:30:05+00:00,1.0,22,False,False,False,False,False,0.0,0.0,0.378,0.44,,
7,3826,2024-08-26T22:25:03+00:00,1.0,18,False,False,False,False,False,0.0,0.0,0.0,0.0,,
7,3827,2024-08-26T23:20:05+00:00,1.0,7,False,False,False,False,False,0.0,0.0,0.0,0.0,,
7,3828,2024-08-27T01:10:05+00:00,20.0,0,False,False,False,False,False,0.0,0.0,0.0,0.0,,
7,3829,2024-08-27T09:10:05+00:00,1.0,1,False,False,False,False,False,0.0,0.0,0.0,0.0,,
7,3830,2024-08-27T10:05:02+00:00,1.0,12,False,False,False,False,False,0.0,0.0,0.0,0.0,,
7,3831,2024-08-27T11:00:05+00:00,1.0,22,False,False,False,False,False,0.0,0.0,0.0,0.0,,
7,3832,2024-08-27T11:55:03+00:00,1.0,22,False,False,False,False,False,0.0,0.0,0.0,0.0,,
7,3833,2024-08-27T12:50:05+00:00,1.0,22,False,False,False,False,False,0.0,0.0,0.0,0.0,,
7,3834,2024-08-27T13:45:03+00:00,1.0,22,False,False,False,False,False,0.0,0.0,0.0,0.0,,
7,3835,2024-08-27T14:40:05+00:00,1.0,22,False,False,False,False,False,0.0,0.0,0.0,0.0,,
7,3836,2024-08-27T15:35:02+00:00,1.0,14,False,False,False,False,False,0.0,0.0,0.0,0.0,,
7,3837,2024-08-27T16:30:05+00:00,1.0,3,False,False,False,False,False,0.0,0.0,0.0,0.0,,
7,3838,2024-08-28T10:50:05+00:00,1.0,9,False,False,False,False,False,0.0,0.0,0.0,0.0,,
7,3839,2024-08-28T11:45:03+00:00,1.0,20,False,False,False,True,True,0.299,0.299,0.299,0.299,,
7,3840,2024-08-28T12:40:05+00:00,1.0,22,True,True,True,True,True,1.0,1.0,1.0,1.0,,
7,3841,2024-08-28T13:35:03+00:00,1.0,22,False,False,False,False,False,0.0,0.0,0.236,0.308,,
7,3842,2024-08-28T14:30:05+00:00,1.0,22,False,False,False,False,False,0.0,0.0,0.0,0.004,,
7,3843,2024-08-28T15:25:02+00:00,1.0,22,False,False,False,False,False,0.02,0.054,0.054,0.054,,
7,3844,2024-08-28T16:20:05+00:00,1.0,22,False,True,True,True,True,0.25,0.98,0.993,0.996,,
7,3845,2024-08-28T17:15:02+00:00,1.0,11,True,True,True,True,True,1.0,1.0,1.0,1.0,,
7,3846,2024-08-28T20:00:05+00:00,1.0,11,False,False,False,False,False,0.0,0.152,0.152,0.152,,
7,3847,2024-08-28T20:55:03+00:00,1.0,22,False,False,False,False,False,0.0,0.0,0.0,0.0,,
7,3848,2024-08-28T21:50:05+00:00,1.0,20,False,False,False,False,False,0.0,0.0,0.0,0.0,,
7,3849,2024-08-28T22:45:03+00:00,1.0,9,False,False,False,False,False,0.0,0.0,0.0,0.0,,
7,3850,2024-08-28T23:40:05+00:00,20.0,0,False,False,False,False,False,0.0,0.0,0.0,0.0,,
7,3851,2024-08-29T01:30:05+00:00,1.0,11,False,False,False,False,False,0.0,0.0,0.0,0.0,,
7,3852,2024-08-29T02:25:02+00:00,1.0,22,False,False,False,False,False,0.0,0.0,0.0,0.0,,
7,3853,2024-08-29T03:20:05+00:00,1.0,22,False,False,False,False,False,0.0,0.0,0.0,0.0,,
7,3854,2024-08-29T04:15:03+00:00,1.0,14,False,False,False,False,False,0.0,0.0,0.0,0.0,,
7,3855,2024-08-29T05:10:05+00:00,1.0,3,False,False,False,False,False,0.0,0.0,0.0,0.1,,
7,3856,2024-08-29T08:50:05+00:00,1.0,3,False,False,False,False,False,0.0,0.0,0.0,0.0,,
7,3857,2024-08-29T09:45:03+00:00,1.0,14,False,True,True,True,False,0.0,0.0,0.0,0.0,,
7,3858,2024-08-29T10:40:05+00:00,1.0,22,False,False,False,True,True,0.0,0.286,0.498,0.749,,
7,3859,2024-08-29T11:35:02+00:00,1.0,22,True,True,True,True,True,1.0,1.0,1.0,1.0,,
7,3860,2024-08-29T12:30:05+00:00,1.0,22,True,True,True,True,False,0.0,0.0,0.03,0.085,,
7,3861,2024-08-29T13:25:03+00:00,1.0,22,False,False,False,False,False,0.0,0.0,0.0,0.001,,
7,3862,2024-08-29T14:20:05+00:00,1.0,22,False,False,False,False,False,0.0,0.0,0.037,0.244,,
7,3863,2024-08-29T15:15:03+00:00,1.0,15,False,False,False,False,False,0.0,0.038,0.083,0.083,,
7,3864,2024-08-29T16:10:07+00:00,1.0,4,False,False,False,False,False,0.0,0.0,0.341,0.403,,
7,3865,2024-08-30T05:55:03+00:00,20.0,0,False,False,False,False,False,0.0,0.0,0.0,0.0,,
7,3866,2024-08-30T11:05:02+00:00,1.0,14,False,False,True,True,False,0.0,0.0,0.0,0.0,,
7,3867,2024-08-30T12:00:05+00:00,1.0,22,True,True,True,True,True,0.992,1.0,1.0,1.0,,
7,3868,2024-08-30T12:55:03+00:00,1.0,22,True,True,True,True,True,1.0,1.0,1.0,1.0,,
7,3869,2024-08-30T13:50:05+00:00,1.0,22,False,False,False,False,False,0.0,0.0,0.0,0.252,,
7,3870,2024-08-30T14:45:02+00:00,1.0,22,False,True,True,True,False,0.0,0.0,0.0,0.0,,
7,3871,2024-08-30T15:40:05+00:00,1.0,11,False,False,False,False,True,0.0,0.107,0.701,0.701,,
7,3872,2024-08-30T22:05:03+00:00,20.0,0,False,False,False,False,False,0.0,0.0,0.0,0.0,,
7,3873,2024-08-31T10:00:05+00:00,1.0,2,False,False,False,False,False,0.0,0.0,0.0,0.0,,
7,3874,2024-08-31T10:55:03+00:00,1.0,13,False,False,False,False,False,0.0,0.0,0.0,0.0,,
7,3875,2024-08-31T11:50:05+00:00,1.0,22,False,False,True,True,False,0.0,0.0,0.0,0.022,,
7,3876,2024-08-31T12:45:03+00:00,1.0,19,False,False,False,False,False,0.0,0.0,0.0,0.43,,
7,3877,2024-08-31T13:40:05+00:00,1.0,8,False,False,False,False,False,0.0,0.0,0.0,0.0,,
7,3878,2024-09-02T06:00:05+00:00,20.0,0,False,False,False,False,False,0.0,0.0,0.0,0.0,,
7,3879,2024-09-03T04:55:03+00:00,20.0,0,False,False,False,False,False,0.0,0.0,0.0,0.0,,
7,3880,2024-09-03T09:10:05+00:00,1.0,20,False,False,False,False,False,0.0,0.0,0.0,0.0,,
7,3881,2024-09-03T10:05:03+00:00,1.0,22,False,False,False,False,True,1.0,1.0,1.0,1.0,,
7,3882,2024-09-03T11:00:05+00:00,1.0,22,False,False,False,False,False,0.0,0.0,0.0,0.0,,
7,3883,2024-09-03T11:55:03+00:00,1.0,22,False,False,False,False,False,0.0,0.0,0.005,0.008,,
7,3884,2024-09-03T12:50:05+00:00,1.0,22,False,False,False,False,False,0.0,0.0,0.0,0.0,,
7,3885,2024-09-03T13:45:02+00:00,1.0,22,False,False,False,False,False,0.0,0.0,0.0,0.0,,
7,3886,2024-09-03T14:40:05+00:00,1.0,22,False,False,False,False,False,0.0,0.0,0.0,0.0,,
7,3887,2024-09-03T15:35:02+00:00,1.0,22,False,False,False,False,False,0.0,0.0,0.0,0.0,,
7,3888,2024-09-03T16:30:05+00:00,1.0,22,False,False,False,False,False,0.0,0.0,0.0,0.0,,
7,3889,2024-09-03T17:25:03+00:00,1.0,22,False,False,False,False,False,0.0,0.0,0.0,0.0,,
7,3890,2024-09-03T18:20:05+00:00,1.0,22,False,False,False,False,False,0.0,0.0,0.0,0.0,,
7,3891,2024-09-03T19:15:02+00:00,1.0,17,False,False,False,False,False,0.0,0.0,0.0,0.0,,
7,3892,2024-09-03T20:10:07+00:00,1.0,6,False,False,False,False,False,0.0,0.0,0.0,0.0,,
7,3893,2024-09-04T08:00:05+00:00,20.0,0,False,False,False,False,False,0.0,0.0,0.0,0.0,,
7,3894,2024-09-04T08:55:02+00:00,1.0,7,False,False,False,False,False,0.0,0.0,0.0,0.0,,
7,3895,2024-09-04T09:50:05+00:00,1.0,18,False,False,False,False,False,0.0,0.0,0.0,0.0,,
7,3896,2024-09-04T10:45:02+00:00,1.0,22,False,False,False,False,False,0.0,0.0,0.02,0.299,,
7,3897,2024-09-04T11:40:05+00:00,1.0,22,False,False,False,False,False,0.0,0.0,0.0,0.091,,
7,3898,2024-09-04T12:35:02+00:00,1.0,22,False,False,False,False,False,0.0,0.0,0.008,0.008,,
7,3899,2024-09-04T13:30:05+00:00,1.0,22,False,False,False,False,False,0.0,0.0,0.0,0.207,,
7,3900,2024-09-04T14:25:03+00:00,1.0,22,False,False,False,False,False,0.0,0.0,0.0,0.406,,
7,3901,2024-09-04T15:20:05+00:00,1.0,22,False,False,False,False,False,0.0,0.0,0.0,0.0,,
7,3902,2024-09-04T16:15:02+00:00,1.0,22,False,False,False,False,False,0.0,0.0,0.0,0.151,,
7,3903,2024-09-04T17:10:05+00:00,1.0,15,False,False,False,False,False,0.0,0.0,0.0,0.0,,
7,3904,2024-09-04T18:05:03+00:00,1.0,4,False,False,False,False,False,0.0,0.0,0.0,0.0,,
7,3905,2024-09-05T09:40:05+00:00,1.0,7,False,False,False,False,False,0.0,0.0,0.0,0.0,,
7,3906,2024-09-05T10:35:03+00:00,1.0,18,False,False,False,False,False,0.0,0.0,0.0,0.0,,
7,3907,2024-09-05T11:30:05+00:00,1.0,22,False,False,False,False,False,0.0,0.0,0.0,0.0,,
7,3908,2024-09-05T12:25:03+00:00,1.0,22,False,False,False,False,False,0.0,0.0,0.0,0.0,,
7,3909,2024-09-05T13:20:05+00:00,1.0,22,False,False,False,False,False,0.0,0.0,0.0,0.0,,
7,3910,2024-09-05T14:15:03+00:00,1.0,22,False,False,False,False,False,0.0,0.0,0.0,0.0,,
7,3911,2024-09-05T15:10:05+00:00,1.0,19,False,False,False,False,False,0.0,0.0,0.0,0.0,,
7,3912,2024-09-05T16:05:03+00:00,1.0,8,False,False,False,False,False,0.0,0.0,0.0,0.0,,
7,3913,2024-09-05T19:45:03+00:00,1.0,5,False,False,False,False,False,0.0,0.0,0.0,0.0,,
7,3914,2024-09-05T20:40:05+00:00,1.0,16,False,False,False,False,False,0.0,0.0,0.0,0.0,,
7,3915,2024-09-05T21:35:03+00:00,1.0,22,False,False,False,False,False,0.0,0.0,0.0,0.0,,
7,3916,2024-09-05T22:30:05+00:00,1.0,22,False,False,False,False,False,0.0,0.0,0.0,0.008,,
7,3917,2024-09-05T23:25:03+00:00,1.0,22,False,False,False,False,False,0.0,0.0,0.0,0.0,,
7,3918,2024-09-06T00:20:05+00:00,1.0,22,False,False,False,False,False,0.0,0.0,0.0,0.25,,
7,3919,2024-09-06T01:15:02+00:00,1.0,22,False,False,False,False,False,0.0,0.0,0.062,0.301,,
7,3920,2024-09-06T02:10:08+00:00,1.0,22,False,False,False,False,True,0.705,0.723,0.811,0.815,,
7,3921,2024-09-06T03:05:03+00:00,1.0,22,False,False,True,True,True,0.359,0.369,0.69,0.813,,
7,3922,2024-09-06T04:00:05+00:00,1.0,22,True,True,True,True,True,1.0,1.0,1.0,1.0,,
7,3923,2024-09-06T04:55:02+00:00,1.0,22,True,True,True,True,True,1.0,1.0,1.0,1.0,,
7,3924,2024-09-06T05:50:05+00:00,1.0,22,False,False,False,False,False,0.0,0.0,0.0,0.0,,
7,3925,2024-09-06T06:45:02+00:00,1.0,22,False,False,False,False,False,0.0,0.0,0.0,0.0,,
7,3926,2024-09-06T07:40:05+00:00,1.0,22,False,False,False,False,False,0.0,0.001,0.005,0.005,,
7,3927,2024-09-06T08:35:03+00:00,1.0,22,False,False,False,False,False,0.0,0.0,0.0,0.0,,
7,3928,2024-09-06T09:30:05+00:00,1.0,17,False,False,False,False,False,0.0,0.0,0.0,0.0,,
7,3929,2024-09-06T10:25:03+00:00,1.0,6,False,False,False,False,False,0.0,0.0,0.0,0.0,,
7,3930,2024-09-08T00:55:03+00:00,20.0,0,False,False,False,False,False,0.0,0.0,0.0,0.0,,
7,3931,2024-09-08T07:20:05+00:00,20.0,0,False,False,False,False,False,0.0,0.0,0.0,0.0,,
7,3932,2024-09-08T08:15:03+00:00,20.0,0,False,False,False,False,False,0.0,0.0,0.0,0.0,,
7,3933,2024-09-08T15:35:03+00:00,20.0,0,False,False,False,False,False,0.0,0.0,0.0,0.0,,
7,3934,2024-09-08T19:15:02+00:00,20.0,0,False,False,False,False,False,0.0,0.0,0.0,0.0,,
7,3935,2024-09-09T03:30:05+00:00,1.0,11,False,False,False,False,False,0.0,0.0,0.0,0.0,,
7,3936,2024-09-09T04:25:03+00:00,1.0,22,False,False,False,False,False,0.0,0.0,0.0,0.0,,
7,3937,2024-09-09T05:20:05+00:00,1.0,22,False,False,False,False,False,0.0,0.0,0.0,0.0,,
7,3938,2024-09-09T06:15:03+00:00,1.0,22,False,False,False,False,False,0.0,0.0,0.0,0.151,,
7,3939,2024-09-09T07:10:05+00:00,1.0,22,False,False,False,False,False,0.0,0.0,0.0,0.0,,
7,3940,2024-09-09T08:05:03+00:00,1.0,22,False,False,False,False,False,0.0,0.0,0.279,0.393,,
7,3941,2024-09-09T09:00:05+00:00,1.0,22,False,False,False,False,False,0.0,0.0,0.008,0.544,,
7,3942,2024-09-09T09:55:02+00:00,1.0,22,False,False,False,True,True,0.058,0.936,0.962,0.962,,
7,3943,2024-09-09T10:50:05+00:00,1.0,22,True,False,False,True,True,1.0,1.0,1.0,1.0,,
7,3944,2024-09-09T11:45:03+00:00,1.0,22,True,True,True,True,True,1.0,1.0,1.0,1.0,,
7,3945,2024-09-09T12:40:05+00:00,1.0,22,True,True,True,True,True,1.0,1.0,1.0,1.0,,
7,3946,2024-09-09T15:20:05+00:00,1.0,22,True,True,True,True,True,0.0,0.689,0.829,0.884,,
7,3947,2024-09-09T16:15:02+00:00,1.0,22,True,True,True,True,False,0.0,0.0,0.053,0.816,,
7,3948,2024-09-09T17:10:05+00:00,1.0,22,True,True,True,True,True,1.0,1.0,1.0,1.0,,
7,3949,2024-09-09T18:05:02+00:00,1.0,22,True,True,True,True,True,0.982,1.0,1.0,1.0,,
7,3950,2024-09-09T19:00:05+00:00,1.0,22,True,True,True,True,True,1.0,1.0,1.0,1.0,,
7,3951,2024-09-09T19:55:02+00:00,1.0,22,True,True,True,True,True,1.0,1.0,1.0,1.0,,
7,3952,2024-09-09T20:50:05+00:00,1.0,22,True,True,True,True,False,0.008,0.409,0.662,0.734,,
7,3953,2024-09-09T21:45:03+00:00,1.0,22,True,True,True,True,True,1.0,1.0,1.0,1.0,,
7,3954,2024-09-09T22:40:05+00:00,1.0,22,True,True,True,True,True,1.0,1.0,1.0,1.0,,
7,3955,2024-09-09T23:35:02+00:00,1.0,22,True,True,True,True,True,1.0,1.0,1.0,1.0,,
7,3956,2024-09-10T00:30:05+00:00,1.0,22,True,True,True,True,True,1.0,1.0,1.0,1.0,,
7,3957,2024-09-10T01:25:03+00:00,1.0,22,True,True,True,True,True,1.0,1.0,1.0,1.0,,
7,3958,2024-09-10T02:20:04+00:00,1.0,22,True,False,False,True,True,1.0,1.0,1.0,1.0,,
7,3959,2024-09-10T03:15:03+00:00,1.0,22,False,True,True,True,False,0.0,0.0,0.257,0.292,,
7,3960,2024-09-10T04:10:07+00:00,1.0,22,False,False,False,False,False,0.0,0.0,0.0,0.02,,
7,3961,2024-09-10T05:05:03+00:00,1.0,15,False,False,False,False,False,0.0,0.0,0.0,0.0,,
7,3962,2024-09-10T06:00:05+00:00,1.0,9,False,False,False,False,False,0.0,0.0,0.0,0.0,,
7,3963,2024-09-10T06:55:02+00:00,1.0,16,False,False,False,False,False,0.0,0.0,0.0,0.0,,
7,3964,2024-09-10T07:50:05+00:00,1.0,22,False,False,False,False,False,0.0,0.0,0.0,0.001,,
7,3965,2024-09-10T08:45:03+00:00,1.0,22,False,False,False,False,False,0.0,0.0,0.0,0.026,,
7,3966,2024-09-10T09:40:05+00:00,1.0,22,False,False,False,False,False,0.0,0.0,0.0,0.0,,
7,3967,2024-09-10T10:35:03+00:00,1.0,22,False,False,False,False,False,0.0,0.0,0.0,0.0,,
7,3968,2024-09-10T11:30:05+00:00,1.0,22,False,False,False,False,False,0.0,0.0,0.012,0.061,,
7,3969,2024-09-10T12:25:03+00:00,1.0,22,False,False,False,False,False,0.0,0.072,0.077,0.831,,
7,3970,2024-09-10T13:20:05+00:00,1.0,22,False,False,False,True,True,0.0,0.0,0.98,1.0,,
7,3971,2024-09-10T14:15:02+00:00,1.0,22,True,True,True,True,True,1.0,1.0,1.0,1.0,,
7,3972,2024-09-10T15:10:05+00:00,1.0,22,True,True,True,True,True,1.0,1.0,1.0,1.0,,
7,3973,2024-09-10T16:05:03+00:00,1.0,22,False,False,False,False,True,0.0,0.094,0.25,0.39,,
7,3974,2024-09-10T17:00:05+00:00,1.0,16,False,False,False,False,False,0.0,0.0,0.001,0.002,,
7,3975,2024-09-10T17:55:02+00:00,1.0,5,False,False,False,False,False,0.0,0.0,0.0,0.0,,
7,3976,2024-09-12T10:15:02+00:00,1.0,10,False,False,False,False,False,0.0,0.0,0.0,0.209,,
7,3977,2024-09-12T11:10:05+00:00,1.0,21,False,False,False,False,False,0.0,0.0,0.0,0.0,,
7,3978,2024-09-12T12:05:03+00:00,1.0,22,False,False,False,False,False,0.008,0.013,0.013,0.013,,
7,3979,2024-09-12T13:00:05+00:00,1.0,22,False,False,False,False,False,0.0,0.0,0.0,0.0,,
7,3980,2024-09-12T13:55:02+00:00,1.0,22,False,False,False,True,False,0.0,0.022,0.042,0.042,,
7,3981,2024-09-12T14:50:05+00:00,1.0,22,False,False,True,True,False,0.02,0.054,0.054,0.054,,
7,3982,2024-09-12T15:45:03+00:00,1.0,22,False,False,False,False,False,0.0,0.0,0.02,0.057,,
7,3983,2024-09-12T16:40:06+00:00,1.0,22,False,False,False,False,False,0.0,0.0,0.054,0.054,,
7,3984,2024-09-12T17:35:03+00:00,1.0,22,False,False,False,False,True,0.0,0.509,0.717,0.847,,
7,3985,2024-09-12T18:30:05+00:00,1.0,22,False,False,False,False,False,0.0,0.0,0.054,0.254,,
7,3986,2024-09-12T19:25:03+00:00,1.0,22,False,False,False,False,False,0.0,0.104,0.144,0.151,,
7,3987,2024-09-12T20:20:05+00:00,1.0,22,False,False,False,False,False,0.0,0.0,0.0,0.026,,
7,3988,2024-09-12T21:15:03+00:00,1.0,22,False,False,False,False,False,0.133,0.213,0.213,0.213,,
7,3989,2024-09-12T22:10:07+00:00,1.0,22,False,False,False,False,False,0.0,0.0,0.034,0.034,,
7,3990,2024-09-12T23:05:02+00:00,1.0,22,False,False,False,False,True,0.0,0.701,0.701,0.701,,
7,3991,2024-09-13T00:00:05+00:00,1.0,22,False,False,False,False,False,0.0,0.02,0.299,0.342,,
7,3992,2024-09-13T00:55:02+00:00,1.0,22,False,False,True,True,False,0.0,0.0,0.313,0.637,,
7,3993,2024-09-13T01:50:05+00:00,1.0,22,True,True,True,True,True,1.0,1.0,1.0,1.0,,
7,3994,2024-09-13T02:45:02+00:00,1.0,22,True,True,True,True,True,1.0,1.0,1.0,1.0,,
7,3995,2024-09-13T03:40:05+00:00,1.0,22,True,True,True,True,True,0.044,0.782,0.991,0.992,,
7,3996,2024-09-13T04:35:03+00:00,1.0,22,True,True,True,True,True,1.0,1.0,1.0,1.0,,
7,3997,2024-09-13T05:30:05+00:00,1.0,22,True,True,True,True,True,0.825,0.826,0.834,0.893,,
7,3998,2024-09-13T06:25:03+00:00,1.0,22,True,True,True,True,True,1.0,1.0,1.0,1.0,,
7,3999,2024-09-13T07:20:05+00:00,1.0,22,True,True,True,True,True,1.0,1.0,1.0,1.0,,
8,4000,2024-09-13T08:15:02+00:00,1.0,22,False,False,False,False,False,0.0,0.0,0.067,0.099,,
8,4001,2024-09-13T09:10:05+00:00,1.0,22,False,False,False,False,True,0.0,0.64,0.711,0.788,,
8,4002,2024-09-13T10:05:02+00:00,1.0,22,False,False,False,False,False,0.0,0.173,0.701,0.821,,
8,4003,2024-09-13T11:00:05+00:00,1.0,22,False,False,False,False,False,0.0,0.0,0.006,0.041,,
8,4004,2024-09-13T11:55:03+00:00,1.0,22,False,False,False,False,False,0.0,0.0,0.0,0.0,,
8,4005,2024-09-13T12:50:05+00:00,1.0,22,False,False,False,False,False,0.0,0.0,0.01,0.038,,
8,4006,2024-09-13T13:45:03+00:00,1.0,22,False,False,False,False,False,0.0,0.0,0.0,0.046,,
8,4007,2024-09-13T14:40:05+00:00,1.0,22,False,False,False,False,False,0.0,0.0,0.0,0.02,,
8,4008,2024-09-13T15:35:03+00:00,1.0,22,False,False,False,False,False,0.0,0.0,0.0,0.098,,
8,4009,2024-09-13T16:30:05+00:00,1.0,22,False,False,False,False,False,0.0,0.0,0.085,0.386,,
8,4010,2024-09-13T17:25:03+00:00,1.0,22,False,False,False,True,False,0.0,0.0,0.0,0.185,,
8,4011,2024-09-13T18:20:05+00:00,1.0,22,True,True,True,True,False,0.0,0.0,0.047,0.206,,
8,4012,2024-09-13T19:15:03+00:00,1.0,22,False,True,True,True,False,0.0,0.0,0.0,0.0,,
8,4013,2024-09-13T20:10:07+00:00,1.0,22,False,False,False,False,False,0.0,0.0,0.037,0.244,,
8,4014,2024-09-13T21:05:03+00:00,1.0,22,False,False,False,False,False,0.0,0.037,0.436,0.55,,
8,4015,2024-09-13T22:00:05+00:00,1.0,22,False,False,True,True,True,0.248,0.702,0.704,0.784,,
8,4016,2024-09-13T22:55:03+00:00,1.0,22,False,False,False,True,False,0.0,0.0,0.248,0.437,,
8,4017,2024-09-13T23:50:05+00:00,1.0,22,True,True,True,True,False,0.0,0.032,0.051,0.79,,
8,4018,2024-09-14T00:45:02+00:00,1.0,22,True,True,True,True,False,0.0,0.0,0.005,0.036,,
8,4019,2024-09-14T01:40:05+00:00,1.0,22,True,True,True,True,True,1.0,1.0,1.0,1.0,,
8,4020,2024-09-14T02:35:02+00:00,1.0,22,False,False,False,True,False,0.0,0.0,0.0,0.534,,
8,4021,2024-09-14T03:30:05+00:00,1.0,22,True,True,True,True,True,0.892,0.892,0.894,0.921,,
8,4022,2024-09-14T04:25:02+00:00,1.0,22,True,True,True,True,False,0.0,0.037,0.162,0.227,,
8,4023,2024-09-14T05:20:05+00:00,1.0,22,True,True,True,True,True,1.0,1.0,1.0,1.0,,
8,4024,2024-09-14T06:15:02+00:00,1.0,22,False,False,False,True,False,0.028,0.028,0.081,0.083,,
8,4025,2024-09-14T07:10:05+00:00,1.0,22,True,True,True,True,True,1.0,1.0,1.0,1.0,,
8,4026,2024-09-14T08:05:03+00:00,1.0,22,True,True,True,True,False,0.0,0.0,0.0,0.046,,
8,4027,2024-09-14T09:00:05+00:00,1.0,22,False,False,False,False,False,0.0,0.0,0.019,0.021,,
8,4028,2024-09-14T09:55:03+00:00,1.0,17,False,False,False,False,False,0.0,0.0,0.0,0.0,,
8,4029,2024-09-14T10:50:05+00:00,1.0,6,False,False,False,False,False,0.0,0.0,0.0,0.207,,
8,4030,2024-09-14T11:45:02+00:00,1.0,8,False,False,False,False,False,0.0,0.0,0.0,0.0,,
8,4031,2024-09-14T12:40:05+00:00,1.0,19,False,False,False,False,False,0.0,0.0,0.0,0.0,,
8,4032,2024-09-14T13:35:03+00:00,1.0,18,False,False,False,False,False,0.0,0.0,0.0,0.0,,
8,4033,2024-09-14T14:30:05+00:00,1.0,16,False,False,False,False,False,0.0,0.0,0.0,0.046,,
8,4034,2024-09-14T15:25:03+00:00,1.0,20,False,False,False,False,False,0.0,0.0,0.0,0.0,,
8,4035,2024-09-14T16:20:05+00:00,1.0,22,False,False,False,False,False,0.0,0.0,0.0,0.07,,
8,4036,2024-09-14T17:15:03+00:00,1.0,22,False,False,False,False,False,0.0,0.048,0.101,0.107,,
8,4037,2024-09-14T18:10:07+00:00,1.0,22,False,True,True,True,True,1.0,1.0,1.0,1.0,,
8,4038,2024-09-14T19:05:03+00:00,1.0,22,False,False,False,True,True,0.845,0.885,0.886,0.891,,
8,4039,2024-09-14T20:00:05+00:00,1.0,22,True,True,True,True,True,1.0,1.0,1.0,1.0,,
8,4040,2024-09-14T20:55:03+00:00,1.0,22,False,False,False,False,True,0.0,0.008,0.323,0.493,,
8,4041,2024-09-14T21:50:05+00:00,1.0,22,False,False,False,False,False,0.0,0.0,0.0,0.427,,
8,4042,2024-09-14T22:45:03+00:00,1.0,20,False,False,False,False,False,0.0,0.0,0.0,0.151,,
8,4043,2024-09-14T23:40:05+00:00,1.0,20,False,False,False,False,False,0.0,0.034,0.054,0.054,,
8,4044,2024-09-15T00:35:03+00:00,1.0,22,False,True,True,True,True,0.436,0.436,0.436,0.458,,
8,4045,2024-09-15T01:30:05+00:00,1.0,11,False,False,False,False,False,0.0,0.0,0.0,0.0,,
8,4046,2024-09-15T02:25:02+00:00,1.0,3,False,False,False,False,False,0.0,0.0,0.0,0.0,,
8,4047,2024-09-15T03:20:05+00:00,1.0,14,False,False,False,False,False,0.0,0.0,0.0,0.0,,
8,4048,2024-09-15T04:15:02+00:00,1.0,22,False,False,True,True,False,0.0,0.0,0.0,0.0,,
8,4049,2024-09-15T05:10:05+00:00,1.0,22,True,False,True,True,True,1.0,1.0,1.0,1.0,,
8,4050,2024-09-15T06:05:02+00:00,1.0,22,True,True,True,True,True,0.539,0.539,0.539,0.539,,
8,4051,2024-09-15T07:00:05+00:00,1.0,22,False,False,False,False,False,0.0,0.0,0.119,0.156,,
8,4052,2024-09-15T07:55:02+00:00,1.0,18,False,False,False,False,False,0.0,0.021,0.06,0.381,,
8,4053,2024-09-15T08:50:05+00:00,1.0,7,False,False,False,False,False,0.0,0.0,0.0,0.0,,
8,4054,2024-09-15T09:45:02+00:00,1.0,9,False,False,False,False,False,0.0,0.0,0.0,0.0,,
8,4055,2024-09-15T10:40:05+00:00,1.0,15,False,False,False,False,False,0.0,0.0,0.0,0.0,,
8,4056,2024-09-15T11:35:02+00:00,1.0,12,False,False,False,False,False,0.0,0.0,0.0,0.0,,
8,4057,2024-09-15T12:30:05+00:00,1.0,9,False,False,False,False,False,0.0,0.0,0.0,0.0,,
8,4058,2024-09-15T13:25:03+00:00,1.0,14,False,False,False,False,False,0.0,0.0,0.0,0.0,,
8,4059,2024-09-15T14:20:05+00:00,1.0,22,False,False,False,False,False,0.0,0.0,0.0,0.0,,
8,4060,2024-09-15T15:15:02+00:00,1.0,13,False,False,False,False,False,0.0,0.0,0.0,0.0,,
8,4061,2024-09-15T16:10:07+00:00,1.0,2,False,False,False,False,False,0.0,0.0,0.0,0.0,,
8,4062,2024-09-16T01:20:05+00:00,20.0,0,False,False,False,False,False,0.0,0.0,0.0,0.0,,
8,4063,2024-09-16T19:40:05+00:00,1.0,6,False,False,False,False,False,0.0,0.0,0.0,0.0,,
8,4064,2024-09-16T20:35:03+00:00,1.0,17,False,False,False,False,False,0.0,0.0,0.0,0.0,,
8,4065,2024-09-16T21:30:06+00:00,1.0,22,False,False,False,False,False,0.0,0.0,0.0,0.034,,
8,4066,2024-09-16T22:25:03+00:00,1.0,22,False,False,False,False,False,0.0,0.0,0.0,0.0,,
8,4067,2024-09-16T23:20:05+00:00,1.0,22,False,False,False,False,False,0.0,0.0,0.0,0.034,,
8,4068,2024-09-17T00:15:03+00:00,1.0,22,False,False,False,False,False,0.0,0.0,0.003,0.003,,
8,4069,2024-09-17T01:10:05+00:00,1.0,22,False,False,False,False,False,0.0,0.0,0.0,0.008,,
8,4070,2024-09-17T02:05:02+00:00,1.0,22,False,False,False,False,False,0.0,0.0,0.0,0.0,,
8,4071,2024-09-17T03:00:05+00:00,1.0,22,False,False,False,False,False,0.0,0.0,0.0,0.0,,
8,4072,2024-09-17T03:55:03+00:00,1.0,22,False,False,False,False,False,0.261,0.342,0.584,0.584,,
8,4073,2024-09-17T04:50:05+00:00,1.0,22,False,False,False,False,True,0.0,0.0,0.405,0.647,,
8,4074,2024-09-17T05:45:02+00:00,1.0,22,False,False,False,False,False,0.0,0.0,0.0,0.0,,
8,4075,2024-09-17T06:40:05+00:00,1.0,22,False,False,False,False,False,0.0,0.0,0.0,0.0,,
8,4076,2024-09-17T07:35:03+00:00,1.0,22,False,False,False,False,False,0.0,0.0,0.0,0.0,,
8,4077,2024-09-17T08:30:05+00:00,1.0,16,False,False,False,False,False,0.0,0.0,0.0,0.0,,
8,4078,2024-09-17T09:25:02+00:00,1.0,5,False,False,False,False,False,0.0,0.0,0.0,0.0,,
8,4079,2024-09-17T11:15:02+00:00,1.0,6,False,False,False,False,False,0.0,0.0,0.0,0.0,,
8,4080,2024-09-17T12:10:07+00:00,1.0,17,False,False,False,False,False,0.0,0.0,0.0,0.0,,
8,4081,2024-09-17T13:05:02+00:00,1.0,22,False,False,False,False,False,0.0,0.0,0.0,0.034,,
8,4082,2024-09-17T14:00:05+00:00,1.0,22,False,False,False,False,False,0.0,0.0,0.0,0.091,,
8,4083,2024-09-17T14:55:03+00:00,1.0,22,False,False,False,False,False,0.0,0.0,0.0,0.0,,
8,4084,2024-09-17T15:50:05+00:00,1.0,22,False,False,False,False,False,0.0,0.0,0.0,0.0,,
8,4085,2024-09-17T16:45:02+00:00,1.0,22,False,False,False,False,False,0.0,0.0,0.0,0.0,,
8,4086,2024-09-17T17:40:05+00:00,1.0,22,False,False,False,False,False,0.0,0.0,0.0,0.001,,
8,4087,2024-09-17T18:35:03+00:00,1.0,22,False,False,False,False,True,0.509,0.509,0.509,0.509,,
8,4088,2024-09-17T19:30:05+00:00,1.0,22,False,False,False,True,False,0.0,0.0,0.244,0.272,,
8,4089,2024-09-17T20:25:03+00:00,1.0,22,False,False,False,True,True,0.427,0.427,0.429,0.429,,
8,4090,2024-09-17T21:20:05+00:00,1.0,22,False,False,False,True,False,0.0,0.0,0.0,0.091,,
8,4091,2024-09-17T22:15:02+00:00,1.0,22,True,True,True,True,False,0.0,0.0,0.0,0.0,,
8,4092,2024-09-17T23:10:05+00:00,1.0,22,False,False,False,False,False,0.0,0.151,0.403,0.403,,
8,4093,2024-09-18T00:05:03+00:00,1.0,22,False,False,True,True,True,0.275,0.327,0.327,0.327,,
8,4094,2024-09-18T01:00:05+00:00,1.0,22,False,True,True,True,True,0.447,0.449,0.449,0.449,,
8,4095,2024-09-18T01:55:03+00:00,1.0,22,False,True,True,True,False,0.0,0.0,0.001,0.585,,
8,4096,2024-09-18T02:50:05+00:00,1.0,22,True,True,True,True,True,0.0,0.008,0.25,0.759,,
8,4097,2024-09-18T03:45:03+00:00,1.0,22,True,True,True,True,True,1.0,1.0,1.0,1.0,,
8,4098,2024-09-18T04:40:05+00:00,1.0,22,False,False,True,True,True,1.0,1.0,1.0,1.0,,
8,4099,2024-09-18T05:35:03+00:00,1.0,22,False,False,False,False,False,0.0,0.0,0.0,0.425,,
8,4100,2024-09-18T06:30:05+00:00,1.0,22,False,False,False,False,False,0.0,0.0,0.0,0.002,,
8,4101,2024-09-18T07:25:03+00:00,1.0,22,False,False,False,False,False,0.0,0.0,0.0,0.0,,
8,4102,2024-09-18T08:20:05+00:00,1.0,12,False,False,False,False,False,0.0,0.0,0.0,0.0,,
8,4103,2024-09-18T09:15:02+00:00,1.0,1,False,False,False,False,False,0.0,0.0,0.0,0.0,,
8,4104,2024-09-18T12:00:05+00:00,1.0,6,False,False,False,False,False,0.0,0.0,0.0,0.0,,
8,4105,2024-09-18T12:55:03+00:00,1.0,17,False,False,False,False,False,0.0,0.0,0.0,0.0,,
8,4106,2024-09-18T13:50:05+00:00,1.0,22,False,False,False,False,False,0.0,0.0,0.0,0.0,,
8,4107,2024-09-18T14:45:02+00:00,1.0,22,False,False,False,False,False,0.0,0.0,0.0,0.0,,
8,4108,2024-09-18T15:40:05+00:00,1.0,22,False,False,False,False,False,0.0,0.0,0.0,0.0,,
8,4109,2024-09-18T16:35:03+00:00,1.0,22,False,False,False,False,False,0.0,0.0,0.0,0.0,,
8,4110,2024-09-18T17:30:05+00:00,1.0,22,False,False,False,False,False,0.0,0.405,0.647,0.65,,
8,4111,2024-09-18T18:25:03+00:00,1.0,22,False,False,False,False,False,0.0,0.0,0.0,0.0,,
8,4112,2024-09-18T19:20:05+00:00,1.0,19,False,False,False,False,False,0.0,0.0,0.0,0.0,,
8,4113,2024-09-18T20:15:02+00:00,1.0,10,False,False,False,False,False,0.0,0.0,0.0,0.0,,
8,4114,2024-09-18T21:10:04+00:00,1.0,13,False,False,False,False,False,0.0,0.0,0.0,0.02,,
8,4115,2024-09-18T22:05:02+00:00,1.0,22,False,False,False,False,False,0.0,0.0,0.0,0.0,,
8,4116,2024-09-18T23:00:05+00:00,1.0,22,False,False,False,False,False,0.0,0.0,0.0,0.0,,
8,4117,2024-09-18T23:55:02+00:00,1.0,22,False,False,False,False,False,0.0,0.0,0.0,0.0,,
8,4118,2024-09-19T00:50:05+00:00,1.0,22,False,False,False,False,False,0.0,0.0,0.005,0.005,,
8,4119,2024-09-19T01:45:02+00:00,1.0,22,False,False,False,False,False,0.0,0.0,0.0,0.091,,
8,4120,2024-09-19T02:40:05+00:00,1.0,22,False,False,False,False,False,0.0,0.0,0.001,0.009,,
8,4121,2024-09-19T03:35:03+00:00,1.0,22,False,False,False,False,False,0.0,0.0,0.0,0.0,,
8,4122,2024-09-19T04:30:05+00:00,1.0,22,False,False,False,False,False,0.0,0.0,0.0,0.0,,
8,4123,2024-09-19T05:25:02+00:00,1.0,22,False,False,False,False,False,0.0,0.0,0.0,0.0,,
8,4124,2024-09-19T06:20:05+00:00,1.0,22,False,False,False,False,False,0.0,0.0,0.0,0.0,,
8,4125,2024-09-19T07:15:02+00:00,1.0,22,False,False,False,False,False,0.086,0.086,0.086,0.086,,
8,4126,2024-09-19T08:10:07+00:00,1.0,22,False,False,False,False,False,0.0,0.0,0.002,0.002,,
8,4127,2024-09-19T09:05:03+00:00,1.0,22,False,False,False,False,True,0.219,0.431,0.431,0.643,,
8,4128,2024-09-19T10:00:05+00:00,1.0,22,False,False,False,True,False,0.0,0.037,0.252,0.275,,
8,4129,2024-09-19T10:55:02+00:00,1.0,22,True,True,True,True,True,1.0,1.0,1.0,1.0,,
8,4130,2024-09-19T11:50:05+00:00,1.0,22,True,True,True,True,True,1.0,1.0,1.0,1.0,,
8,4131,2024-09-19T12:45:03+00:00,1.0,22,True,True,True,True,True,1.0,1.0,1.0,1.0,,
8,4132,2024-09-19T13:40:05+00:00,1.0,22,False,False,False,False,False,0.0,0.0,0.0,0.001,,
8,4133,2024-09-19T14:35:02+00:00,1.0,22,False,False,False,False,False,0.0,0.0,0.102,0.127,,
8,4134,2024-09-19T15:30:05+00:00,1.0,22,False,False,False,False,False,0.0,0.0,0.0,0.0,,
8,4135,2024-09-19T16:25:03+00:00,1.0,22,False,False,False,False,False,0.0,0.0,0.0,0.0,,
8,4136,2024-09-19T17:20:05+00:00,1.0,22,False,False,False,False,False,0.0,0.0,0.0,0.02,,
8,4137,2024-09-19T18:15:03+00:00,1.0,22,False,False,False,False,False,0.0,0.0,0.0,0.0,,
8,4138,2024-09-19T19:10:05+00:00,1.0,22,False,False,False,False,False,0.0,0.0,0.0,0.0,,
8,4139,2024-09-19T20:05:02+00:00,1.0,22,False,False,False,False,False,0.0,0.0,0.0,0.0,,
8,4140,2024-09-19T21:00:05+00:00,1.0,22,False,False,False,False,False,0.0,0.0,0.0,0.0,,
8,4141,2024-09-20T13:25:03+00:00,1.0,22,False,False,False,False,False,0.0,0.0,0.0,0.0,,
8,4142,2024-09-20T14:20:05+00:00,1.0,22,False,True,True,True,True,0.731,0.961,0.961,0.961,,
8,4143,2024-09-20T15:15:02+00:00,1.0,22,True,True,True,True,True,1.0,1.0,1.0,1.0,,
8,4144,2024-09-20T16:10:07+00:00,1.0,22,False,False,False,False,False,0.0,0.0,0.0,0.061,,
8,4145,2024-09-20T17:05:03+00:00,1.0,12,False,False,False,False,False,0.0,0.0,0.0,0.026,,
8,4146,2024-09-20T18:00:05+00:00,1.0,1,False,False,False,False,False,0.0,0.0,0.0,0.0,,
8,4147,2024-09-21T09:35:02+00:00,20.0,0,False,False,False,False,False,0.0,0.0,0.0,0.0,,
8,4148,2024-09-22T00:15:03+00:00,20.0,0,False,False,False,False,False,0.0,0.0,0.0,0.0,,
8,4149,2024-09-22T07:35:03+00:00,20.0,0,False,False,False,False,False,0.0,0.0,0.0,0.0,,
8,4150,2024-09-22T21:20:05+00:00,20.0,0,False,False,False,False,False,0.0,0.0,0.0,0.0,,
8,4151,2024-09-23T09:15:02+00:00,20.0,0,False,False,False,False,False,0.0,0.0,0.0,0.0,,
8,4152,2024-09-23T23:55:03+00:00,1.0,8,False,False,False,False,False,0.0,0.0,0.0,0.0,,
8,4153,2024-09-24T00:50:05+00:00,1.0,19,False,False,False,True,True,0.0,0.0,0.505,0.701,,
8,4154,2024-09-24T01:45:03+00:00,1.0,22,False,False,False,False,False,0.0,0.0,0.0,0.002,,
8,4155,2024-09-24T02:40:06+00:00,1.0,22,False,False,False,False,False,0.0,0.0,0.009,0.142,,
8,4156,2024-09-24T03:35:03+00:00,1.0,22,False,False,False,False,False,0.0,0.0,0.0,0.207,,
8,4157,2024-09-24T04:30:05+00:00,1.0,22,False,True,True,True,True,0.006,0.574,0.574,0.574,,
8,4158,2024-09-24T05:25:02+00:00,1.0,22,True,True,True,True,True,1.0,1.0,1.0,1.0,,
8,4159,2024-09-24T06:20:06+00:00,1.0,22,True,True,True,True,True,1.0,1.0,1.0,1.0,,
8,4160,2024-09-24T07:15:02+00:00,1.0,22,False,True,True,True,False,0.0,0.0,0.0,0.0,,
8,4161,2024-09-24T08:10:08+00:00,1.0,22,True,True,True,True,True,0.0,0.299,0.3,0.301,,
8,4162,2024-09-24T09:05:03+00:00,1.0,22,False,False,False,False,False,0.0,0.008,0.207,0.299,,
8,4163,2024-09-24T10:00:05+00:00,1.0,22,False,False,True,True,False,0.0,0.0,0.006,0.007,,
8,4164,2024-09-24T10:55:03+00:00,1.0,22,False,False,False,False,True,0.0,0.129,0.712,0.768,,
8,4165,2024-09-24T11:50:05+00:00,1.0,22,False,False,False,False,False,0.0,0.0,0.002,0.037,,
8,4166,2024-09-24T12:45:02+00:00,1.0,22,False,False,False,False,False,0.0,0.012,0.048,0.337,,
8,4167,2024-09-24T13:40:05+00:00,1.0,22,False,False,False,False,False,0.0,0.0,0.093,0.463,,
8,4168,2024-09-24T14:35:03+00:00,1.0,22,False,False,False,False,True,0.315,0.315,0.315,0.315,,
8,4169,2024-09-24T15:30:05+00:00,1.0,22,False,False,False,False,False,0.0,0.0,0.253,0.313,,
8,4170,2024-09-24T16:25:03+00:00,1.0,22,False,False,False,False,True,0.032,0.674,0.759,0.773,,
8,4171,2024-09-24T17:20:05+00:00,1.0,22,False,False,False,True,False,0.0,0.028,0.066,0.066,,
8,4172,2024-09-24T18:15:02+00:00,1.0,22,False,False,False,True,False,0.0,0.0,0.0,0.0,,
8,4173,2024-09-24T19:10:05+00:00,1.0,22,False,False,False,False,False,0.0,0.0,0.0,0.0,,
8,4174,2024-09-24T20:05:02+00:00,1.0,22,False,False,False,False,False,0.0,0.0,0.0,0.0,,
8,4175,2024-09-24T21:00:05+00:00,1.0,22,False,False,True,True,True,0.458,0.458,0.483,0.487,,
8,4176,2024-09-24T21:55:03+00:00,1.0,22,True,False,False,True,True,1.0,1.0,1.0,1.0,,
8,4177,2024-09-24T22:50:05+00:00,1.0,22,True,True,True,True,False,0.0,0.0,0.244,0.29,,
8,4178,2024-09-24T23:45:03+00:00,1.0,22,False,False,False,False,True,0.701,0.701,0.701,0.701,,
8,4179,2024-09-25T00:40:05+00:00,1.0,22,False,False,True,True,False,0.0,0.0,0.034,0.054,,
8,4180,2024-09-25T01:35:02+00:00,1.0,22,False,False,False,True,False,0.0,0.0,0.0,0.0,,
8,4181,2024-09-25T02:30:05+00:00,1.0,22,True,False,True,True,True,1.0,1.0,1.0,1.0,,
8,4182,2024-09-25T03:25:03+00:00,1.0,22,False,False,False,True,True,0.0,0.381,0.891,0.891,,
8,4183,2024-09-25T04:20:05+00:00,1.0,22,True,True,True,True,False,0.021,0.079,0.079,0.163,,
8,4184,2024-09-25T05:15:02+00:00,1.0,22,True,True,True,True,False,0.0,0.0,0.034,0.095,,
8,4185,2024-09-25T06:10:07+00:00,1.0,22,True,True,True,True,True,0.0,0.707,0.835,0.911,,
8,4186,2024-09-25T07:05:03+00:00,1.0,18,False,False,False,False,True,0.884,0.884,0.884,0.884,,
8,4187,2024-09-25T08:00:05+00:00,1.0,7,False,False,False,False,False,0.0,0.0,0.0,0.0,,
8,4188,2024-09-25T10:45:03+00:00,1.0,3,False,False,False,False,False,0.0,0.0,0.0,0.0,,
8,4189,2024-09-25T11:40:05+00:00,1.0,5,False,False,False,False,False,0.0,0.0,0.0,0.0,,
8,4190,2024-09-25T12:35:03+00:00,1.0,13,False,False,False,False,False,0.0,0.0,0.0,0.0,,
8,4191,2024-09-25T13:30:05+00:00,1.0,11,False,False,False,False,False,0.0,0.0,0.0,0.0,,
8,4192,2024-09-26T07:30:05+00:00,1.0,2,False,False,False,False,False,0.0,0.0,0.0,0.244,,
8,4193,2024-09-26T08:25:03+00:00,1.0,2,False,False,False,False,False,0.0,0.0,0.0,0.0,,
8,4194,2024-09-26T13:00:05+00:00,20.0,0,False,False,False,False,False,0.0,0.0,0.0,0.0,,
8,4195,2024-09-28T02:35:02+00:00,20.0,0,False,False,False,False,False,0.0,0.0,0.0,0.0,,
8,4196,2024-09-28T13:35:02+00:00,1.0,6,False,False,False,False,False,0.0,0.0,0.0,0.0,,
8,4197,2024-09-28T14:30:05+00:00,1.0,17,False,False,False,False,False,0.0,0.0,0.0,0.0,,
8,4198,2024-09-28T15:25:03+00:00,1.0,22,False,False,False,False,False,0.0,0.0,0.0,0.154,,
8,4199,2024-09-28T16:20:05+00:00,1.0,22,False,False,False,False,False,0.0,0.0,0.0,0.0,,
8,4200,2024-09-28T17:15:03+00:00,1.0,22,False,False,False,False,False,0.0,0.0,0.008,0.176,,
8,4201,2024-09-28T18:10:07+00:00,1.0,22,False,False,False,True,False,0.0,0.0,0.007,0.063,,
8,4202,2024-09-28T19:05:03+00:00,1.0,22,False,True,True,True,False,0.0,0.0,0.0,0.0,,
8,4203,2024-09-28T20:00:05+00:00,1.0,22,True,True,True,True,False,0.0,0.0,0.0,0.0,,
8,4204,2024-09-28T20:55:03+00:00,1.0,22,True,True,True,True,True,1.0,1.0,1.0,1.0,,
8,4205,2024-09-28T21:50:05+00:00,1.0,22,False,False,False,True,False,0.0,0.0,0.244,0.261,,
8,4206,2024-09-28T22:45:03+00:00,1.0,22,True,True,True,True,True,1.0,1.0,1.0,1.0,,
8,4207,2024-09-28T23:40:05+00:00,1.0,22,False,False,False,False,False,0.069,0.098,0.098,0.116,,
8,4208,2024-09-29T00:35:03+00:00,1.0,22,False,False,False,False,False,0.0,0.0,0.0,0.0,,
8,4209,2024-09-29T01:30:05+00:00,1.0,22,False,False,False,False,False,0.0,0.0,0.0,0.0,,
8,4210,2024-09-29T02:25:03+00:00,1.0,22,False,False,False,False,False,0.0,0.0,0.0,0.0,,
8,4211,2024-09-29T03:20:05+00:00,1.0,22,False,False,False,False,False,0.0,0.0,0.0,0.0,,
8,4212,2024-09-29T04:15:03+00:00,1.0,22,False,False,False,False,False,0.0,0.0,0.0,0.046,,
8,4213,2024-09-29T05:10:05+00:00,1.0,22,False,False,False,False,False,0.0,0.0,0.0,0.0,,
8,4214,2024-09-29T06:05:03+00:00,1.0,22,False,False,False,False,False,0.0,0.0,0.0,0.0,,
8,4215,2024-09-29T07:00:05+00:00,1.0,17,False,False,False,False,False,0.0,0.0,0.0,0.0,,
8,4216,2024-09-29T07:55:02+00:00,1.0,6,False,False,False,False,False,0.0,0.0,0.0,0.0,,
8,4217,2024-09-29T09:45:03+00:00,1.0,5,False,False,False,False,False,0.0,0.0,0.0,0.0,,
8,4218,2024-09-29T10:40:05+00:00,1.0,10,False,False,False,False,False,0.0,0.0,0.0,0.0,,
8,4219,2024-09-29T11:35:03+00:00,1.0,5,False,False,False,False,False,0.0,0.0,0.0,0.0,,
8,4220,2024-09-30T05:55:03+00:00,20.0,0,False,False,False,False,False,0.0,0.0,0.0,0.0,,
8,4221,2024-09-30T09:25:03+00:00,20.0,0,False,False,False,False,False,0.0,0.0,0.0,0.0,,
8,4222,2024-10-01T12:00:05+00:00,20.0,0,False,False,False,False,False,0.0,0.0,0.0,0.0,,
8,4223,2024-10-01T20:15:02+00:00,20.0,0,False,False,False,False,False,0.0,0.0,0.0,0.0,,
8,4224,2024-10-02T05:25:03+00:00,20.0,0,False,False,False,False,False,0.0,0.0,0.0,0.0,,
8,4225,2024-10-02T07:15:02+00:00,20.0,0,False,False,False,False,False,0.0,0.0,0.0,0.0,,
8,4226,2024-10-02T13:15:03+00:00,20.0,0,False,False,False,False,False,0.0,0.0,0.0,0.0,,
8,4227,2024-10-02T20:35:03+00:00,1.0,6,False,False,False,True,False,0.0,0.0,0.0,0.0,,
8,4228,2024-10-02T21:30:05+00:00,1.0,17,True,True,True,True,True,1.0,1.0,1.0,1.0,,
8,4229,2024-10-02T22:25:02+00:00,1.0,22,True,True,True,True,True,1.0,1.0,1.0,1.0,,
8,4230,2024-10-02T23:20:05+00:00,1.0,22,True,True,True,True,True,1.0,1.0,1.0,1.0,,
8,4231,2024-10-03T00:15:03+00:00,1.0,22,False,False,True,True,True,0.0,0.0,0.506,0.739,,
8,4232,2024-10-03T01:10:05+00:00,1.0,22,False,True,True,True,True,0.262,0.262,0.34,0.34,,
8,4233,2024-10-03T02:05:03+00:00,1.0,22,False,False,False,True,False,0.0,0.0,0.0,0.0,,
8,4234,2024-10-03T03:00:05+00:00,1.0,22,True,True,True,True,True,1.0,1.0,1.0,1.0,,
8,4235,2024-10-03T03:55:03+00:00,1.0,22,True,True,True,True,False,0.0,0.0,0.0,0.0,,
8,4236,2024-10-03T04:50:05+00:00,1.0,22,True,True,True,True,True,0.912,0.931,0.951,0.951,,
8,4237,2024-10-03T05:45:02+00:00,1.0,22,True,True,True,True,True,1.0,1.0,1.0,1.0,,
8,4238,2024-10-03T06:40:05+00:00,1.0,22,True,True,True,True,True,1.0,1.0,1.0,1.0,,
8,4239,2024-10-03T07:35:02+00:00,1.0,22,True,True,True,True,True,1.0,1.0,1.0,1.0,,
8,4240,2024-10-03T08:30:05+00:00,1.0,22,False,False,True,True,True,0.701,0.701,0.701,0.701,,
8,4241,2024-10-03T09:25:02+00:00,1.0,22,False,True,True,True,False,0.0,0.045,0.286,0.562,,
8,4242,2024-10-03T10:20:05+00:00,1.0,22,True,True,True,True,False,0.0,0.0,0.341,0.582,,
8,4243,2024-10-03T11:15:02+00:00,1.0,22,False,False,False,True,False,0.0,0.0,0.0,0.246,,
8,4244,2024-10-03T12:10:07+00:00,1.0,22,False,False,False,False,True,0.195,0.305,0.306,0.306,,
8,4245,2024-10-03T13:05:03+00:00,1.0,22,False,False,False,False,False,0.0,0.054,0.069,0.489,,
8,4246,2024-10-03T14:00:05+00:00,1.0,22,False,False,False,True,True,0.98,0.98,0.98,0.983,,
8,4247,2024-10-03T14:55:03+00:00,1.0,22,False,False,False,True,True,0.548,0.548,0.733,0.759,,
8,4248,2024-10-03T15:50:05+00:00,1.0,22,False,True,True,True,True,1.0,1.0,1.0,1.0,,
8,4249,2024-10-03T16:45:02+00:00,1.0,22,True,True,True,True,True,1.0,1.0,1.0,1.0,,
8,4250,2024-10-03T17:40:05+00:00,1.0,22,False,False,False,False,True,0.461,0.622,0.624,0.631,,
8,4251,2024-10-03T18:35:03+00:00,1.0,22,False,False,True,True,False,0.0,0.0,0.086,0.135,,
8,4252,2024-10-03T19:30:05+00:00,1.0,22,False,False,False,True,False,0.064,0.147,0.375,0.54,,
8,4253,2024-10-03T20:25:02+00:00,1.0,22,False,False,False,True,False,0.0,0.0,0.212,0.367,,
8,4254,2024-10-03T21:20:05+00:00,1.0,22,True,True,True,True,True,0.872,0.907,0.955,0.966,,
8,4255,2024-10-03T22:15:02+00:00,1.0,22,True,True,True,True,True,1.0,1.0,1.0,1.0,,
8,4256,2024-10-03T23:10:05+00:00,1.0,22,True,True,True,True,False,0.0,0.0,0.106,0.273,,
8,4257,2024-10-04T00:05:02+00:00,1.0,22,True,True,True,True,True,1.0,1.0,1.0,1.0,,
8,4258,2024-10-04T01:00:05+00:00,1.0,22,True,True,True,True,True,1.0,1.0,1.0,1.0,,
8,4259,2024-10-04T01:55:02+00:00,1.0,22,False,True,True,True,True,0.034,0.618,0.952,0.982,,
8,4260,2024-10-04T02:50:05+00:00,1.0,22,True,True,True,True,True,1.0,1.0,1.0,1.0,,
8,4261,2024-10-04T03:45:02+00:00,1.0,22,True,True,True,True,False,0.0,0.0,0.02,0.313,,
8,4262,2024-10-04T04:40:05+00:00,1.0,22,False,False,False,True,True,1.0,1.0,1.0,1.0,,
8,4263,2024-10-04T05:35:02+00:00,1.0,22,False,True,True,True,True,0.203,0.3,0.3,0.373,,
8,4264,2024-10-04T06:30:05+00:00,1.0,22,True,True,True,True,True,1.0,1.0,1.0,1.0,,
8,4265,2024-10-04T07:25:03+00:00,1.0,22,True,True,True,True,True,1.0,1.0,1.0,1.0,,
8,4266,2024-10-04T08:20:05+00:00,1.0,22,False,False,False,True,False,0.0,0.0,0.0,0.0,,
8,4267,2024-10-04T09:15:03+00:00,1.0,22,True,True,True,True,True,1.0,1.0,1.0,1.0,,
8,4268,2024-10-04T10:10:07+00:00,1.0,22,False,False,False,False,False,0.0,0.0,0.585,0.709,,
8,4269,2024-10-04T11:05:03+00:00,1.0,22,False,False,False,False,False,0.0,0.0,0.067,0.295,,
8,4270,2024-10-04T12:00:05+00:00,1.0,22,False,False,False,False,False,0.0,0.0,0.139,0.229,,
8,4271,2024-10-04T12:55:03+00:00,1.0,22,False,False,False,False,False,0.0,0.0,0.0,0.0,,
8,4272,2024-10-04T13:50:05+00:00,1.0,22,False,False,False,False,False,0.0,0.0,0.146,0.146,,
8,4273,2024-10-04T14:45:03+00:00,1.0,22,False,False,False,False,False,0.0,0.003,0.052,0.071,,
8,4274,2024-10-04T15:40:05+00:00,1.0,13,False,False,False,False,False,0.0,0.0,0.0,0.0,,
8,4275,2024-10-04T16:35:02+00:00,1.0,5,False,False,False,False,False,0.0,0.0,0.0,0.0,,
8,4276,2024-10-04T17:30:05+00:00,1.0,5,False,False,False,False,False,0.0,0.0,0.0,0.0,,
8,4277,2024-10-04T18:25:03+00:00,1.0,2,False,False,False,False,False,0.0,0.0,0.0,0.0,,
8,4278,2024-10-04T19:20:05+00:00,1.0,5,False,False,False,False,False,0.0,0.0,0.0,0.0,,
8,4279,2024-10-04T20:15:03+00:00,1.0,16,False,False,False,False,False,0.0,0.0,0.0,0.0,,
8,4280,2024-10-04T21:10:05+00:00,1.0,22,False,False,False,False,False,0.0,0.0,0.0,0.0,,
8,4281,2024-10-04T22:05:02+00:00,1.0,22,False,False,False,False,False,0.0,0.0,0.0,0.0,,
8,4282,2024-10-04T23:00:05+00:00,1.0,22,False,False,False,False,False,0.0,0.0,0.003,0.41,,
8,4283,2024-10-04T23:55:02+00:00,1.0,22,False,False,False,False,False,0.0,0.0,0.0,0.0,,
8,4284,2024-10-05T00:50:05+00:00,1.0,22,False,False,False,False,False,0.0,0.0,0.0,0.0,,
8,4285,2024-10-05T01:45:03+00:00,1.0,12,False,False,False,False,False,0.0,0.0,0.0,0.0,,
8,4286,2024-10-05T02:40:05+00:00,1.0,1,False,False,False,False,False,0.0,0.0,0.0,0.0,,
8,4287,2024-10-05T05:25:02+00:00,1.0,2,False,False,False,False,False,0.0,0.0,0.0,0.0,,
8,4288,2024-10-05T06:20:05+00:00,1.0,13,False,False,False,False,False,0.0,0.0,0.0,0.0,,
8,4289,2024-10-05T07:15:02+00:00,1.0,22,False,False,False,True,False,0.0,0.0,0.0,0.0,,
8,4290,2024-10-05T08:10:07+00:00,1.0,22,True,True,True,True,False,0.0,0.0,0.0,0.0,,
8,4291,2024-10-05T09:05:03+00:00,1.0,22,False,True,True,True,False,0.0,0.0,0.061,0.403,,
8,4292,2024-10-05T10:00:05+00:00,1.0,22,True,True,True,True,True,1.0,1.0,1.0,1.0,,
8,4293,2024-10-05T10:55:03+00:00,1.0,22,True,True,True,True,True,1.0,1.0,1.0,1.0,,
8,4294,2024-10-05T11:50:05+00:00,1.0,22,True,True,True,True,True,0.485,0.515,0.639,0.639,,
8,4295,2024-10-05T12:45:03+00:00,1.0,22,True,False,False,False,False,0.0,0.0,0.248,0.712,,
8,4296,2024-10-05T13:40:05+00:00,1.0,22,False,False,False,False,False,0.0,0.0,0.001,0.002,,
8,4297,2024-10-05T14:35:02+00:00,1.0,22,False,False,False,False,False,0.0,0.0,0.0,0.0,,
8,4298,2024-10-05T15:30:05+00:00,1.0,22,False,False,False,False,False,0.0,0.0,0.0,0.02,,
8,4299,2024-10-05T16:25:03+00:00,1.0,22,False,False,False,False,False,0.0,0.0,0.291,0.311,,
8,4300,2024-10-05T17:20:05+00:00,1.0,22,False,False,False,True,False,0.0,0.0,0.156,0.292,,
8,4301,2024-10-05T18:15:03+00:00,1.0,22,True,True,True,True,True,1.0,1.0,1.0,1.0,,
8,4302,2024-10-05T19:10:05+00:00,1.0,22,True,False,False,False,False,0.0,0.0,0.0,0.163,,
8,4303,2024-10-05T20:05:02+00:00,1.0,22,False,False,False,False,False,0.0,0.0,0.205,0.654,,
8,4304,2024-10-05T21:00:05+00:00,1.0,22,False,False,False,True,True,0.0,0.019,0.401,0.423,,
8,4305,2024-10-05T21:55:02+00:00,1.0,22,False,True,True,True,True,0.299,0.299,0.299,0.583,,
8,4306,2024-10-05T22:50:05+00:00,1.0,22,False,False,False,False,False,0.059,0.165,0.165,0.165,,
8,4307,2024-10-05T23:45:03+00:00,1.0,14,False,False,False,False,False,0.0,0.0,0.0,0.0,,
8,4308,2024-10-06T00:40:05+00:00,1.0,13,False,False,False,False,False,0.0,0.0,0.0,0.0,,
8,4309,2024-10-06T01:35:02+00:00,1.0,21,False,False,False,False,False,0.0,0.0,0.0,0.0,,
8,4310,2024-10-06T02:30:05+00:00,1.0,22,False,False,True,True,True,0.0,0.42,0.454,0.454,,
8,4311,2024-10-06T03:25:03+00:00,1.0,22,True,True,True,True,True,1.0,1.0,1.0,1.0,,
8,4312,2024-10-06T04:20:05+00:00,1.0,22,True,True,True,True,True,1.0,1.0,1.0,1.0,,
8,4313,2024-10-06T05:15:03+00:00,1.0,22,True,True,True,True,False,0.0,0.0,0.091,0.189,,
8,4314,2024-10-06T06:10:07+00:00,1.0,22,False,False,False,False,False,0.0,0.0,0.043,0.256,,
8,4315,2024-10-06T07:05:03+00:00,1.0,22,False,True,True,True,True,0.929,1.0,1.0,1.0,,
8,4316,2024-10-06T08:00:05+00:00,1.0,22,True,True,True,True,True,1.0,1.0,1.0,1.0,,
8,4317,2024-10-06T08:55:02+00:00,1.0,22,True,True,True,True,True,1.0,1.0,1.0,1.0,,
8,4318,2024-10-06T09:50:05+00:00,1.0,22,True,True,True,True,True,1.0,1.0,1.0,1.0,,
8,4319,2024-10-06T10:45:03+00:00,1.0,22,True,True,True,True,False,0.0,0.0,0.0,0.169,,
8,4320,2024-10-06T11:40:05+00:00,1.0,22,False,False,False,False,False,0.0,0.0,0.087,0.31,,
8,4321,2024-10-06T12:35:02+00:00,1.0,22,False,False,False,False,False,0.0,0.0,0.0,0.0,,
8,4322,2024-10-06T13:30:05+00:00,1.0,22,False,False,False,False,False,0.0,0.0,0.0,0.0,,
8,4323,2024-10-06T14:25:03+00:00,1.0,22,False,False,False,True,False,0.0,0.0,0.0,0.285,,
8,4324,2024-10-06T15:20:05+00:00,1.0,22,False,True,True,True,False,0.0,0.0,0.111,0.289,,
8,4325,2024-10-06T16:15:03+00:00,1.0,15,False,False,False,False,True,0.0,0.099,0.694,0.694,,
8,4326,2024-10-06T17:10:05+00:00,1.0,4,False,False,True,True,True,1.0,1.0,1.0,1.0,,
8,4327,2024-10-06T18:05:02+00:00,20.0,0,False,False,False,False,False,0.0,0.0,0.0,0.0,,
8,4328,2024-10-07T22:30:05+00:00,20.0,0,False,False,False,False,False,0.0,0.0,0.0,0.0,,
8,4329,2024-10-07T23:25:03+00:00,20.0,0,False,False,False,False,False,0.0,0.0,0.0,0.0,,
8,4330,2024-10-08T18:40:05+00:00,1.0,3,False,False,False,False,False,0.0,0.0,0.0,0.0,,
8,4331,2024-10-08T19:35:03+00:00,1.0,14,False,False,False,False,False,0.0,0.0,0.0,0.0,,
8,4332,2024-10-08T20:30:05+00:00,1.0,22,False,False,False,False,False,0.0,0.0,0.0,0.0,,
8,4333,2024-10-08T21:25:03+00:00,1.0,22,False,False,False,False,False,0.0,0.0,0.0,0.084,,
8,4334,2024-10-08T22:20:05+00:00,1.0,22,False,False,False,True,False,0.0,0.034,0.054,0.139,,
8,4335,2024-10-08T23:15:03+00:00,1.0,22,True,True,True,True,True,0.816,0.816,0.817,0.876,,
8,4336,2024-10-09T00:10:07+00:00,1.0,22,True,True,True,True,True,0.054,0.299,0.854,0.956,,
8,4337,2024-10-09T01:05:02+00:00,1.0,22,True,True,True,True,True,1.0,1.0,1.0,1.0,,
8,4338,2024-10-09T02:00:05+00:00,1.0,22,True,True,True,True,True,1.0,1.0,1.0,1.0,,
8,4339,2024-10-09T02:55:02+00:00,1.0,22,True,True,True,True,True,1.0,1.0,1.0,1.0,,
8,4340,2024-10-09T03:50:05+00:00,1.0,22,True,True,True,True,False,0.0,0.0,0.096,0.499,,
8,4341,2024-10-09T04:45:02+00:00,1.0,22,False,False,False,False,True,0.764,0.764,0.835,0.835,,
8,4342,2024-10-09T05:40:05+00:00,1.0,22,False,False,True,True,True,0.701,0.79,0.79,0.79,,
8,4343,2024-10-09T06:35:02+00:00,1.0,22,True,True,True,True,True,1.0,1.0,1.0,1.0,,
8,4344,2024-10-09T07:30:05+00:00,1.0,22,False,False,False,False,False,0.0,0.0,0.002,0.002,,
8,4345,2024-10-09T08:25:02+00:00,1.0,22,False,False,False,False,False,0.0,0.0,0.0,0.0,,
8,4346,2024-10-09T09:20:05+00:00,1.0,22,False,False,False,False,True,0.558,0.891,0.908,0.922,,
8,4347,2024-10-09T10:15:03+00:00,1.0,22,False,False,False,False,False,0.0,0.0,0.0,0.034,,
8,4348,2024-10-09T11:10:05+00:00,1.0,22,False,False,False,False,False,0.0,0.0,0.046,0.576,,
8,4349,2024-10-09T12:05:03+00:00,1.0,19,False,False,False,False,True,0.032,0.949,0.949,0.949,,
8,4350,2024-10-09T13:00:05+00:00,1.0,19,False,False,False,False,False,0.0,0.0,0.0,0.0,,
8,4351,2024-10-09T13:55:02+00:00,1.0,21,False,False,False,False,True,0.036,0.4,0.4,0.4,,
8,4352,2024-10-09T14:50:05+00:00,1.0,19,False,False,False,False,False,0.0,0.0,0.0,0.0,,
8,4353,2024-10-09T15:45:03+00:00,1.0,10,False,False,False,False,False,0.0,0.0,0.0,0.0,,
8,4354,2024-10-09T16:40:06+00:00,1.0,1,False,False,False,False,False,0.0,0.0,0.0,0.0,,
8,4355,2024-10-09T17:35:02+00:00,1.0,5,False,False,False,True,False,0.0,0.0,0.0,0.0,,
8,4356,2024-10-09T18:30:05+00:00,1.0,16,True,False,True,True,True,1.0,1.0,1.0,1.0,,
8,4357,2024-10-09T19:25:03+00:00,1.0,22,True,True,True,True,True,1.0,1.0,1.0,1.0,,
8,4358,2024-10-09T20:20:05+00:00,1.0,22,False,True,True,True,True,0.267,0.444,0.444,0.635,,
8,4359,2024-10-09T21:15:02+00:00,1.0,14,False,False,False,False,False,0.0,0.0,0.0,0.0,,
8,4360,2024-10-09T22:10:07+00:00,1.0,7,False,False,False,False,True,0.0,0.261,0.299,0.299,,
8,4361,2024-10-09T23:05:03+00:00,1.0,5,False,False,False,False,True,0.457,0.457,0.457,0.457,,
8,4362,2024-10-10T00:00:04+00:00,1.0,1,False,False,False,False,False,0.003,0.182,0.19,0.19,,
8,4363,2024-10-10T00:55:02+00:00,1.0,11,False,False,False,False,True,0.13,0.13,0.39,0.39,,
8,4364,2024-10-10T01:50:05+00:00,1.0,22,False,False,False,False,False,0.0,0.0,0.0,0.0,,
8,4365,2024-10-10T02:45:02+00:00,1.0,22,False,False,False,False,False,0.0,0.0,0.0,0.0,,
8,4366,2024-10-10T03:40:05+00:00,1.0,22,False,False,False,False,True,0.144,1.0,1.0,1.0,,
8,4367,2024-10-10T04:35:03+00:00,1.0,12,False,False,False,False,False,0.0,0.0,0.0,0.0,,
8,4368,2024-10-10T05:30:05+00:00,1.0,1,False,False,False,False,False,0.0,0.0,0.0,0.0,,
8,4369,2024-10-10T10:05:02+00:00,20.0,0,False,False,False,False,False,0.0,0.0,0.0,0.0,,
8,4370,2024-10-10T18:20:05+00:00,1.0,2,False,False,False,False,False,0.0,0.0,0.0,0.0,,
8,4371,2024-10-10T19:15:03+00:00,1.0,12,False,False,False,False,False,0.0,0.0,0.0,0.0,,
8,4372,2024-10-10T20:10:07+00:00,1.0,21,False,False,False,False,False,0.0,0.0,0.034,0.09,,
8,4373,2024-10-10T21:05:03+00:00,1.0,22,False,False,False,False,True,0.701,0.701,0.701,0.701,,
8,4374,2024-10-10T22:00:05+00:00,1.0,22,False,False,False,False,False,0.0,0.0,0.001,0.055,,
8,4375,2024-10-10T22:55:03+00:00,1.0,22,False,False,False,False,True,0.35,1.0,1.0,1.0,,
8,4376,2024-10-10T23:50:05+00:00,1.0,22,False,False,False,False,True,0.0,0.0,0.644,0.704,,
8,4377,2024-10-11T00:45:03+00:00,1.0,22,False,False,False,False,False,0.0,0.0,0.004,0.004,,
8,4378,2024-10-11T01:40:05+00:00,1.0,22,False,False,False,False,False,0.0,0.105,0.132,0.172,,
8,4379,2024-10-11T02:35:02+00:00,1.0,22,False,False,False,False,False,0.0,0.0,0.0,0.0,,
8,4380,2024-10-11T03:30:05+00:00,1.0,22,False,False,False,False,False,0.0,0.0,0.0,0.244,,
8,4381,2024-10-11T04:25:03+00:00,1.0,22,False,False,False,False,False,0.046,0.054,0.054,0.054,,
8,4382,2024-10-11T05:20:05+00:00,1.0,22,False,False,True,True,False,0.0,0.0,0.0,0.0,,
8,4383,2024-10-11T06:15:03+00:00,1.0,22,False,False,False,False,False,0.0,0.0,0.0,0.034,,
8,4384,2024-10-11T07:10:05+00:00,1.0,22,False,False,False,False,False,0.0,0.0,0.0,0.0,,
8,4385,2024-10-11T08:05:02+00:00,1.0,22,False,False,False,False,False,0.0,0.0,0.0,0.0,,
8,4386,2024-10-11T09:00:05+00:00,1.0,22,False,False,False,False,False,0.0,0.153,0.244,0.25,,
8,4387,2024-10-11T09:55:03+00:00,1.0,22,False,False,False,False,False,0.0,0.0,0.055,0.055,,
8,4388,2024-10-11T10:50:05+00:00,1.0,16,False,False,False,False,False,0.0,0.0,0.0,0.0,,
8,4389,2024-10-11T11:45:03+00:00,1.0,5,False,False,False,False,False,0.0,0.0,0.0,0.0,,
8,4390,2024-10-11T14:30:05+00:00,1.0,8,False,False,False,False,False,0.0,0.0,0.0,0.0,,
8,4391,2024-10-11T15:25:02+00:00,1.0,8,False,False,False,False,False,0.0,0.0,0.0,0.0,,
8,4392,2024-10-11T17:15:02+00:00,1.0,3,False,False,False,False,False,0.0,0.0,0.0,0.0,,
8,4393,2024-10-11T18:10:07+00:00,1.0,3,False,False,False,False,False,0.0,0.0,0.0,0.0,,
8,4394,2024-10-13T01:20:05+00:00,20.0,0,False,False,False,False,False,0.0,0.0,0.0,0.0,,
8,4395,2024-10-15T11:05:03+00:00,20.0,0,False,False,False,False,False,0.0,0.0,0.0,0.0,,
8,4396,2024-10-15T18:25:02+00:00,20.0,0,False,False,False,False,False,0.0,0.0,0.0,0.0,,
8,4397,2024-10-16T01:45:03+00:00,20.0,0,False,False,False,False,False,0.0,0.0,0.0,0.0,,
8,4398,2024-10-16T08:10:07+00:00,20.0,0,False,False,False,False,False,0.0,0.0,0.0,0.0,,
8,4399,2024-10-16T17:20:05+00:00,1.0,2,False,False,False,False,False,0.0,0.0,0.0,0.0,,
8,4400,2024-10-16T18:15:03+00:00,1.0,13,False,False,False,False,False,0.0,0.0,0.0,0.0,,
8,4401,2024-10-16T19:10:05+00:00,1.0,22,False,False,False,False,False,0.0,0.0,0.014,0.034,,
8,4402,2024-10-16T20:05:02+00:00,1.0,22,False,False,False,False,False,0.0,0.0,0.0,0.0,,
8,4403,2024-10-16T21:00:05+00:00,1.0,22,False,False,False,False,False,0.0,0.0,0.0,0.008,,
8,4404,2024-10-16T21:55:02+00:00,1.0,22,False,False,False,False,False,0.0,0.0,0.034,0.071,,
8,4405,2024-10-16T22:50:06+00:00,1.0,22,False,False,False,False,False,0.0,0.0,0.0,0.0,,
8,4406,2024-10-16T23:45:03+00:00,1.0,22,False,False,False,False,False,0.0,0.0,0.0,0.045,,
8,4407,2024-10-17T00:40:04+00:00,1.0,22,False,False,False,False,False,0.0,0.0,0.153,0.244,,
8,4408,2024-10-17T01:35:02+00:00,1.0,22,False,False,False,False,False,0.0,0.0,0.0,0.0,,
8,4409,2024-10-17T02:30:05+00:00,1.0,22,False,False,False,False,False,0.0,0.0,0.0,0.0,,
8,4410,2024-10-17T03:25:03+00:00,1.0,22,False,False,False,False,False,0.0,0.0,0.0,0.0,,
8,4411,2024-10-17T04:20:05+00:00,1.0,22,False,False,False,False,False,0.0,0.005,0.022,0.066,,
8,4412,2024-10-17T05:15:02+00:00,1.0,22,False,False,False,False,False,0.0,0.042,0.197,0.324,,
8,4413,2024-10-17T06:10:08+00:00,1.0,22,False,False,False,False,False,0.0,0.0,0.0,0.009,,
8,4414,2024-10-17T07:05:02+00:00,1.0,22,False,False,False,False,False,0.0,0.02,0.054,0.054,,
8,4415,2024-10-17T08:00:05+00:00,1.0,22,False,False,False,False,False,0.0,0.462,0.649,0.759,,
8,4416,2024-10-17T08:55:03+00:00,1.0,22,False,False,False,True,True,0.0,0.0,0.683,0.7,,
8,4417,2024-10-17T09:50:05+00:00,1.0,22,False,True,True,True,False,0.27,0.789,0.902,0.941,,
8,4418,2024-10-17T10:45:03+00:00,1.0,22,True,True,True,True,True,1.0,1.0,1.0,1.0,,
8,4419,2024-10-17T11:40:05+00:00,1.0,22,False,False,False,True,False,0.0,0.0,0.0,0.659,,
8,4420,2024-10-17T12:35:03+00:00,1.0,22,False,True,True,True,True,0.0,1.0,1.0,1.0,,
8,4421,2024-10-17T13:30:05+00:00,1.0,22,True,True,True,True,True,0.237,0.237,0.332,0.332,,
8,4422,2024-10-17T14:25:03+00:00,1.0,22,False,False,False,False,False,0.0,0.0,0.0,0.01,,
8,4423,2024-10-17T15:20:05+00:00,1.0,22,False,False,True,True,True,0.0,0.136,0.483,0.777,,
8,4424,2024-10-17T16:15:02+00:00,1.0,22,True,True,True,True,True,1.0,1.0,1.0,1.0,,
8,4425,2024-10-17T17:10:05+00:00,1.0,22,False,False,False,False,False,0.0,0.0,0.0,0.091,,
8,4426,2024-10-17T18:05:02+00:00,1.0,22,False,False,False,False,False,0.0,0.0,0.0,0.0,,
8,4427,2024-10-17T19:00:05+00:00,1.0,22,False,False,False,False,False,0.0,0.0,0.0,0.0,,
8,4428,2024-10-17T19:55:03+00:00,1.0,22,False,False,False,False,False,0.0,0.0,0.0,0.0,,
8,4429,2024-10-17T20:50:05+00:00,1.0,22,False,False,False,False,True,0.0,0.0,0.405,0.648,,
8,4430,2024-10-17T21:45:02+00:00,1.0,22,False,False,True,True,False,0.0,0.0,0.065,0.092,,
8,4431,2024-10-17T22:40:05+00:00,1.0,22,True,True,True,True,True,1.0,1.0,1.0,1.0,,
8,4432,2024-10-17T23:35:03+00:00,1.0,22,True,True,True,True,True,1.0,1.0,1.0,1.0,,
8,4433,2024-10-18T00:30:05+00:00,1.0,22,True,True,True,True,False,0.0,0.0,0.025,0.12,,
8,4434,2024-10-18T01:25:03+00:00,1.0,22,False,False,False,True,True,0.0,0.992,1.0,1.0,,
8,4435,2024-10-18T02:20:05+00:00,1.0,22,True,True,True,True,True,1.0,1.0,1.0,1.0,,
8,4436,2024-10-18T03:15:02+00:00,1.0,22,True,True,True,True,False,0.0,0.135,0.164,0.396,,
8,4437,2024-10-18T04:10:07+00:00,1.0,22,False,False,False,True,False,0.0,0.655,0.953,0.953,,
8,4438,2024-10-18T05:05:03+00:00,1.0,22,True,True,True,True,True,1.0,1.0,1.0,1.0,,
8,4439,2024-10-18T06:00:05+00:00,1.0,22,True,True,True,True,True,1.0,1.0,1.0,1.0,,
8,4440,2024-10-18T06:55:02+00:00,1.0,22,True,True,True,True,True,1.0,1.0,1.0,1.0,,
8,4441,2024-10-18T07:50:05+00:00,1.0,22,True,True,True,True,True,1.0,1.0,1.0,1.0,,
8,4442,2024-10-18T08:45:02+00:00,1.0,22,False,False,False,True,True,0.522,0.525,0.535,0.575,,
8,4443,2024-10-18T09:40:05+00:00,1.0,22,True,True,True,True,True,0.946,0.952,0.985,0.988,,
8,4444,2024-10-18T10:35:02+00:00,1.0,22,False,False,False,False,True,0.508,0.615,0.615,0.959,,
8,4445,2024-10-18T11:30:05+00:00,1.0,22,False,True,True,True,True,0.505,0.75,0.886,0.955,,
8,4446,2024-10-18T12:25:02+00:00,1.0,22,True,True,True,True,True,1.0,1.0,1.0,1.0,,
8,4447,2024-10-18T13:20:05+00:00,1.0,22,False,False,False,False,False,0.0,0.0,0.0,0.0,,
8,4448,2024-10-18T14:15:02+00:00,1.0,22,False,False,False,False,False,0.0,0.0,0.0,0.012,,
8,4449,2024-10-18T15:10:05+00:00,1.0,22,False,False,False,False,False,0.0,0.0,0.0,0.0,,
8,4450,2024-10-18T16:05:03+00:00,1.0,22,False,False,False,False,False,0.0,0.0,0.0,0.0,,
8,4451,2024-10-18T17:00:05+00:00,1.0,22,False,False,False,False,False,0.0,0.0,0.0,0.0,,
8,4452,2024-10-18T17:55:02+00:00,1.0,22,False,False,False,False,False,0.0,0.0,0.0,0.0,,
8,4453,2024-10-18T18:50:05+00:00,1.0,22,False,False,False,False,False,0.0,0.0,0.0,0.0,,
8,4454,2024-10-18T19:45:03+00:00,1.0,22,False,False,False,False,False,0.0,0.0,0.0,0.0,,
8,4455,2024-10-18T20:40:05+00:00,1.0,22,False,False,False,False,False,0.0,0.0,0.0,0.0,,
8,4456,2024-10-18T21:35:03+00:00,1.0,22,False,False,False,False,False,0.0,0.0,0.0,0.0,,
8,4457,2024-10-18T22:30:05+00:00,1.0,22,False,False,False,False,False,0.0,0.0,0.0,0.0,,
8,4458,2024-10-18T23:25:03+00:00,1.0,22,False,False,False,False,False,0.0,0.0,0.0,0.0,,
8,4459,2024-10-19T00:20:05+00:00,1.0,22,False,False,False,False,False,0.0,0.0,0.0,0.0,,
8,4460,2024-10-19T01:15:03+00:00,1.0,22,False,False,False,False,False,0.0,0.0,0.0,0.0,,
8,4461,2024-10-19T02:10:07+00:00,1.0,22,False,False,False,False,False,0.0,0.0,0.0,0.0,,
8,4462,2024-10-19T03:05:03+00:00,1.0,22,False,False,False,False,False,0.0,0.0,0.0,0.0,,
8,4463,2024-10-19T04:00:05+00:00,1.0,15,False,False,False,False,False,0.0,0.0,0.0,0.0,,
8,4464,2024-10-19T04:55:02+00:00,1.0,4,False,False,False,False,False,0.0,0.0,0.0,0.062,,
8,4465,2024-10-19T12:15:03+00:00,1.0,9,False,False,False,False,False,0.0,0.0,0.0,0.0,,
8,4466,2024-10-19T13:10:05+00:00,1.0,20,False,False,False,False,False,0.0,0.0,0.0,0.0,,
8,4467,2024-10-19T14:05:03+00:00,1.0,22,False,False,False,False,False,0.0,0.0,0.0,0.341,,
8,4468,2024-10-19T15:00:05+00:00,1.0,22,False,False,False,False,False,0.0,0.0,0.0,0.0,,
8,4469,2024-10-19T15:55:03+00:00,1.0,20,False,False,False,False,False,0.0,0.0,0.0,0.0,,
8,4470,2024-10-19T16:50:05+00:00,1.0,9,False,False,False,False,False,0.0,0.0,0.0,0.0,,
8,4471,2024-10-19T17:45:02+00:00,1.0,6,False,False,False,False,False,0.0,0.0,0.0,0.0,,
8,4472,2024-10-19T18:40:05+00:00,1.0,6,False,False,False,False,False,0.0,0.0,0.0,0.0,,
8,4473,2024-10-21T22:00:05+00:00,20.0,0,False,False,False,False,False,0.0,0.0,0.0,0.0,,
8,4474,2024-10-22T17:15:02+00:00,20.0,0,False,False,False,False,False,0.0,0.0,0.0,0.0,,
8,4475,2024-10-24T07:45:03+00:00,20.0,0,False,False,False,False,False,0.0,0.0,0.0,0.0,,
8,4476,2024-10-24T09:35:03+00:00,1.0,4,False,False,False,False,False,0.0,0.0,0.0,0.0,,
8,4477,2024-10-24T10:30:05+00:00,1.0,15,False,False,False,False,False,0.0,0.0,0.0,0.0,,
8,4478,2024-10-24T11:25:03+00:00,1.0,22,False,False,False,False,False,0.0,0.0,0.0,0.0,,
8,4479,2024-10-24T12:20:05+00:00,1.0,22,False,False,False,False,False,0.0,0.0,0.0,0.0,,
8,4480,2024-10-24T13:15:03+00:00,1.0,22,False,False,False,False,False,0.0,0.0,0.0,0.0,,
8,4481,2024-10-24T14:10:07+00:00,1.0,22,False,False,False,False,False,0.0,0.0,0.0,0.0,,
8,4482,2024-10-24T15:05:03+00:00,1.0,22,False,False,False,False,False,0.0,0.0,0.0,0.0,,
8,4483,2024-10-24T16:00:05+00:00,1.0,22,False,False,False,False,False,0.0,0.0,0.0,0.0,,
8,4484,2024-10-24T16:55:02+00:00,1.0,22,False,False,False,False,False,0.0,0.0,0.0,0.0,,
8,4485,2024-10-24T17:50:05+00:00,1.0,22,False,False,False,False,False,0.0,0.0,0.155,0.246,,
8,4486,2024-10-24T18:45:02+00:00,1.0,12,False,False,False,False,False,0.0,0.0,0.0,0.0,,
8,4487,2024-10-24T19:40:05+00:00,1.0,1,False,False,False,False,False,0.0,0.0,0.0,0.0,,
8,4488,2024-10-24T23:20:05+00:00,20.0,0,False,False,False,False,False,0.0,0.0,0.0,0.0,,
8,4489,2024-10-25T16:45:03+00:00,20.0,0,False,False,False,False,False,0.0,0.0,0.0,0.0,,
8,4490,2024-10-25T23:10:05+00:00,20.0,0,False,False,False,False,False,0.0,0.0,0.0,0.0,,
8,4491,2024-10-27T05:25:02+00:00,20.0,0,False,False,False,False,False,0.0,0.0,0.0,0.0,,
8,4492,2024-10-27T13:40:05+00:00,20.0,0,False,False,False,False,False,0.0,0.0,0.0,0.0,,
8,4493,2024-10-30T21:15:02+00:00,20.0,0,False,False,False,False,False,0.0,0.0,0.0,0.0,,
8,4494,2024-10-31T00:55:03+00:00,20.0,0,False,False,False,False,False,0.0,0.0,0.0,0.0,,
8,4495,2024-10-31T04:35:02+00:00,20.0,0,False,False,False,False,False,0.0,0.0,0.0,0.0,,
8,4496,2024-11-01T01:40:05+00:00,20.0,0,False,False,False,False,False,0.0,0.0,0.0,0.0,,
8,4497,2024-11-01T04:25:03+00:00,20.0,0,False,False,False,False,False,0.0,0.0,0.0,0.0,,
8,4498,2024-11-01T22:45:02+00:00,20.0,0,False,False,False,False,False,0.0,0.0,0.0,0.0,,
8,4499,2024-11-02T19:50:05+00:00,20.0,0,False,False,False,False,False,0.0,0.0,0.0,0.0,,
9,4500,2024-11-03T20:35:02+00:00,20.0,0,False,False,False,False,False,0.0,0.0,0.0,0.0,,
9,4501,2024-11-04T04:50:05+00:00,20.0,0,False,False,False,False,False,0.0,0.0,0.0,0.0,,
9,4502,2024-11-04T11:15:03+00:00,20.0,0,False,False,False,False,False,0.0,0.0,0.0,0.0,,
9,4503,2024-11-04T12:10:07+00:00,20.0,0,False,False,False,False,False,0.0,0.0,0.0,0.0,,
9,4504,2024-11-04T19:30:05+00:00,20.0,0,False,False,False,False,False,0.0,0.0,0.0,0.0,,
9,4505,2024-11-06T16:25:02+00:00,20.0,0,False,False,False,False,False,0.0,0.0,0.0,0.0,,
9,4506,2024-11-10T03:25:03+00:00,20.0,0,False,False,False,False,False,0.0,0.0,0.0,0.0,,
9,4507,2024-11-10T07:05:02+00:00,20.0,0,False,False,False,False,False,0.0,0.0,0.0,0.0,,
9,4508,2024-11-10T09:50:05+00:00,20.0,0,False,False,False,False,False,0.0,0.0,0.0,0.0,,
9,4509,2024-11-11T02:20:05+00:00,20.0,0,False,False,False,False,False,0.0,0.0,0.0,0.0,,
9,4510,2024-11-12T05:50:05+00:00,20.0,0,False,False,False,False,False,0.0,0.0,0.0,0.0,,
9,4511,2024-11-12T16:50:05+00:00,20.0,0,False,False,False,False,False,0.0,0.0,0.0,0.0,,
9,4512,2024-11-12T20:30:05+00:00,20.0,0,False,False,False,False,False,0.0,0.0,0.0,0.0,,
9,4513,2024-11-13T00:10:07+00:00,20.0,0,False,False,False,False,False,0.0,0.0,0.0,0.0,,
9,4514,2024-11-13T02:55:03+00:00,20.0,0,False,False,False,False,False,0.0,0.0,0.0,0.0,,
9,4515,2024-11-13T14:50:05+00:00,1.0,11,False,False,False,False,False,0.0,0.0,0.0,0.0,,
9,4516,2024-11-13T15:45:02+00:00,1.0,22,False,False,False,False,False,0.0,0.0,0.0,0.0,,
9,4517,2024-11-13T16:40:05+00:00,1.0,22,False,False,False,False,False,0.0,0.0,0.0,0.0,,
9,4518,2024-11-13T17:35:03+00:00,1.0,22,False,False,False,False,False,0.0,0.517,0.925,0.93,,
9,4519,2024-11-13T18:30:05+00:00,1.0,22,False,False,False,True,False,0.0,0.054,0.054,0.054,,
9,4520,2024-11-13T19:25:03+00:00,1.0,22,True,True,True,True,True,0.717,0.717,0.717,0.717,,
9,4521,2024-11-13T20:20:05+00:00,1.0,22,True,True,True,True,False,0.0,0.0,0.099,0.137,,
9,4522,2024-11-13T21:15:03+00:00,1.0,22,False,False,True,True,False,0.0,0.0,0.269,0.285,,
9,4523,2024-11-13T22:10:07+00:00,1.0,22,True,True,True,True,True,1.0,1.0,1.0,1.0,,
9,4524,2024-11-13T23:05:03+00:00,1.0,22,True,True,True,True,True,1.0,1.0,1.0,1.0,,
9,4525,2024-11-14T00:00:04+00:00,1.0,22,True,True,True,True,False,0.0,0.058,0.31,0.334,,
9,4526,2024-11-14T00:55:03+00:00,1.0,22,False,False,False,True,True,0.0,0.0,0.647,0.898,,
9,4527,2024-11-14T01:50:05+00:00,1.0,22,True,True,True,True,False,0.0,0.137,0.19,0.585,,
9,4528,2024-11-14T02:45:03+00:00,1.0,22,False,False,True,True,False,0.0,0.001,0.005,0.051,,
9,4529,2024-11-14T03:40:05+00:00,1.0,22,True,True,True,True,True,1.0,1.0,1.0,1.0,,
9,4530,2024-11-14T04:35:03+00:00,1.0,22,False,False,False,False,False,0.0,0.0,0.0,0.001,,
9,4531,2024-11-14T05:30:05+00:00,1.0,22,False,False,False,False,False,0.0,0.0,0.0,0.0,,
9,4532,2024-11-14T06:25:02+00:00,1.0,22,False,False,False,False,False,0.0,0.0,0.01,0.011,,
9,4533,2024-11-14T07:20:05+00:00,1.0,22,False,False,False,False,False,0.0,0.0,0.648,0.648,,
9,4534,2024-11-14T08:15:02+00:00,1.0,11,False,False,False,False,False,0.0,0.0,0.0,0.341,,
9,4535,2024-11-14T17:25:02+00:00,1.0,5,False,False,False,False,False,0.0,0.0,0.0,0.0,,
9,4536,2024-11-14T18:20:05+00:00,1.0,16,False,False,False,False,False,0.0,0.0,0.0,0.0,,
9,4537,2024-11-14T19:15:03+00:00,1.0,22,False,False,False,False,False,0.0,0.0,0.0,0.0,,
9,4538,2024-11-14T20:10:07+00:00,1.0,22,False,False,False,False,False,0.0,0.0,0.0,0.0,,
9,4539,2024-11-14T21:05:03+00:00,1.0,22,False,False,False,False,False,0.0,0.0,0.0,0.0,,
9,4540,2024-11-14T22:00:05+00:00,1.0,22,False,False,False,False,False,0.0,0.0,0.219,0.363,,
9,4541,2024-11-14T22:55:03+00:00,1.0,22,False,False,False,False,False,0.0,0.0,0.0,0.0,,
9,4542,2024-11-14T23:50:05+00:00,1.0,22,False,False,False,False,False,0.0,0.0,0.0,0.002,,
9,4543,2024-11-15T00:45:02+00:00,1.0,22,False,False,False,True,True,0.908,0.946,0.947,0.947,,
9,4544,2024-11-15T01:40:05+00:00,1.0,22,True,True,True,True,True,1.0,1.0,1.0,1.0,,
9,4545,2024-11-15T02:35:03+00:00,1.0,22,True,True,True,True,True,1.0,1.0,1.0,1.0,,
9,4546,2024-11-15T03:30:05+00:00,1.0,22,True,True,True,True,True,1.0,1.0,1.0,1.0,,
9,4547,2024-11-15T04:25:03+00:00,1.0,22,False,False,False,False,False,0.0,0.0,0.0,0.034,,
9,4548,2024-11-15T05:20:05+00:00,1.0,22,False,False,False,False,False,0.0,0.0,0.0,0.055,,
9,4549,2024-11-15T06:15:02+00:00,1.0,22,False,False,False,False,False,0.0,0.001,0.013,0.114,,
9,4550,2024-11-15T07:10:05+00:00,1.0,22,False,False,False,False,False,0.008,0.013,0.013,0.022,,
9,4551,2024-11-15T08:05:03+00:00,1.0,22,False,False,False,False,False,0.0,0.0,0.0,0.008,,
9,4552,2024-11-15T09:00:05+00:00,1.0,22,False,False,False,False,False,0.0,0.087,0.097,0.097,,
9,4553,2024-11-15T09:55:02+00:00,1.0,22,False,False,False,False,True,0.0,0.3,0.946,0.946,,
9,4554,2024-11-15T10:50:05+00:00,1.0,22,False,False,False,False,True,0.0,0.752,0.86,0.86,,
9,4555,2024-11-15T11:45:02+00:00,1.0,22,False,False,False,False,False,0.0,0.0,0.0,0.191,,
9,4556,2024-11-15T12:40:05+00:00,1.0,22,False,False,False,False,False,0.0,0.0,0.0,0.0,,
9,4557,2024-11-15T13:35:03+00:00,1.0,22,False,False,False,False,False,0.0,0.0,0.0,0.153,,
9,4558,2024-11-15T14:30:05+00:00,1.0,21,False,False,False,False,False,0.0,0.0,0.0,0.0,,
9,4559,2024-11-15T15:25:03+00:00,1.0,10,False,False,False,False,False,0.0,0.0,0.0,0.0,,
9,4560,2024-11-16T05:10:05+00:00,20.0,0,False,False,False,False,False,0.0,0.0,0.0,0.0,,
9,4561,2024-11-17T11:25:02+00:00,20.0,0,False,False,False,False,False,0.0,0.0,0.0,0.0,,
9,4562,2024-11-17T23:20:05+00:00,1.0,5,False,False,False,False,False,0.0,0.0,0.0,0.0,,
9,4563,2024-11-18T00:15:03+00:00,1.0,16,False,False,False,False,False,0.0,0.0,0.0,0.0,,
9,4564,2024-11-18T01:10:05+00:00,1.0,22,False,False,False,False,False,0.0,0.0,0.0,0.0,,
9,4565,2024-11-18T02:05:02+00:00,1.0,22,False,False,False,False,False,0.0,0.0,0.0,0.0,,
9,4566,2024-11-18T03:00:05+00:00,1.0,22,False,False,False,False,False,0.0,0.0,0.0,0.0,,
9,4567,2024-11-18T03:55:03+00:00,1.0,22,False,False,False,False,False,0.0,0.0,0.0,0.0,,
9,4568,2024-11-18T04:50:05+00:00,1.0,22,False,False,False,False,False,0.0,0.0,0.0,0.0,,
9,4569,2024-11-18T05:45:03+00:00,1.0,22,False,False,False,False,False,0.0,0.0,0.004,0.004,,
9,4570,2024-11-18T06:40:05+00:00,1.0,22,False,False,False,False,False,0.0,0.0,0.0,0.0,,
9,4571,2024-11-18T07:35:03+00:00,1.0,22,False,False,False,False,False,0.0,0.0,0.0,0.0,,
9,4572,2024-11-18T08:30:05+00:00,1.0,22,False,False,False,False,True,0.788,0.825,0.825,0.833,,
9,4573,2024-11-18T09:25:02+00:00,1.0,12,False,False,False,False,False,0.0,0.0,0.0,0.0,,
9,4574,2024-11-18T10:20:05+00:00,1.0,1,False,False,False,False,False,0.0,0.0,0.0,0.477,,
9,4575,2024-11-18T15:50:05+00:00,1.0,5,False,False,False,False,False,0.0,0.0,0.0,0.0,,
9,4576,2024-11-18T16:45:02+00:00,1.0,5,False,False,False,False,False,0.0,0.0,0.0,0.0,,
9,4577,2024-11-19T01:00:05+00:00,1.0,3,False,False,False,False,False,0.0,0.0,0.0,0.0,,
9,4578,2024-11-19T01:55:03+00:00,1.0,14,False,False,False,False,False,0.0,0.0,0.0,0.0,,
9,4579,2024-11-19T02:50:05+00:00,1.0,22,False,False,False,False,False,0.0,0.0,0.0,0.0,,
9,4580,2024-11-19T03:45:02+00:00,1.0,22,False,False,False,False,False,0.0,0.0,0.0,0.0,,
9,4581,2024-11-19T04:40:05+00:00,1.0,22,False,False,False,False,False,0.0,0.0,0.0,0.0,,
9,4582,2024-11-19T05:35:03+00:00,1.0,22,False,False,False,False,False,0.0,0.0,0.0,0.0,,
9,4583,2024-11-19T06:30:05+00:00,1.0,22,False,False,False,False,False,0.0,0.0,0.0,0.0,,
9,4584,2024-11-19T07:25:02+00:00,1.0,22,False,False,False,False,True,0.0,0.02,0.285,0.49,,
9,4585,2024-11-19T08:20:05+00:00,1.0,22,False,False,False,False,False,0.0,0.0,0.0,0.0,,
9,4586,2024-11-19T09:15:03+00:00,1.0,22,False,False,False,True,True,0.0,0.002,0.702,0.807,,
9,4587,2024-11-19T10:10:07+00:00,1.0,22,True,True,True,True,False,0.0,0.091,0.245,0.248,,
9,4588,2024-11-19T11:05:03+00:00,1.0,22,False,False,True,True,False,0.0,0.0,0.054,0.377,,
9,4589,2024-11-19T12:00:05+00:00,1.0,22,False,False,False,True,False,0.0,0.0,0.0,0.0,,
9,4590,2024-11-19T12:55:03+00:00,1.0,22,False,False,False,False,False,0.0,0.0,0.0,0.0,,
9,4591,2024-11-19T13:50:05+00:00,1.0,22,False,False,False,False,False,0.0,0.0,0.012,0.243,,
9,4592,2024-11-19T14:45:03+00:00,1.0,22,False,True,True,True,False,0.0,0.0,0.008,0.083,,
9,4593,2024-11-19T15:40:05+00:00,1.0,22,False,True,True,True,True,0.0,0.0,0.406,0.647,,
9,4594,2024-11-19T16:35:03+00:00,1.0,22,True,True,True,True,True,1.0,1.0,1.0,1.0,,
9,4595,2024-11-19T17:30:05+00:00,1.0,22,True,True,True,True,True,1.0,1.0,1.0,1.0,,
9,4596,2024-11-19T18:25:03+00:00,1.0,22,False,True,True,True,False,0.0,0.0,0.0,0.403,,
9,4597,2024-11-19T19:20:05+00:00,1.0,22,True,True,True,True,True,1.0,1.0,1.0,1.0,,
9,4598,2024-11-19T20:15:03+00:00,1.0,22,False,True,True,True,False,0.0,0.0,0.0,0.0,,
9,4599,2024-11-19T21:10:05+00:00,1.0,22,False,False,False,False,False,0.0,0.0,0.0,0.089,,
9,4600,2024-11-19T22:05:02+00:00,1.0,22,False,False,False,True,False,0.0,0.037,0.052,0.147,,
9,4601,2024-11-19T23:00:05+00:00,1.0,22,False,False,False,False,False,0.0,0.0,0.0,0.265,,
9,4602,2024-11-19T23:55:02+00:00,1.0,22,False,False,False,False,False,0.0,0.0,0.0,0.0,,
9,4603,2024-11-20T00:50:05+00:00,1.0,22,False,True,True,True,True,0.827,0.827,0.827,0.827,,
9,4604,2024-11-20T01:45:02+00:00,1.0,15,False,True,True,True,True,0.835,1.0,1.0,1.0,,
9,4605,2024-11-20T02:40:05+00:00,1.0,4,False,False,False,False,False,0.0,0.0,0.0,0.0,,
9,4606,2024-11-20T03:35:03+00:00,1.0,4,False,False,False,False,False,0.0,0.0,0.0,0.244,,
9,4607,2024-11-20T04:30:05+00:00,1.0,9,False,False,False,False,True,0.385,0.385,0.74,0.848,,
9,4608,2024-11-20T05:25:02+00:00,1.0,16,False,False,False,False,False,0.0,0.0,0.0,0.0,,
9,4609,2024-11-20T06:20:05+00:00,1.0,22,False,False,False,False,True,0.0,0.701,0.701,0.701,,
9,4610,2024-11-20T07:15:02+00:00,1.0,22,False,False,False,True,False,0.0,0.0,0.0,0.0,,
9,4611,2024-11-20T08:10:07+00:00,1.0,22,False,False,False,False,False,0.109,0.154,0.154,0.154,,
9,4612,2024-11-20T09:05:03+00:00,1.0,22,False,False,False,False,False,0.0,0.0,0.0,0.0,,
9,4613,2024-11-20T10:00:05+00:00,1.0,22,False,False,True,True,False,0.0,0.0,0.0,0.0,,
9,4614,2024-11-20T10:55:03+00:00,1.0,22,False,True,True,True,False,0.0,0.026,0.049,0.049,,
9,4615,2024-11-20T11:50:05+00:00,1.0,22,True,False,True,True,True,0.46,0.466,0.47,0.495,,
9,4616,2024-11-20T12:45:02+00:00,1.0,22,True,True,True,True,True,1.0,1.0,1.0,1.0,,
9,4617,2024-11-20T13:40:05+00:00,1.0,22,True,True,True,True,True,0.0,0.551,0.916,0.957,,
9,4618,2024-11-20T14:35:03+00:00,1.0,22,True,True,True,True,True,0.886,0.935,0.99,0.994,,
9,4619,2024-11-20T15:30:05+00:00,1.0,22,True,True,True,True,True,1.0,1.0,1.0,1.0,,
9,4620,2024-11-20T16:25:02+00:00,1.0,22,True,True,True,True,True,1.0,1.0,1.0,1.0,,
9,4621,2024-11-20T17:20:05+00:00,1.0,22,True,True,True,True,False,0.0,0.0,0.046,0.054,,
9,4622,2024-11-20T18:15:03+00:00,1.0,22,True,True,True,True,True,0.0,0.124,0.517,0.65,,
9,4623,2024-11-20T19:10:05+00:00,1.0,22,True,True,True,True,True,1.0,1.0,1.0,1.0,,
9,4624,2024-11-20T20:05:03+00:00,1.0,22,False,True,True,True,True,0.579,0.657,0.956,0.963,,
9,4625,2024-11-21T19:00:05+00:00,1.0,7,False,False,False,False,False,0.0,0.0,0.0,0.0,,
9,4626,2024-11-21T19:55:03+00:00,1.0,18,False,False,False,False,False,0.0,0.0,0.0,0.0,,
9,4627,2024-11-21T20:50:05+00:00,1.0,22,False,False,False,False,False,0.0,0.0,0.0,0.0,,
9,4628,2024-11-21T21:45:03+00:00,1.0,22,False,False,False,False,False,0.0,0.0,0.0,0.0,,
9,4629,2024-11-21T22:40:05+00:00,1.0,22,False,False,False,True,False,0.0,0.0,0.0,0.0,,
9,4630,2024-11-21T23:35:03+00:00,1.0,22,False,False,True,True,False,0.054,0.054,0.06,0.06,,
9,4631,2024-11-22T00:30:05+00:00,1.0,22,True,True,True,True,True,1.0,1.0,1.0,1.0,,
9,4632,2024-11-22T01:25:02+00:00,1.0,22,True,True,True,True,True,1.0,1.0,1.0,1.0,,
9,4633,2024-11-22T02:20:05+00:00,1.0,22,True,True,True,True,True,1.0,1.0,1.0,1.0,,
9,4634,2024-11-22T03:15:02+00:00,1.0,22,True,True,True,True,False,0.0,0.0,0.014,0.022,,
9,4635,2024-11-22T04:10:07+00:00,1.0,22,True,True,True,True,True,1.0,1.0,1.0,1.0,,
9,4636,2024-11-22T05:05:03+00:00,1.0,22,True,True,True,True,True,0.261,0.701,0.702,0.702,,
9,4637,2024-11-22T06:00:05+00:00,1.0,22,True,True,True,True,False,0.0,0.0,0.27,0.29,,
9,4638,2024-11-22T06:55:03+00:00,1.0,22,True,True,True,True,True,1.0,1.0,1.0,1.0,,
9,4639,2024-11-22T07:50:05+00:00,1.0,22,True,True,True,True,True,1.0,1.0,1.0,1.0,,
9,4640,2024-11-22T08:45:03+00:00,1.0,22,True,True,True,True,True,0.0,0.348,0.348,0.413,,
9,4641,2024-11-22T09:40:05+00:00,1.0,22,True,True,True,True,True,1.0,1.0,1.0,1.0,,
9,4642,2024-11-22T10:35:02+00:00,1.0,22,True,True,True,True,True,1.0,1.0,1.0,1.0,,
9,4643,2024-11-22T11:30:05+00:00,1.0,22,True,True,True,True,True,1.0,1.0,1.0,1.0,,
9,4644,2024-11-22T12:25:03+00:00,1.0,22,True,True,True,True,True,0.0,0.0,0.296,0.358,,
9,4645,2024-11-22T13:20:05+00:00,1.0,22,True,True,True,True,True,1.0,1.0,1.0,1.0,,
9,4646,2024-11-22T14:15:02+00:00,1.0,22,False,True,True,True,False,0.0,0.156,0.766,0.863,,
9,4647,2024-11-22T15:10:05+00:00,1.0,22,True,True,True,True,True,1.0,1.0,1.0,1.0,,
9,4648,2024-11-22T16:05:02+00:00,1.0,22,False,False,False,False,False,0.0,0.0,0.145,0.4,,
9,4649,2024-11-22T17:00:05+00:00,1.0,22,False,False,False,False,False,0.0,0.0,0.16,0.577,,
9,4650,2024-11-22T17:55:03+00:00,1.0,22,False,False,False,True,True,0.657,0.657,0.673,0.701,,
9,4651,2024-11-22T18:50:05+00:00,1.0,17,True,False,False,False,True,0.589,0.712,0.719,0.722,,
9,4652,2024-11-22T19:45:02+00:00,1.0,6,False,False,False,False,False,0.0,0.0,0.0,0.0,,
9,4653,2024-11-23T07:40:05+00:00,20.0,0,False,False,False,False,False,0.0,0.0,0.0,0.0,,
9,4654,2024-11-24T16:40:05+00:00,20.0,0,False,False,False,False,False,0.0,0.0,0.0,0.0,,
9,4655,2024-11-25T22:50:05+00:00,20.0,0,False,False,False,False,False,0.0,0.0,0.0,0.0,,
9,4656,2024-11-26T00:40:05+00:00,20.0,0,False,False,False,False,False,0.0,0.0,0.0,0.0,,
9,4657,2024-11-26T23:25:03+00:00,20.0,0,False,False,False,False,False,0.0,0.0,0.0,0.0,,
9,4658,2024-11-27T14:05:03+00:00,20.0,0,False,False,False,False,False,0.0,0.0,0.0,0.0,,
9,4659,2024-11-28T08:25:03+00:00,1.0,5,False,False,False,False,False,0.0,0.0,0.0,0.0,,
9,4660,2024-11-28T09:20:05+00:00,1.0,9,False,False,False,False,False,0.0,0.0,0.0,0.0,,
9,4661,2024-11-28T10:15:03+00:00,1.0,4,False,False,False,False,False,0.0,0.0,0.0,0.0,,
9,4662,2024-11-28T11:10:05+00:00,1.0,6,False,False,False,False,False,0.0,0.0,0.0,0.0,,
9,4663,2024-11-28T12:05:03+00:00,1.0,17,False,False,False,False,False,0.0,0.0,0.0,0.207,,
9,4664,2024-11-28T13:00:05+00:00,1.0,19,False,False,False,False,False,0.0,0.0,0.0,0.0,,
9,4665,2024-11-28T13:55:02+00:00,1.0,19,False,False,False,False,False,0.0,0.0,0.0,0.0,,
9,4666,2024-11-28T14:50:05+00:00,1.0,17,False,True,True,True,False,0.0,0.005,0.022,0.022,,
9,4667,2024-11-28T15:45:03+00:00,1.0,6,False,False,False,False,False,0.0,0.0,0.0,0.0,,
9,4668,2024-11-28T16:40:05+00:00,1.0,8,False,False,False,False,False,0.0,0.0,0.0,0.0,,
9,4669,2024-11-28T17:35:02+00:00,1.0,19,False,False,False,False,False,0.0,0.0,0.0,0.0,,
9,4670,2024-11-28T18:30:05+00:00,1.0,22,False,False,False,False,False,0.0,0.0,0.0,0.207,,
9,4671,2024-11-28T19:25:03+00:00,1.0,22,False,False,False,False,False,0.0,0.0,0.244,0.244,,
9,4672,2024-11-28T20:20:05+00:00,1.0,22,False,False,False,False,False,0.0,0.0,0.0,0.0,,
9,4673,2024-11-28T21:15:02+00:00,1.0,22,False,False,False,False,False,0.009,0.012,0.012,0.012,,
9,4674,2024-11-28T22:10:07+00:00,1.0,22,False,False,True,True,False,0.0,0.0,0.0,0.0,,
9,4675,2024-11-28T23:05:02+00:00,1.0,22,True,True,True,True,True,1.0,1.0,1.0,1.0,,
9,4676,2024-11-29T00:00:05+00:00,1.0,22,False,True,True,True,False,0.0,0.062,0.583,0.621,,
9,4677,2024-11-29T00:55:02+00:00,1.0,22,False,False,True,True,False,0.0,0.0,0.0,0.003,,
9,4678,2024-11-29T01:50:05+00:00,1.0,22,True,True,True,True,True,1.0,1.0,1.0,1.0,,
9,4679,2024-11-29T02:45:03+00:00,1.0,22,False,False,False,False,False,0.0,0.054,0.086,0.392,,
9,4680,2024-11-29T03:40:05+00:00,1.0,22,False,False,False,False,True,0.547,0.987,0.988,0.995,,
9,4681,2024-11-29T04:35:03+00:00,1.0,22,False,False,False,True,False,0.0,0.046,0.292,0.672,,
9,4682,2024-11-29T05:30:05+00:00,1.0,22,True,True,True,True,True,1.0,1.0,1.0,1.0,,
9,4683,2024-11-29T06:25:03+00:00,1.0,22,False,True,True,True,False,0.0,0.0,0.0,0.585,,
9,4684,2024-11-29T07:20:05+00:00,1.0,22,False,True,True,True,False,0.0,0.0,0.009,0.142,,
9,4685,2024-11-29T08:15:02+00:00,1.0,22,True,True,True,True,True,1.0,1.0,1.0,1.0,,
9,4686,2024-11-29T09:10:05+00:00,1.0,22,False,True,True,True,True,0.964,0.964,0.965,0.971,,
9,4687,2024-11-29T10:05:02+00:00,1.0,22,False,False,False,False,False,0.0,0.207,0.261,0.3,,
9,4688,2024-11-29T11:00:05+00:00,1.0,22,False,False,False,False,False,0.0,0.0,0.0,0.001,,
9,4689,2024-11-29T11:55:03+00:00,1.0,22,False,False,False,False,False,0.0,0.08,0.184,0.184,,
9,4690,2024-11-29T12:50:05+00:00,1.0,22,False,False,False,False,False,0.0,0.0,0.004,0.004,,
9,4691,2024-11-29T13:45:03+00:00,1.0,19,False,False,False,False,False,0.0,0.0,0.0,0.0,,
9,4692,2024-11-29T14:40:05+00:00,1.0,8,False,False,False,False,False,0.0,0.0,0.0,0.0,,
9,4693,2024-11-30T06:15:03+00:00,20.0,0,False,False,False,False,False,0.0,0.0,0.0,0.0,,
9,4694,2024-11-30T07:10:05+00:00,1.0,4,False,False,False,False,False,0.0,0.0,0.0,0.0,,
9,4695,2024-11-30T08:05:03+00:00,1.0,15,False,False,False,False,False,0.0,0.0,0.0,0.0,,
9,4696,2024-11-30T09:00:05+00:00,1.0,22,False,False,False,False,False,0.0,0.0,0.0,0.0,,
9,4697,2024-11-30T09:55:02+00:00,1.0,22,False,False,False,False,False,0.0,0.0,0.0,0.0,,
9,4698,2024-11-30T10:50:05+00:00,1.0,18,False,False,False,False,False,0.0,0.0,0.0,0.0,,
9,4699,2024-11-30T11:45:03+00:00,1.0,18,False,False,False,False,False,0.0,0.0,0.0,0.0,,
9,4700,2024-11-30T12:40:05+00:00,1.0,22,False,False,False,False,False,0.0,0.0,0.0,0.0,,
9,4701,2024-11-30T13:35:03+00:00,1.0,22,False,False,False,False,False,0.0,0.0,0.0,0.0,,
9,4702,2024-11-30T14:30:05+00:00,1.0,22,False,False,True,True,False,0.0,0.0,0.0,0.0,,
9,4703,2024-11-30T15:25:03+00:00,1.0,22,False,False,False,False,False,0.0,0.0,0.0,0.0,,
9,4704,2024-11-30T16:20:05+00:00,1.0,22,False,False,False,False,False,0.0,0.022,0.022,0.022,,
9,4705,2024-11-30T17:15:02+00:00,1.0,22,False,False,False,False,False,0.0,0.0,0.0,0.0,,
9,4706,2024-11-30T18:10:07+00:00,1.0,22,False,False,False,False,False,0.0,0.0,0.0,0.0,,
9,4707,2024-11-30T19:05:03+00:00,1.0,22,False,False,False,False,False,0.0,0.0,0.0,0.244,,
9,4708,2024-11-30T20:00:05+00:00,1.0,22,False,True,True,True,True,0.768,0.983,0.984,0.984,,
9,4709,2024-11-30T20:55:02+00:00,1.0,22,True,True,True,True,True,1.0,1.0,1.0,1.0,,
9,4710,2024-11-30T21:50:05+00:00,1.0,22,False,False,False,False,False,0.0,0.0,0.054,0.054,,
9,4711,2024-11-30T22:45:03+00:00,1.0,12,False,False,False,False,False,0.0,0.0,0.034,0.27,,
9,4712,2024-11-30T23:40:05+00:00,1.0,1,False,False,False,False,False,0.0,0.0,0.0,0.0,,
9,4713,2024-12-01T00:35:03+00:00,1.0,2,False,False,False,False,False,0.0,0.0,0.0,0.0,,
9,4714,2024-12-01T01:30:05+00:00,1.0,13,False,False,False,False,False,0.0,0.0,0.0,0.0,,
9,4715,2024-12-01T02:25:02+00:00,1.0,22,False,False,False,False,False,0.0,0.0,0.008,0.054,,
9,4716,2024-12-01T03:20:05+00:00,1.0,22,False,False,True,True,True,0.207,0.238,0.251,0.277,,
9,4717,2024-12-01T04:15:03+00:00,1.0,20,True,True,True,True,True,1.0,1.0,1.0,1.0,,
9,4718,2024-12-01T05:10:05+00:00,1.0,9,False,False,True,True,False,0.0,0.0,0.0,0.0,,
9,4719,2024-12-01T06:05:02+00:00,1.0,7,False,False,False,False,False,0.0,0.0,0.0,0.0,,
9,4720,2024-12-01T07:00:05+00:00,1.0,18,False,False,False,False,False,0.0,0.0,0.0,0.0,,
9,4721,2024-12-01T07:55:02+00:00,1.0,22,False,False,False,False,False,0.0,0.0,0.0,0.0,,
9,4722,2024-12-01T08:50:05+00:00,1.0,22,False,False,True,True,False,0.0,0.0,0.0,0.299,,
9,4723,2024-12-01T09:45:02+00:00,1.0,22,True,False,False,False,False,0.0,0.0,0.0,0.0,,
9,4724,2024-12-01T10:40:05+00:00,1.0,22,False,False,False,False,False,0.0,0.0,0.0,0.0,,
9,4725,2024-12-01T11:35:03+00:00,1.0,14,False,False,False,False,False,0.0,0.0,0.0,0.0,,
9,4726,2024-12-01T12:30:05+00:00,1.0,3,False,False,False,False,False,0.0,0.0,0.0,0.0,,
9,4727,2024-12-01T21:40:05+00:00,20.0,0,False,False,False,False,False,0.0,0.0,0.0,0.0,,
9,4728,2024-12-02T16:00:05+00:00,20.0,0,False,False,False,False,False,0.0,0.0,0.0,0.0,,
9,4729,2024-12-02T16:55:02+00:00,20.0,0,False,False,False,False,False,0.0,0.0,0.0,0.0,,
9,4730,2024-12-03T11:15:03+00:00,1.0,10,False,False,False,False,False,0.0,0.0,0.0,0.0,,
9,4731,2024-12-03T12:10:07+00:00,1.0,21,False,False,False,False,False,0.0,0.0,0.0,0.0,,
9,4732,2024-12-03T13:05:02+00:00,1.0,22,False,False,False,False,False,0.0,0.0,0.0,0.0,,
9,4733,2024-12-03T14:00:05+00:00,1.0,22,False,False,False,False,False,0.0,0.0,0.0,0.008,,
9,4734,2024-12-03T14:55:03+00:00,1.0,19,False,False,False,False,False,0.0,0.0,0.0,0.0,,
9,4735,2024-12-03T15:50:05+00:00,1.0,14,False,False,False,False,False,0.0,0.0,0.0,0.0,,
9,4736,2024-12-03T16:45:02+00:00,1.0,17,False,False,False,False,False,0.0,0.0,0.0,0.0,,
9,4737,2024-12-03T17:40:05+00:00,1.0,22,False,False,False,False,False,0.0,0.0,0.002,0.003,,
9,4738,2024-12-03T18:35:02+00:00,1.0,22,False,False,False,False,False,0.0,0.0,0.0,0.0,,
9,4739,2024-12-03T19:30:05+00:00,1.0,22,False,False,False,False,False,0.0,0.0,0.407,0.658,,
9,4740,2024-12-03T20:25:03+00:00,1.0,22,False,False,False,False,False,0.0,0.0,0.008,0.046,,
9,4741,2024-12-03T21:20:05+00:00,1.0,22,False,False,False,False,False,0.0,0.0,0.0,0.0,,
9,4742,2024-12-03T22:15:02+00:00,1.0,22,False,False,False,False,False,0.0,0.0,0.0,0.0,,
9,4743,2024-12-03T23:10:05+00:00,1.0,22,False,False,False,False,False,0.0,0.0,0.0,0.0,,
9,4744,2024-12-04T00:05:02+00:00,1.0,22,False,False,False,False,False,0.0,0.0,0.0,0.0,,
9,4745,2024-12-04T01:00:05+00:00,1.0,22,False,False,False,False,False,0.0,0.0,0.0,0.0,,
9,4746,2024-12-04T01:55:03+00:00,1.0,22,False,False,False,False,False,0.0,0.0,0.0,0.0,,
9,4747,2024-12-04T02:50:05+00:00,1.0,22,False,False,False,False,True,0.0,0.188,0.647,0.647,,
9,4748,2024-12-04T03:45:02+00:00,1.0,22,False,False,False,False,False,0.0,0.0,0.0,0.0,,
9,4749,2024-12-04T04:40:05+00:00,1.0,18,False,False,False,False,False,0.0,0.0,0.0,0.0,,
9,4750,2024-12-04T05:35:02+00:00,1.0,16,False,False,False,False,False,0.0,0.0,0.0,0.0,,
9,4751,2024-12-04T06:30:05+00:00,1.0,19,False,False,False,False,False,0.0,0.0,0.0,0.0,,
9,4752,2024-12-04T07:25:03+00:00,1.0,14,False,False,False,False,False,0.0,0.0,0.0,0.0,,
9,4753,2024-12-04T08:20:05+00:00,1.0,6,False,False,False,False,False,0.0,0.0,0.0,0.0,,
9,4754,2024-12-04T09:15:03+00:00,1.0,13,False,False,False,False,False,0.0,0.0,0.0,0.0,,
9,4755,2024-12-04T10:10:07+00:00,1.0,22,False,False,False,False,False,0.0,0.0,0.0,0.0,,
9,4756,2024-12-04T11:05:02+00:00,1.0,22,False,False,False,False,False,0.0,0.0,0.0,0.252,,
9,4757,2024-12-04T12:00:05+00:00,1.0,22,False,False,False,False,False,0.0,0.0,0.0,0.02,,
9,4758,2024-12-04T12:55:03+00:00,1.0,22,False,False,False,False,False,0.0,0.0,0.0,0.008,,
9,4759,2024-12-04T13:50:05+00:00,1.0,22,False,False,False,False,False,0.0,0.0,0.0,0.0,,
9,4760,2024-12-04T14:45:02+00:00,1.0,22,False,False,False,False,False,0.0,0.0,0.0,0.0,,
9,4761,2024-12-04T15:40:05+00:00,1.0,22,False,False,False,False,False,0.0,0.0,0.0,0.0,,
9,4762,2024-12-04T16:35:03+00:00,1.0,22,False,False,False,False,False,0.0,0.0,0.0,0.151,,
9,4763,2024-12-04T17:30:05+00:00,1.0,22,False,False,False,False,False,0.0,0.0,0.006,0.007,,
9,4764,2024-12-04T18:25:02+00:00,1.0,22,False,False,False,False,False,0.0,0.0,0.0,0.0,,
9,4765,2024-12-04T19:20:05+00:00,1.0,22,False,False,False,False,False,0.0,0.0,0.0,0.0,,
9,4766,2024-12-04T20:15:03+00:00,1.0,22,False,False,False,False,False,0.0,0.0,0.0,0.0,,
9,4767,2024-12-04T21:10:05+00:00,1.0,22,False,False,False,False,False,0.0,0.0,0.0,0.0,,
9,4768,2024-12-04T22:05:03+00:00,1.0,22,False,False,False,False,False,0.0,0.0,0.0,0.0,,
9,4769,2024-12-04T23:00:05+00:00,1.0,22,False,False,False,False,False,0.0,0.0,0.0,0.0,,
9,4770,2024-12-04T23:55:02+00:00,1.0,22,False,False,False,False,False,0.0,0.0,0.0,0.0,,
9,4771,2024-12-05T00:50:05+00:00,1.0,22,False,False,False,False,False,0.0,0.0,0.054,0.054,,
9,4772,2024-12-05T01:45:03+00:00,1.0,22,False,False,False,True,False,0.0,0.0,0.0,0.0,,
9,4773,2024-12-05T02:40:05+00:00,1.0,22,True,True,True,True,False,0.0,0.0,0.0,0.001,,
9,4774,2024-12-05T03:35:03+00:00,1.0,22,False,False,False,False,True,0.0,0.173,0.701,0.701,,
9,4775,2024-12-05T04:30:05+00:00,1.0,22,False,False,False,False,False,0.0,0.0,0.0,0.0,,
9,4776,2024-12-05T05:25:02+00:00,1.0,22,False,False,False,False,False,0.183,0.276,0.32,0.568,,
9,4777,2024-12-05T06:20:05+00:00,1.0,22,False,False,False,True,False,0.0,0.054,0.064,0.15,,
9,4778,2024-12-05T07:15:02+00:00,1.0,22,True,False,True,True,False,0.0,0.0,0.091,0.244,,
9,4779,2024-12-05T08:10:07+00:00,1.0,22,False,True,True,True,False,0.0,0.0,0.0,0.0,,
9,4780,2024-12-05T09:05:03+00:00,1.0,22,True,True,True,True,False,0.0,0.0,0.0,0.0,,
9,4781,2024-12-05T10:00:05+00:00,1.0,22,True,True,True,True,True,1.0,1.0,1.0,1.0,,
9,4782,2024-12-05T10:55:02+00:00,1.0,22,True,True,True,True,True,1.0,1.0,1.0,1.0,,
9,4783,2024-12-05T11:50:05+00:00,1.0,22,False,True,True,True,False,0.207,0.207,0.207,0.252,,
9,4784,2024-12-05T12:45:03+00:00,1.0,22,True,True,True,True,True,0.0,0.0,0.325,0.688,,
9,4785,2024-12-05T13:40:05+00:00,1.0,22,True,True,True,True,True,1.0,1.0,1.0,1.0,,
9,4786,2024-12-05T14:35:02+00:00,1.0,22,True,True,True,True,False,0.0,0.0,0.053,0.672,,
9,4787,2024-12-06T09:00:05+00:00,1.0,9,False,False,False,False,False,0.0,0.0,0.0,0.0,,
9,4788,2024-12-06T09:55:03+00:00,1.0,11,False,False,False,False,True,0.295,0.295,0.295,0.295,,
9,4789,2024-12-06T10:50:05+00:00,1.0,4,False,False,False,False,False,0.0,0.0,0.0,0.0,,
9,4790,2024-12-06T11:45:03+00:00,1.0,2,False,False,False,False,False,0.0,0.0,0.0,0.0,,
9,4791,2024-12-06T13:35:02+00:00,1.0,11,False,False,False,False,False,0.0,0.0,0.0,0.0,,
9,4792,2024-12-06T14:30:05+00:00,1.0,17,False,False,True,True,False,0.0,0.0,0.0,0.0,,
9,4793,2024-12-06T15:25:03+00:00,1.0,17,False,False,False,True,False,0.0,0.0,0.0,0.0,,
9,4794,2024-12-06T16:20:05+00:00,1.0,22,False,False,False,False,False,0.0,0.0,0.0,0.0,,
9,4795,2024-12-06T17:15:03+00:00,1.0,22,False,False,False,False,False,0.0,0.0,0.0,0.0,,
9,4796,2024-12-06T18:10:07+00:00,1.0,22,False,False,False,True,False,0.0,0.0,0.0,0.201,,
9,4797,2024-12-06T19:05:02+00:00,1.0,22,True,True,True,True,True,1.0,1.0,1.0,1.0,,
9,4798,2024-12-06T20:00:05+00:00,1.0,22,False,True,True,True,False,0.0,0.0,0.0,0.065,,
9,4799,2024-12-06T20:55:03+00:00,1.0,22,False,False,False,False,False,0.0,0.0,0.001,0.001,,
9,4800,2024-12-06T21:50:04+00:00,1.0,22,False,False,False,True,True,0.0,0.04,0.504,0.885,,
9,4801,2024-12-06T22:45:02+00:00,1.0,22,True,True,True,True,True,1.0,1.0,1.0,1.0,,
9,4802,2024-12-06T23:40:05+00:00,1.0,22,False,False,False,False,False,0.0,0.0,0.0,0.0,,
9,4803,2024-12-07T00:35:02+00:00,1.0,21,False,False,False,False,False,0.0,0.0,0.004,0.004,,
9,4804,2024-12-07T01:30:05+00:00,1.0,10,False,False,False,False,False,0.0,0.0,0.0,0.0,,
9,4805,2024-12-07T05:10:05+00:00,20.0,0,False,False,False,False,False,0.0,0.0,0.0,0.0,,
9,4806,2024-12-07T07:00:05+00:00,20.0,0,False,False,False,False,False,0.0,0.0,0.0,0.0,,
9,4807,2024-12-07T11:35:03+00:00,20.0,0,False,False,False,False,False,0.0,0.0,0.0,0.0,,
9,4808,2024-12-07T20:45:03+00:00,20.0,0,False,False,False,False,False,0.0,0.0,0.0,0.0,,
9,4809,2024-12-07T23:30:05+00:00,1.0,4,False,False,False,False,False,0.0,0.0,0.0,0.0,,
9,4810,2024-12-08T00:25:03+00:00,1.0,14,False,False,False,False,False,0.0,0.0,0.0,0.0,,
9,4811,2024-12-08T01:20:05+00:00,1.0,21,False,False,False,False,False,0.0,0.0,0.0,0.0,,
9,4812,2024-12-08T02:15:02+00:00,1.0,18,False,False,False,False,False,0.0,0.0,0.0,0.0,,
9,4813,2024-12-08T03:10:05+00:00,1.0,7,False,False,False,False,False,0.0,0.0,0.0,0.0,,
9,4814,2024-12-08T05:00:05+00:00,20.0,0,False,False,False,False,False,0.0,0.0,0.0,0.0,,
9,4815,2024-12-08T05:55:03+00:00,1.0,10,False,False,False,False,False,0.0,0.0,0.0,0.0,,
9,4816,2024-12-08T06:50:05+00:00,1.0,21,False,False,False,False,False,0.0,0.0,0.0,0.0,,
9,4817,2024-12-08T07:45:03+00:00,1.0,22,False,False,False,False,False,0.0,0.0,0.006,0.008,,
9,4818,2024-12-08T08:40:05+00:00,1.0,22,False,False,True,True,False,0.0,0.0,0.0,0.151,,
9,4819,2024-12-08T09:35:02+00:00,1.0,22,False,True,True,True,False,0.0,0.005,0.296,0.322,,
9,4820,2024-12-08T10:30:05+00:00,1.0,22,True,True,True,True,True,1.0,1.0,1.0,1.0,,
9,4821,2024-12-08T11:25:02+00:00,1.0,22,True,True,True,True,True,0.0,0.003,0.265,0.787,,
9,4822,2024-12-08T12:20:05+00:00,1.0,22,False,True,True,True,True,0.008,0.299,0.31,0.31,,
9,4823,2024-12-08T13:15:03+00:00,1.0,22,True,True,True,True,False,0.0,0.022,0.149,0.188,,
9,4824,2024-12-08T14:10:07+00:00,1.0,22,True,True,True,True,False,0.0,0.0,0.062,0.291,,
9,4825,2024-12-08T15:05:02+00:00,1.0,22,False,False,False,True,True,0.451,0.72,0.757,0.768,,
9,4826,2024-12-08T16:00:05+00:00,1.0,22,True,True,True,True,True,1.0,1.0,1.0,1.0,,
9,4827,2024-12-08T16:55:03+00:00,1.0,22,True,True,True,True,False,0.0,0.02,0.058,0.21,,
9,4828,2024-12-08T17:50:05+00:00,1.0,22,True,True,True,True,True,1.0,1.0,1.0,1.0,,
9,4829,2024-12-08T18:45:03+00:00,1.0,22,False,False,False,False,False,0.0,0.0,0.0,0.0,,
9,4830,2024-12-08T19:40:05+00:00,1.0,22,False,False,False,True,False,0.0,0.0,0.0,0.014,,
9,4831,2024-12-08T20:35:02+00:00,1.0,22,False,True,True,True,True,1.0,1.0,1.0,1.0,,
9,4832,2024-12-08T21:30:05+00:00,1.0,22,True,True,True,True,True,1.0,1.0,1.0,1.0,,
9,4833,2024-12-08T22:25:02+00:00,1.0,22,True,True,True,True,True,1.0,1.0,1.0,1.0,,
9,4834,2024-12-08T23:20:05+00:00,1.0,22,True,True,True,True,True,1.0,1.0,1.0,1.0,,
9,4835,2024-12-09T00:15:03+00:00,1.0,22,True,True,True,True,False,0.0,0.091,0.29,0.549,,
9,4836,2024-12-09T01:10:05+00:00,1.0,22,False,True,True,True,False,0.0,0.0,0.0,0.0,,
9,4837,2024-12-09T02:05:03+00:00,1.0,22,True,False,True,True,False,0.0,0.0,0.018,0.026,,
9,4838,2024-12-09T03:00:05+00:00,1.0,22,False,True,True,True,True,0.962,0.962,0.963,0.972,,
9,4839,2024-12-09T03:55:03+00:00,1.0,22,True,True,True,True,True,1.0,1.0,1.0,1.0,,
9,4840,2024-12-09T04:50:05+00:00,1.0,22,True,True,True,True,True,0.037,0.611,0.857,0.864,,
9,4841,2024-12-09T05:45:02+00:00,1.0,22,False,False,False,True,True,0.0,0.0,0.744,0.974,,
9,4842,2024-12-09T06:40:05+00:00,1.0,22,True,True,True,True,True,1.0,1.0,1.0,1.0,,
9,4843,2024-12-09T07:35:02+00:00,1.0,22,True,True,True,True,True,1.0,1.0,1.0,1.0,,
9,4844,2024-12-09T08:30:05+00:00,1.0,22,True,True,True,True,True,1.0,1.0,1.0,1.0,,
9,4845,2024-12-09T09:25:03+00:00,1.0,22,True,True,True,True,True,0.871,0.908,0.908,0.909,,
9,4846,2024-12-09T10:20:05+00:00,1.0,22,True,True,True,True,True,1.0,1.0,1.0,1.0,,
9,4847,2024-12-09T11:15:02+00:00,1.0,22,False,False,False,False,False,0.0,0.0,0.0,0.0,,
9,4848,2024-12-09T12:10:07+00:00,1.0,22,False,True,True,True,True,1.0,1.0,1.0,1.0,,
9,4849,2024-12-09T13:05:03+00:00,1.0,22,False,True,True,True,False,0.0,0.0,0.0,0.0,,
9,4850,2024-12-09T14:00:05+00:00,1.0,22,True,True,True,True,False,0.0,0.0,0.0,0.0,,
9,4851,2024-12-09T14:55:02+00:00,1.0,22,True,True,True,True,True,1.0,1.0,1.0,1.0,,
9,4852,2024-12-09T15:50:06+00:00,1.0,22,True,True,True,True,True,1.0,1.0,1.0,1.0,,
9,4853,2024-12-09T16:45:02+00:00,1.0,22,False,False,False,False,False,0.0,0.0,0.0,0.0,,
9,4854,2024-12-09T17:40:05+00:00,1.0,22,False,True,True,True,True,0.322,0.322,0.322,0.322,,
9,4855,2024-12-09T18:35:03+00:00,1.0,22,True,True,True,True,False,0.0,0.0,0.0,0.002,,
9,4856,2024-12-09T19:30:05+00:00,1.0,22,False,False,False,True,False,0.0,0.029,0.162,0.627,,
9,4857,2024-12-09T20:25:02+00:00,1.0,22,False,True,True,True,True,0.0,0.0,0.299,0.299,,
9,4858,2024-12-09T21:20:05+00:00,1.0,22,False,False,False,False,False,0.0,0.0,0.403,0.403,,
9,4859,2024-12-09T22:15:03+00:00,1.0,22,False,False,False,False,False,0.0,0.007,0.008,0.008,,
9,4860,2024-12-09T23:10:05+00:00,1.0,22,False,False,True,True,False,0.0,0.0,0.0,0.028,,
9,4861,2024-12-10T00:05:02+00:00,1.0,22,True,True,True,True,True,1.0,1.0,1.0,1.0,,
9,4862,2024-12-10T01:00:05+00:00,1.0,22,True,True,True,True,True,1.0,1.0,1.0,1.0,,
9,4863,2024-12-10T01:55:02+00:00,1.0,22,True,True,True,True,False,0.0,0.0,0.0,0.02,,
9,4864,2024-12-10T02:50:05+00:00,1.0,22,True,True,True,True,False,0.008,0.009,0.031,0.033,,
9,4865,2024-12-10T03:45:02+00:00,1.0,22,True,True,True,True,True,0.611,0.611,0.611,0.611,,
9,4866,2024-12-10T04:40:05+00:00,1.0,22,True,True,True,True,True,1.0,1.0,1.0,1.0,,
9,4867,2024-12-10T05:35:03+00:00,1.0,22,True,True,True,True,True,1.0,1.0,1.0,1.0,,
9,4868,2024-12-10T06:30:05+00:00,1.0,22,True,True,True,True,True,1.0,1.0,1.0,1.0,,
9,4869,2024-12-10T07:25:02+00:00,1.0,22,True,True,True,True,True,1.0,1.0,1.0,1.0,,
9,4870,2024-12-10T08:20:05+00:00,1.0,22,True,True,True,True,True,1.0,1.0,1.0,1.0,,
9,4871,2024-12-10T09:15:02+00:00,1.0,22,True,True,True,True,True,1.0,1.0,1.0,1.0,,
9,4872,2024-12-10T10:10:07+00:00,1.0,22,True,True,True,True,False,0.0,0.0,0.0,0.003,,
9,4873,2024-12-10T11:05:02+00:00,1.0,22,False,False,False,False,False,0.015,0.038,0.345,0.359,,
9,4874,2024-12-10T12:00:05+00:00,1.0,22,False,False,True,True,True,1.0,1.0,1.0,1.0,,
9,4875,2024-12-10T12:55:03+00:00,1.0,22,True,True,True,True,False,0.0,0.0,0.008,0.269,,
9,4876,2024-12-10T13:50:05+00:00,1.0,22,True,True,True,True,False,0.0,0.0,0.0,0.0,,
9,4877,2024-12-10T14:45:02+00:00,1.0,22,True,True,True,True,False,0.0,0.007,0.012,0.013,,
9,4878,2024-12-10T15:40:05+00:00,1.0,22,True,True,True,True,True,1.0,1.0,1.0,1.0,,
9,4879,2024-12-10T16:35:03+00:00,1.0,22,True,True,True,True,True,1.0,1.0,1.0,1.0,,
9,4880,2024-12-10T17:30:05+00:00,1.0,22,False,False,False,False,False,0.0,0.0,0.12,0.269,,
9,4881,2024-12-10T18:25:02+00:00,1.0,22,False,False,False,False,False,0.0,0.0,0.0,0.0,,
9,4882,2024-12-10T19:20:05+00:00,1.0,22,False,False,False,False,False,0.0,0.0,0.002,0.004,,
9,4883,2024-12-10T20:15:03+00:00,1.0,22,False,False,False,False,False,0.0,0.0,0.0,0.022,,
9,4884,2024-12-10T21:10:05+00:00,1.0,22,False,False,False,False,False,0.0,0.0,0.0,0.0,,
9,4885,2024-12-10T22:05:03+00:00,1.0,22,False,False,False,False,False,0.0,0.003,0.016,0.016,,
9,4886,2024-12-10T23:00:05+00:00,1.0,22,False,False,False,False,False,0.0,0.0,0.0,0.0,,
9,4887,2024-12-10T23:55:02+00:00,1.0,22,False,False,False,False,False,0.0,0.0,0.1,0.1,,
9,4888,2024-12-11T00:50:05+00:00,1.0,22,False,False,False,False,False,0.0,0.0,0.0,0.259,,
9,4889,2024-12-11T01:45:03+00:00,1.0,22,False,True,True,True,True,0.008,0.299,0.356,0.471,,
9,4890,2024-12-11T02:40:05+00:00,1.0,22,True,True,True,True,True,1.0,1.0,1.0,1.0,,
9,4891,2024-12-11T03:35:02+00:00,1.0,22,True,True,True,True,True,1.0,1.0,1.0,1.0,,
9,4892,2024-12-11T04:30:05+00:00,1.0,22,False,False,False,False,False,0.0,0.054,0.054,0.054,,
9,4893,2024-12-11T05:25:02+00:00,1.0,22,False,False,False,False,True,0.36,0.36,0.487,0.551,,
9,4894,2024-12-11T06:20:05+00:00,1.0,22,False,False,False,False,False,0.0,0.0,0.0,0.0,,
9,4895,2024-12-11T07:15:02+00:00,1.0,22,False,False,False,False,False,0.0,0.0,0.0,0.0,,
9,4896,2024-12-11T08:10:08+00:00,1.0,22,False,True,True,True,False,0.0,0.0,0.0,0.0,,
9,4897,2024-12-11T09:05:02+00:00,1.0,22,False,True,True,True,False,0.006,0.037,0.037,0.125,,
9,4898,2024-12-11T10:00:05+00:00,1.0,22,True,True,True,True,True,1.0,1.0,1.0,1.0,,
9,4899,2024-12-11T10:55:02+00:00,1.0,22,True,True,True,True,False,0.0,0.0,0.0,0.334,,
9,4900,2024-12-11T11:50:05+00:00,1.0,22,True,True,True,True,True,1.0,1.0,1.0,1.0,,
9,4901,2024-12-11T12:45:02+00:00,1.0,22,False,False,False,True,False,0.0,0.008,0.054,0.054,,
9,4902,2024-12-11T13:40:05+00:00,1.0,22,False,True,True,True,True,0.701,0.701,0.701,0.821,,
9,4903,2024-12-11T14:35:03+00:00,1.0,22,True,False,False,False,True,1.0,1.0,1.0,1.0,,
9,4904,2024-12-11T15:30:06+00:00,1.0,22,False,False,False,False,False,0.0,0.0,0.0,0.154,,
9,4905,2024-12-11T16:25:02+00:00,1.0,22,False,False,False,True,False,0.0,0.0,0.0,0.0,,
9,4906,2024-12-11T18:50:05+00:00,1.0,22,True,True,True,True,True,1.0,1.0,1.0,1.0,,
9,4907,2024-12-11T19:45:02+00:00,1.0,22,False,True,True,True,True,0.793,0.992,0.992,0.992,,
9,4908,2024-12-11T20:40:05+00:00,1.0,22,False,False,True,True,False,0.0,0.0,0.0,0.048,,
9,4909,2024-12-11T21:35:03+00:00,1.0,22,False,False,False,False,False,0.0,0.0,0.0,0.0,,
9,4910,2024-12-11T22:30:05+00:00,1.0,22,False,False,False,False,False,0.0,0.0,0.0,0.05,,
9,4911,2024-12-11T23:25:03+00:00,1.0,22,False,False,False,False,False,0.0,0.0,0.0,0.0,,
9,4912,2024-12-12T00:20:05+00:00,1.0,22,False,False,False,False,False,0.0,0.0,0.0,0.0,,
9,4913,2024-12-12T01:15:02+00:00,1.0,22,False,False,False,False,False,0.0,0.0,0.008,0.011,,
9,4914,2024-12-12T02:10:07+00:00,1.0,19,False,False,False,False,False,0.0,0.0,0.0,0.0,,
9,4915,2024-12-12T03:05:02+00:00,1.0,10,False,False,False,False,False,0.0,0.0,0.0,0.055,,
9,4916,2024-12-12T04:00:05+00:00,1.0,2,False,False,False,False,False,0.0,0.0,0.0,0.0,,
9,4917,2024-12-12T07:40:05+00:00,1.0,2,False,False,False,False,False,0.0,0.0,0.0,0.0,,
9,4918,2024-12-12T08:35:03+00:00,1.0,9,False,False,False,False,False,0.0,0.0,0.0,0.0,,
9,4919,2024-12-12T09:30:05+00:00,1.0,7,False,False,False,False,False,0.0,0.0,0.0,0.0,,
9,4920,2024-12-13T00:10:07+00:00,20.0,0,False,False,False,False,False,0.0,0.0,0.0,0.0,,
9,4921,2024-12-13T15:45:03+00:00,20.0,0,False,False,False,False,False,0.0,0.0,0.0,0.0,,
9,4922,2024-12-13T17:35:02+00:00,20.0,0,False,False,False,False,False,0.0,0.0,0.0,0.0,,
9,4923,2024-12-13T22:10:07+00:00,1.0,4,False,False,False,False,False,0.0,0.0,0.0,0.0,,
9,4924,2024-12-13T23:05:02+00:00,1.0,15,False,False,False,False,False,0.0,0.0,0.0,0.0,,
9,4925,2024-12-14T00:00:05+00:00,1.0,22,False,False,False,False,False,0.0,0.0,0.0,0.037,,
9,4926,2024-12-14T00:55:03+00:00,1.0,22,False,False,False,False,False,0.0,0.0,0.0,0.261,,
9,4927,2024-12-14T01:50:05+00:00,1.0,22,False,False,False,False,False,0.0,0.0,0.011,0.118,,
9,4928,2024-12-14T02:45:02+00:00,1.0,22,False,False,False,False,True,0.0,0.046,0.896,0.918,,
9,4929,2024-12-14T03:40:05+00:00,1.0,22,False,False,False,True,True,0.493,0.493,0.524,0.778,,
9,4930,2024-12-14T04:35:02+00:00,1.0,22,True,True,True,True,True,0.0,0.039,0.434,0.63,,
9,4931,2024-12-14T05:30:05+00:00,1.0,22,True,True,True,True,True,0.784,0.957,0.968,0.98,,
9,4932,2024-12-14T06:25:02+00:00,1.0,22,True,True,True,True,True,1.0,1.0,1.0,1.0,,
9,4933,2024-12-14T07:20:05+00:00,1.0,22,False,False,True,True,True,1.0,1.0,1.0,1.0,,
9,4934,2024-12-14T08:15:03+00:00,1.0,22,True,True,True,True,True,1.0,1.0,1.0,1.0,,
9,4935,2024-12-14T09:10:05+00:00,1.0,22,False,True,True,True,False,0.0,0.0,0.265,0.63,,
9,4936,2024-12-14T10:05:03+00:00,1.0,22,True,False,False,False,False,0.162,0.207,0.207,0.407,,
9,4937,2024-12-14T11:00:05+00:00,1.0,22,False,True,True,True,False,0.0,0.122,0.366,0.4,,
9,4938,2024-12-14T11:55:02+00:00,1.0,22,True,True,True,True,True,1.0,1.0,1.0,1.0,,
9,4939,2024-12-14T12:50:05+00:00,1.0,22,True,True,True,True,True,1.0,1.0,1.0,1.0,,
9,4940,2024-12-14T13:45:03+00:00,1.0,22,True,True,True,True,True,1.0,1.0,1.0,1.0,,
9,4941,2024-12-14T14:40:05+00:00,1.0,22,False,False,False,False,False,0.014,0.016,0.016,0.08,,
9,4942,2024-12-14T15:35:02+00:00,1.0,22,False,False,False,False,True,0.958,0.96,0.96,0.968,,
9,4943,2024-12-14T16:30:05+00:00,1.0,22,False,False,False,False,False,0.0,0.0,0.0,0.044,,
9,4944,2024-12-14T17:25:02+00:00,1.0,22,False,False,False,False,False,0.0,0.0,0.0,0.091,,
9,4945,2024-12-14T18:20:06+00:00,1.0,22,False,False,False,False,False,0.0,0.0,0.154,0.246,,
9,4946,2024-12-14T19:15:02+00:00,1.0,22,False,False,False,False,False,0.0,0.0,0.0,0.008,,
9,4947,2024-12-14T20:10:07+00:00,1.0,22,False,False,False,False,False,0.0,0.0,0.046,0.054,,
9,4948,2024-12-14T21:05:03+00:00,1.0,22,False,True,True,True,True,0.0,0.946,0.946,0.946,,
9,4949,2024-12-14T22:00:05+00:00,1.0,22,True,True,True,True,True,1.0,1.0,1.0,1.0,,
9,4950,2024-12-14T22:55:03+00:00,1.0,22,False,True,True,True,False,0.0,0.0,0.001,0.184,,
9,4951,2024-12-14T23:50:05+00:00,1.0,22,True,True,True,True,True,0.056,0.755,0.965,0.968,,
9,4952,2024-12-15T00:45:02+00:00,1.0,22,True,True,True,True,True,1.0,1.0,1.0,1.0,,
9,4953,2024-12-15T01:40:04+00:00,1.0,22,False,False,False,True,False,0.0,0.062,0.188,0.53,,
9,4954,2024-12-15T02:35:03+00:00,1.0,22,True,True,True,True,True,1.0,1.0,1.0,1.0,,
9,4955,2024-12-15T03:30:05+00:00,1.0,22,True,True,True,True,True,0.0,0.908,0.954,0.973,,
9,4956,2024-12-15T04:25:02+00:00,1.0,22,True,True,True,True,True,1.0,1.0,1.0,1.0,,
9,4957,2024-12-15T05:20:05+00:00,1.0,20,True,True,True,True,True,1.0,1.0,1.0,1.0,,
9,4958,2024-12-15T06:15:02+00:00,1.0,9,False,False,False,False,False,0.0,0.0,0.0,0.0,,
9,4959,2024-12-15T07:10:05+00:00,1.0,5,False,False,False,False,False,0.0,0.153,0.244,0.244,,
9,4960,2024-12-15T08:05:03+00:00,1.0,16,False,False,False,False,False,0.0,0.0,0.037,0.244,,
9,4961,2024-12-15T09:00:05+00:00,1.0,22,False,False,False,False,False,0.0,0.0,0.0,0.0,,
9,4962,2024-12-15T09:55:02+00:00,1.0,22,False,False,False,False,False,0.0,0.0,0.0,0.003,,
9,4963,2024-12-15T10:50:05+00:00,1.0,18,False,False,False,False,False,0.0,0.0,0.0,0.0,,
9,4964,2024-12-15T11:45:02+00:00,1.0,7,False,False,False,False,False,0.0,0.0,0.0,0.0,,
9,4965,2024-12-15T17:15:02+00:00,20.0,0,False,False,False,False,False,0.0,0.0,0.0,0.0,,
9,4966,2024-12-16T06:05:03+00:00,20.0,0,False,False,False,False,False,0.0,0.0,0.0,0.0,,
9,4967,2024-12-16T20:45:02+00:00,20.0,0,False,False,False,False,False,0.0,0.0,0.0,0.0,,
9,4968,2024-12-17T05:55:03+00:00,20.0,0,False,False,False,False,False,0.0,0.0,0.0,0.0,,
9,4969,2024-12-17T23:20:05+00:00,20.0,0,False,False,False,False,False,0.0,0.0,0.0,0.0,,
9,4970,2024-12-18T15:50:05+00:00,20.0,0,False,False,False,False,False,0.0,0.0,0.0,0.0,,
9,4971,2024-12-19T21:10:05+00:00,20.0,0,False,False,False,False,False,0.0,0.0,0.0,0.0,,
9,4972,2024-12-19T23:00:05+00:00,1.0,10,False,False,False,False,False,0.0,0.0,0.0,0.0,,
9,4973,2024-12-19T23:55:02+00:00,1.0,21,False,False,False,False,False,0.0,0.0,0.0,0.151,,
9,4974,2024-12-20T00:50:05+00:00,1.0,22,False,False,False,False,False,0.0,0.0,0.0,0.0,,
9,4975,2024-12-20T01:45:02+00:00,1.0,22,False,False,False,False,False,0.0,0.0,0.0,0.0,,
9,4976,2024-12-20T02:40:05+00:00,1.0,22,False,False,False,False,False,0.0,0.0,0.004,0.004,,
9,4977,2024-12-20T03:35:03+00:00,1.0,22,False,False,False,False,False,0.0,0.0,0.0,0.034,,
9,4978,2024-12-20T04:30:05+00:00,1.0,22,False,False,False,False,False,0.0,0.102,0.296,0.486,,
9,4979,2024-12-20T05:25:03+00:00,1.0,22,False,False,False,False,False,0.0,0.04,0.097,0.233,,
9,4980,2024-12-20T06:20:05+00:00,1.0,22,False,True,True,True,False,0.0,0.0,0.0,0.043,,
9,4981,2024-12-20T07:15:02+00:00,1.0,22,True,True,True,True,False,0.0,0.0,0.017,0.513,,
9,4982,2024-12-20T08:10:07+00:00,1.0,22,True,True,True,True,True,1.0,1.0,1.0,1.0,,
9,4983,2024-12-20T09:05:03+00:00,1.0,22,True,True,True,True,True,1.0,1.0,1.0,1.0,,
9,4984,2024-12-20T10:00:05+00:00,1.0,22,True,True,True,True,False,0.0,0.0,0.054,0.054,,
9,4985,2024-12-20T10:55:02+00:00,1.0,22,True,True,True,True,True,1.0,1.0,1.0,1.0,,
9,4986,2024-12-20T11:50:05+00:00,1.0,22,True,True,True,True,False,0.041,0.088,0.088,0.277,,
9,4987,2024-12-20T12:45:02+00:00,1.0,22,False,False,True,True,True,0.574,0.977,0.977,0.977,,
9,4988,2024-12-20T13:40:05+00:00,1.0,22,True,True,True,True,False,0.0,0.0,0.0,0.44,,
9,4989,2024-12-20T14:35:03+00:00,1.0,22,True,True,True,True,True,1.0,1.0,1.0,1.0,,
9,4990,2024-12-20T15:30:05+00:00,1.0,22,True,True,True,True,True,1.0,1.0,1.0,1.0,,
9,4991,2024-12-20T16:25:03+00:00,1.0,22,False,False,False,False,False,0.0,0.0,0.0,0.096,,
9,4992,2024-12-20T17:20:05+00:00,1.0,22,False,False,True,True,False,0.0,0.096,0.375,0.413,,
9,4993,2024-12-20T18:15:03+00:00,1.0,22,True,True,True,True,False,0.0,0.0,0.0,0.512,,
9,4994,2024-12-20T19:10:05+00:00,1.0,22,True,True,True,True,False,0.0,0.0,0.054,0.098,,
9,4995,2024-12-20T20:05:03+00:00,1.0,22,False,False,False,True,False,0.0,0.008,0.148,0.161,,
9,4996,2024-12-20T21:00:05+00:00,1.0,22,False,True,True,True,False,0.0,0.0,0.028,0.029,,
9,4997,2024-12-20T21:55:03+00:00,1.0,22,True,True,True,True,True,0.793,0.853,1.0,1.0,,
9,4998,2024-12-20T22:50:05+00:00,1.0,22,False,False,False,True,False,0.0,0.0,0.0,0.0,,
9,4999,2024-12-20T23:45:03+00:00,1.0,22,True,False,False,False,False,0.0,0.0,0.0,0.0,,
10,5000,2024-12-21T00:40:05+00:00,1.0,22,False,False,False,False,False,0.0,0.0,0.0,0.255,,
10,5001,2024-12-21T01:35:02+00:00,1.0,22,False,False,False,False,False,0.0,0.0,0.0,0.0,,
10,5002,2024-12-21T02:30:04+00:00,1.0,22,False,False,False,False,True,0.0,0.0,0.257,0.259,,
10,5003,2024-12-21T03:25:02+00:00,1.0,22,False,False,False,False,False,0.0,0.0,0.0,0.0,,
10,5004,2024-12-21T04:20:05+00:00,1.0,17,False,False,False,False,False,0.0,0.0,0.0,0.0,,
10,5005,2024-12-21T05:15:03+00:00,1.0,6,False,False,False,False,False,0.0,0.0,0.0,0.0,,
10,5006,2024-12-22T09:40:05+00:00,20.0,0,False,False,False,False,False,0.0,0.0,0.0,0.0,,
10,5007,2024-12-22T13:20:05+00:00,20.0,0,False,False,False,False,False,0.0,0.0,0.0,0.0,,
10,5008,2024-12-22T17:00:05+00:00,1.0,9,False,False,False,False,False,0.0,0.0,0.0,0.0,,
10,5009,2024-12-22T17:55:03+00:00,1.0,20,False,False,False,False,False,0.0,0.0,0.0,0.153,,
10,5010,2024-12-22T18:50:05+00:00,1.0,22,False,False,False,False,False,0.0,0.0,0.0,0.095,,
10,5011,2024-12-22T19:45:03+00:00,1.0,22,False,False,False,False,True,0.0,0.0,0.517,0.779,,
10,5012,2024-12-22T20:40:05+00:00,1.0,22,False,True,True,True,False,0.0,0.008,0.009,0.029,,
10,5013,2024-12-22T21:35:02+00:00,1.0,22,False,False,False,False,False,0.0,0.0,0.0,0.028,,
10,5014,2024-12-22T22:30:05+00:00,1.0,22,False,False,False,False,False,0.0,0.0,0.055,0.142,,
10,5015,2024-12-22T23:25:02+00:00,1.0,22,False,False,True,True,True,0.0,0.013,0.437,0.491,,
10,5016,2024-12-23T00:20:05+00:00,1.0,22,True,True,True,True,True,0.715,1.0,1.0,1.0,,
10,5017,2024-12-23T01:15:02+00:00,1.0,22,True,True,True,True,False,0.0,0.0,0.0,0.445,,
10,5018,2024-12-23T02:10:07+00:00,1.0,22,True,True,True,True,True,0.701,0.702,0.716,0.719,,
10,5019,2024-12-23T03:05:03+00:00,1.0,22,True,True,True,True,False,0.0,0.0,0.034,0.054,,
10,5020,2024-12-23T04:00:05+00:00,1.0,22,True,True,True,True,True,0.0,0.0,0.449,0.715,,
10,5021,2024-12-23T04:55:02+00:00,1.0,22,True,True,True,True,True,1.0,1.0,1.0,1.0,,
10,5022,2024-12-23T05:50:05+00:00,1.0,22,True,True,True,True,True,0.0,0.0,0.652,0.728,,
10,5023,2024-12-23T06:45:03+00:00,1.0,22,True,True,True,True,False,0.0,0.008,0.008,0.016,,
10,5024,2024-12-23T07:40:05+00:00,1.0,22,True,True,True,True,True,1.0,1.0,1.0,1.0,,
10,5025,2024-12-23T08:35:03+00:00,1.0,22,True,True,True,True,False,0.0,0.0,0.403,0.457,,
10,5026,2024-12-23T09:30:05+00:00,1.0,22,True,True,True,True,True,0.787,0.924,0.925,0.931,,
10,5027,2024-12-23T10:25:02+00:00,1.0,22,True,True,True,True,True,0.663,0.771,0.844,0.844,,
10,5028,2024-12-23T11:20:06+00:00,1.0,22,True,True,True,True,False,0.0,0.0,0.0,0.628,,
10,5029,2024-12-23T12:15:03+00:00,1.0,22,True,True,True,True,False,0.0,0.207,0.249,0.277,,
10,5030,2024-12-23T13:10:05+00:00,1.0,22,True,True,True,True,True,1.0,1.0,1.0,1.0,,
10,5031,2024-12-23T14:05:03+00:00,1.0,22,True,True,True,True,True,1.0,1.0,1.0,1.0,,
10,5032,2024-12-23T15:00:05+00:00,1.0,22,False,False,False,False,False,0.0,0.0,0.253,0.253,,
10,5033,2024-12-23T15:55:02+00:00,1.0,22,False,False,False,False,False,0.0,0.0,0.02,0.25,,
10,5034,2024-12-23T16:50:05+00:00,1.0,22,False,False,False,True,False,0.0,0.02,0.043,0.043,,
10,5035,2024-12-23T17:45:02+00:00,1.0,22,True,True,True,True,True,1.0,1.0,1.0,1.0,,
10,5036,2024-12-23T18:40:05+00:00,1.0,22,True,True,True,True,True,1.0,1.0,1.0,1.0,,
10,5037,2024-12-23T19:35:03+00:00,1.0,22,True,True,True,True,False,0.0,0.0,0.0,0.0,,
10,5038,2024-12-23T20:30:05+00:00,1.0,22,True,True,True,True,True,1.0,1.0,1.0,1.0,,
10,5039,2024-12-23T21:25:03+00:00,1.0,22,True,True,True,True,False,0.0,0.0,0.178,0.242,,
10,5040,2024-12-23T22:20:05+00:00,1.0,22,False,False,False,False,False,0.0,0.0,0.001,0.002,,
10,5041,2024-12-23T23:15:03+00:00,1.0,22,False,False,False,False,False,0.0,0.0,0.046,0.054,,
10,5042,2024-12-24T00:10:07+00:00,1.0,22,False,False,False,False,False,0.0,0.0,0.0,0.061,,
10,5043,2024-12-24T01:05:02+00:00,1.0,22,False,False,False,False,False,0.0,0.0,0.0,0.037,,
10,5044,2024-12-24T02:00:05+00:00,1.0,22,False,False,False,False,False,0.0,0.0,0.0,0.0,,
10,5045,2024-12-24T02:55:02+00:00,1.0,22,False,False,False,False,False,0.0,0.0,0.0,0.0,,
10,5046,2024-12-24T03:50:05+00:00,1.0,22,False,False,False,False,False,0.0,0.0,0.0,0.001,,
10,5047,2024-12-24T04:45:03+00:00,1.0,22,False,False,False,False,False,0.0,0.0,0.0,0.0,,
10,5048,2024-12-24T05:40:05+00:00,1.0,22,False,False,False,False,False,0.0,0.0,0.0,0.207,,
10,5049,2024-12-24T06:35:03+00:00,1.0,16,False,False,False,False,False,0.0,0.0,0.0,0.0,,
10,5050,2024-12-24T07:30:06+00:00,1.0,16,False,False,False,False,False,0.0,0.0,0.0,0.0,,
10,5051,2024-12-24T08:25:03+00:00,1.0,22,False,False,False,False,False,0.0,0.0,0.0,0.0,,
10,5052,2024-12-24T09:20:05+00:00,1.0,14,False,False,False,False,False,0.0,0.0,0.0,0.0,,
10,5053,2024-12-24T10:15:03+00:00,1.0,3,False,False,False,False,False,0.0,0.0,0.0,0.0,,
10,5054,2024-12-24T11:10:05+00:00,1.0,4,False,False,False,False,False,0.0,0.0,0.0,0.0,,
10,5055,2024-12-24T12:05:02+00:00,1.0,15,False,False,False,False,False,0.0,0.0,0.0,0.0,,
10,5056,2024-12-24T13:00:05+00:00,1.0,22,False,False,False,False,False,0.0,0.0,0.0,0.0,,
10,5057,2024-12-24T13:55:03+00:00,1.0,22,False,False,False,False,False,0.0,0.0,0.0,0.0,,
10,5058,2024-12-24T14:50:05+00:00,1.0,14,False,False,False,False,False,0.0,0.0,0.0,0.0,,
10,5059,2024-12-24T15:45:03+00:00,1.0,3,False,False,False,False,False,0.0,0.0,0.0,0.0,,
10,5060,2024-12-25T03:40:05+00:00,1.0,9,False,False,False,False,False,0.0,0.0,0.0,0.0,,
10,5061,2024-12-25T04:35:02+00:00,1.0,20,False,False,False,False,False,0.0,0.0,0.0,0.0,,
10,5062,2024-12-25T05:30:05+00:00,1.0,22,False,False,False,False,False,0.0,0.02,0.054,0.054,,
10,5063,2024-12-25T06:25:02+00:00,1.0,22,False,False,False,False,False,0.0,0.0,0.0,0.17,,
10,5064,2024-12-25T07:20:05+00:00,1.0,22,False,False,False,False,False,0.0,0.0,0.0,0.0,,
10,5065,2024-12-25T08:15:03+00:00,1.0,16,False,False,False,False,False,0.0,0.0,0.0,0.0,,
10,5066,2024-12-25T09:10:05+00:00,1.0,5,False,False,False,False,False,0.0,0.0,0.0,0.0,,
10,5067,2024-12-25T13:45:02+00:00,1.0,1,False,False,False,False,False,0.0,0.0,0.0,0.0,,
10,5068,2024-12-25T14:40:05+00:00,1.0,8,False,False,False,False,False,0.0,0.0,0.0,0.0,,
10,5069,2024-12-25T15:35:02+00:00,1.0,18,False,False,False,False,False,0.0,0.0,0.0,0.0,,
10,5070,2024-12-25T16:30:05+00:00,1.0,22,False,False,False,False,False,0.0,0.0,0.0,0.0,,
10,5071,2024-12-25T17:25:03+00:00,1.0,22,False,False,False,False,False,0.0,0.0,0.0,0.0,,
10,5072,2024-12-25T18:20:05+00:00,1.0,22,False,False,False,False,False,0.0,0.0,0.0,0.0,,
10,5073,2024-12-25T19:15:03+00:00,1.0,21,False,False,False,False,False,0.0,0.0,0.0,0.02,,
10,5074,2024-12-25T20:10:07+00:00,1.0,21,False,False,False,False,False,0.0,0.0,0.0,0.0,,
10,5075,2024-12-25T21:05:02+00:00,1.0,22,False,False,False,False,False,0.0,0.0,0.0,0.0,,
10,5076,2024-12-25T22:00:05+00:00,1.0,22,False,False,False,False,False,0.0,0.0,0.0,0.0,,
10,5077,2024-12-25T22:55:03+00:00,1.0,21,False,False,False,False,False,0.0,0.0,0.0,0.0,,
10,5078,2024-12-25T23:50:05+00:00,1.0,13,False,False,False,False,False,0.0,0.0,0.0,0.0,,
10,5079,2024-12-26T00:45:02+00:00,1.0,3,False,False,False,False,False,0.0,0.0,0.0,0.0,,
10,5080,2024-12-26T03:30:05+00:00,1.0,6,False,False,False,False,False,0.0,0.0,0.0,0.0,,
10,5081,2024-12-26T04:25:02+00:00,1.0,10,False,False,False,False,False,0.0,0.0,0.0,0.0,,
10,5082,2024-12-26T05:20:06+00:00,1.0,4,False,False,False,False,False,0.0,0.0,0.0,0.0,,
10,5083,2024-12-27T16:10:07+00:00,20.0,0,False,False,False,False,False,0.0,0.0,0.0,0.0,,
10,5084,2024-12-28T17:50:05+00:00,20.0,0,False,False,False,False,False,0.0,0.0,0.0,0.0,,
10,5085,2024-12-28T21:30:05+00:00,20.0,0,False,False,False,False,False,0.0,0.0,0.0,0.0,,
10,5086,2024-12-29T04:50:05+00:00,20.0,0,False,False,False,False,False,0.0,0.0,0.0,0.0,,
10,5087,2024-12-29T10:20:05+00:00,20.0,0,False,False,False,False,False,0.0,0.0,0.0,0.0,,
10,5088,2024-12-29T14:00:05+00:00,20.0,0,False,False,False,False,False,0.0,0.0,0.0,0.0,,
10,5089,2024-12-30T19:20:05+00:00,20.0,0,False,False,False,False,False,0.0,0.0,0.0,0.0,,
10,5090,2025-01-01T10:45:02+00:00,20.0,0,False,False,False,False,False,0.0,0.0,0.0,0.0,,
10,5091,2025-01-02T18:50:05+00:00,20.0,0,False,False,False,False,False,0.0,0.0,0.0,0.0,,
10,5092,2025-01-02T20:40:05+00:00,1.0,3,False,False,False,False,False,0.0,0.0,0.0,0.0,,
10,5093,2025-01-02T21:35:03+00:00,1.0,13,False,False,False,False,False,0.0,0.0,0.0,0.046,,
10,5094,2025-01-02T22:30:05+00:00,1.0,11,False,False,False,False,False,0.0,0.0,0.0,0.0,,
10,5095,2025-01-02T23:25:03+00:00,1.0,1,False,False,False,False,False,0.0,0.0,0.0,0.0,,
10,5096,2025-01-03T05:50:05+00:00,1.0,7,False,False,False,False,False,0.0,0.0,0.0,0.0,,
10,5097,2025-01-03T06:45:03+00:00,1.0,18,False,False,False,False,False,0.0,0.0,0.0,0.0,,
10,5098,2025-01-03T07:40:05+00:00,1.0,22,False,False,False,False,False,0.0,0.0,0.0,0.001,,
10,5099,2025-01-03T08:35:03+00:00,1.0,22,False,False,False,False,False,0.0,0.0,0.39,0.497,,
10,5100,2025-01-03T09:30:05+00:00,1.0,22,False,False,False,True,False,0.0,0.02,0.054,0.054,,
10,5101,2025-01-03T10:25:03+00:00,1.0,22,True,True,True,True,True,1.0,1.0,1.0,1.0,,
10,5102,2025-01-03T11:20:05+00:00,1.0,22,True,True,True,True,False,0.0,0.0,0.058,0.058,,
10,5103,2025-01-03T14:55:02+00:00,1.0,22,True,True,True,True,True,1.0,1.0,1.0,1.0,,
10,5104,2025-01-03T15:50:05+00:00,1.0,22,True,True,True,True,False,0.0,0.0,0.0,0.0,,
10,5105,2025-01-03T16:45:03+00:00,1.0,22,True,True,True,True,False,0.0,0.0,0.0,0.496,,
10,5106,2025-01-03T17:40:05+00:00,1.0,22,True,True,True,True,True,1.0,1.0,1.0,1.0,,
10,5107,2025-01-03T18:35:02+00:00,1.0,22,True,True,True,True,True,1.0,1.0,1.0,1.0,,
10,5108,2025-01-03T19:30:05+00:00,1.0,22,True,True,True,True,True,1.0,1.0,1.0,1.0,,
10,5109,2025-01-03T20:25:03+00:00,1.0,22,False,True,True,True,True,0.705,0.86,0.86,0.896,,
10,5110,2025-01-03T21:20:05+00:00,1.0,22,True,True,True,True,True,0.701,0.701,0.892,0.911,,
10,5111,2025-01-03T22:15:02+00:00,1.0,22,False,False,False,False,False,0.0,0.0,0.02,0.021,,
10,5112,2025-01-03T23:10:05+00:00,1.0,20,False,False,False,False,False,0.0,0.0,0.0,0.0,,
10,5113,2025-01-04T00:05:03+00:00,1.0,9,False,False,False,False,False,0.0,0.0,0.009,0.009,,
10,5114,2025-01-04T03:45:03+00:00,20.0,0,False,False,False,False,False,0.0,0.0,0.0,0.0,,
10,5115,2025-01-04T11:05:03+00:00,20.0,0,False,False,False,False,False,0.0,0.0,0.0,0.0,,
10,5116,2025-01-04T19:20:05+00:00,20.0,0,False,False,False,False,False,0.0,0.0,0.0,0.0,,
10,5117,2025-01-04T23:00:05+00:00,20.0,0,False,False,False,False,False,0.0,0.0,0.0,0.0,,
10,5118,2025-01-05T11:50:05+00:00,20.0,0,False,False,False,False,False,0.0,0.0,0.0,0.0,,
10,5119,2025-01-06T18:05:02+00:00,1.0,1,False,False,False,False,False,0.0,0.0,0.0,0.0,,
10,5120,2025-01-06T19:00:05+00:00,1.0,2,False,False,False,False,False,0.0,0.0,0.0,0.0,,
10,5121,2025-01-06T19:55:03+00:00,1.0,5,False,False,False,False,False,0.0,0.0,0.0,0.0,,
10,5122,2025-01-06T20:50:05+00:00,1.0,15,False,False,False,False,False,0.0,0.0,0.0,0.0,,
10,5123,2025-01-06T21:45:03+00:00,1.0,22,False,False,False,False,False,0.0,0.0,0.0,0.0,,
10,5124,2025-01-06T22:40:05+00:00,1.0,22,False,False,False,False,False,0.0,0.0,0.0,0.0,,
10,5125,2025-01-06T23:35:02+00:00,1.0,22,False,False,False,False,False,0.0,0.0,0.0,0.0,,
10,5126,2025-01-07T00:30:05+00:00,1.0,22,False,False,False,False,False,0.0,0.0,0.0,0.0,,
10,5127,2025-01-07T01:25:02+00:00,1.0,22,False,False,False,False,False,0.0,0.0,0.0,0.0,,
10,5128,2025-01-07T02:20:05+00:00,1.0,22,False,False,False,False,False,0.0,0.0,0.0,0.0,,
10,5129,2025-01-07T03:15:03+00:00,1.0,22,False,False,False,False,False,0.0,0.0,0.054,0.054,,
10,5130,2025-01-07T04:10:07+00:00,1.0,22,False,False,True,True,False,0.0,0.0,0.0,0.0,,
10,5131,2025-01-07T05:05:03+00:00,1.0,22,False,False,True,True,False,0.0,0.0,0.0,0.213,,
10,5132,2025-01-07T06:00:05+00:00,1.0,22,False,False,False,False,False,0.0,0.0,0.005,0.006,,
10,5133,2025-01-07T06:55:03+00:00,1.0,22,False,False,False,False,False,0.0,0.0,0.0,0.02,,
10,5134,2025-01-07T07:50:05+00:00,1.0,22,False,False,False,True,False,0.0,0.0,0.0,0.054,,
10,5135,2025-01-07T08:45:03+00:00,1.0,22,False,True,True,True,False,0.0,0.008,0.299,0.299,,
10,5136,2025-01-07T09:40:05+00:00,1.0,22,False,False,False,True,False,0.0,0.0,0.0,0.0,,
10,5137,2025-01-07T10:35:03+00:00,1.0,22,False,True,True,True,False,0.0,0.0,0.0,0.0,,
10,5138,2025-01-07T11:30:05+00:00,1.0,22,True,True,True,True,True,1.0,1.0,1.0,1.0,,
10,5139,2025-01-07T12:25:03+00:00,1.0,22,True,True,True,True,True,1.0,1.0,1.0,1.0,,
10,5140,2025-01-07T13:20:05+00:00,1.0,22,False,False,False,True,True,0.835,1.0,1.0,1.0,,
10,5141,2025-01-07T14:15:03+00:00,1.0,22,False,True,True,True,False,0.0,0.45,0.511,0.525,,
10,5142,2025-01-07T15:10:05+00:00,1.0,22,True,True,True,True,True,0.253,0.313,0.313,0.313,,
10,5143,2025-01-07T16:05:03+00:00,1.0,22,False,False,False,False,False,0.0,0.0,0.376,0.57,,
10,5144,2025-01-07T17:00:05+00:00,1.0,22,False,False,True,True,False,0.0,0.0,0.0,0.0,,
10,5145,2025-01-07T17:55:03+00:00,1.0,22,True,True,True,True,True,1.0,1.0,1.0,1.0,,
10,5146,2025-01-07T18:50:05+00:00,1.0,22,True,False,False,False,True,1.0,1.0,1.0,1.0,,
10,5147,2025-01-07T19:45:02+00:00,1.0,22,False,True,True,True,True,0.107,1.0,1.0,1.0,,
10,5148,2025-01-07T20:40:05+00:00,1.0,22,False,True,True,True,False,0.0,0.0,0.126,0.305,,
10,5149,2025-01-07T21:35:03+00:00,1.0,22,False,False,False,False,True,0.0,0.214,0.373,0.445,,
10,5150,2025-01-07T22:30:05+00:00,1.0,22,False,False,False,False,True,0.0,0.0,0.299,0.319,,
10,5151,2025-01-07T23:25:03+00:00,1.0,22,False,False,False,False,True,0.034,0.089,0.728,0.733,,
10,5152,2025-01-08T00:20:05+00:00,1.0,22,False,False,False,False,False,0.0,0.0,0.006,0.064,,
10,5153,2025-01-08T01:15:02+00:00,1.0,22,False,False,False,False,False,0.054,0.054,0.054,0.059,,
10,5154,2025-01-08T02:10:07+00:00,1.0,22,False,False,False,True,False,0.0,0.008,0.054,0.073,,
10,5155,2025-01-08T03:05:02+00:00,1.0,22,False,False,False,False,False,0.0,0.0,0.008,0.008,,
10,5156,2025-01-08T04:00:05+00:00,1.0,22,False,False,False,False,True,0.046,0.378,0.489,0.507,,
10,5157,2025-01-08T04:55:03+00:00,1.0,22,False,False,False,False,False,0.0,0.015,0.032,0.032,,
10,5158,2025-01-08T05:50:06+00:00,1.0,13,False,False,False,False,True,0.0,0.0,0.551,0.701,,
10,5159,2025-01-08T06:45:03+00:00,1.0,2,False,False,False,False,False,0.0,0.0,0.112,0.29,,
10,5160,2025-01-08T09:30:05+00:00,20.0,0,False,False,False,False,False,0.0,0.0,0.0,0.0,,
10,5161,2025-01-08T10:25:03+00:00,20.0,0,False,False,False,False,False,0.0,0.0,0.0,0.0,,
10,5162,2025-01-08T11:20:05+00:00,20.0,0,False,False,False,False,False,0.0,0.0,0.0,0.0,,
10,5163,2025-01-08T16:50:05+00:00,20.0,0,False,False,False,False,False,0.0,0.0,0.0,0.0,,
10,5164,2025-01-09T10:15:03+00:00,1.0,9,False,False,False,False,False,0.0,0.0,0.0,0.0,,
10,5165,2025-01-09T11:10:05+00:00,1.0,10,False,False,False,False,False,0.0,0.0,0.0,0.0,,
10,5166,2025-01-09T12:05:02+00:00,1.0,1,False,False,False,False,False,0.0,0.0,0.0,0.0,,
10,5167,2025-01-09T13:00:05+00:00,1.0,7,False,False,False,False,False,0.0,0.0,0.0,0.0,,
10,5168,2025-01-09T13:55:02+00:00,1.0,18,False,False,False,False,False,0.0,0.0,0.0,0.0,,
10,5169,2025-01-09T14:50:05+00:00,1.0,22,False,False,False,False,False,0.0,0.0,0.0,0.0,,
10,5170,2025-01-09T15:45:03+00:00,1.0,22,False,True,True,True,False,0.0,0.0,0.006,0.007,,
10,5171,2025-01-09T16:40:05+00:00,1.0,22,False,False,False,False,False,0.0,0.0,0.153,0.435,,
10,5172,2025-01-09T17:35:02+00:00,1.0,22,False,False,True,True,False,0.024,0.024,0.024,0.032,,
10,5173,2025-01-09T18:30:05+00:00,1.0,22,True,True,True,True,True,1.0,1.0,1.0,1.0,,
10,5174,2025-01-09T19:25:02+00:00,1.0,22,True,True,True,True,True,1.0,1.0,1.0,1.0,,
10,5175,2025-01-09T20:20:05+00:00,1.0,22,True,True,True,True,False,0.0,0.0,0.0,0.0,,
10,5176,2025-01-09T21:15:03+00:00,1.0,22,False,True,True,True,True,0.357,0.549,0.626,0.626,,
10,5177,2025-01-09T22:10:07+00:00,1.0,22,True,False,False,True,True,1.0,1.0,1.0,1.0,,
10,5178,2025-01-09T23:05:03+00:00,1.0,21,True,False,False,False,False,0.0,0.0,0.001,0.092,,
10,5179,2025-01-10T00:00:06+00:00,1.0,11,False,False,False,False,False,0.0,0.0,0.0,0.0,,
10,5180,2025-01-10T00:55:03+00:00,1.0,1,False,False,False,False,False,0.0,0.0,0.0,0.0,,
10,5181,2025-01-10T04:35:02+00:00,20.0,0,False,False,False,False,False,0.0,0.0,0.0,0.0,,
10,5182,2025-01-10T09:10:05+00:00,1.0,1,False,False,False,False,False,0.0,0.0,0.0,0.0,,
10,5183,2025-01-10T10:05:02+00:00,1.0,12,False,False,False,False,False,0.0,0.0,0.0,0.0,,
10,5184,2025-01-10T11:00:05+00:00,1.0,12,False,False,False,False,False,0.0,0.0,0.0,0.0,,
10,5185,2025-01-10T11:55:03+00:00,1.0,9,False,False,False,False,False,0.0,0.0,0.0,0.0,,
10,5186,2025-01-10T12:50:05+00:00,1.0,13,False,False,False,False,False,0.0,0.0,0.0,0.0,,
10,5187,2025-01-10T13:45:03+00:00,1.0,8,False,False,False,False,False,0.0,0.0,0.0,0.0,,
10,5188,2025-01-10T14:40:05+00:00,1.0,14,False,False,False,False,False,0.0,0.0,0.0,0.0,,
10,5189,2025-01-10T15:35:02+00:00,1.0,22,False,False,False,False,False,0.0,0.0,0.0,0.0,,
10,5190,2025-01-10T16:30:05+00:00,1.0,22,False,False,False,False,False,0.0,0.0,0.004,0.005,,
10,5191,2025-01-10T17:25:03+00:00,1.0,22,False,False,False,False,False,0.0,0.0,0.0,0.0,,
10,5192,2025-01-10T18:20:05+00:00,1.0,22,False,False,False,False,False,0.0,0.0,0.0,0.0,,
10,5193,2025-01-10T19:15:03+00:00,1.0,22,False,False,False,False,False,0.0,0.0,0.0,0.0,,
10,5194,2025-01-10T20:10:07+00:00,1.0,22,False,False,False,False,False,0.0,0.0,0.026,0.034,,
10,5195,2025-01-10T21:05:03+00:00,1.0,22,False,False,True,True,False,0.0,0.0,0.0,0.0,,
10,5196,2025-01-10T22:00:05+00:00,1.0,22,False,False,True,True,False,0.0,0.0,0.0,0.855,,
10,5197,2025-01-10T22:55:02+00:00,1.0,22,True,True,True,True,True,0.0,0.774,0.865,0.865,,
10,5198,2025-01-10T23:50:05+00:00,1.0,22,True,False,False,True,True,1.0,1.0,1.0,1.0,,
10,5199,2025-01-11T00:45:02+00:00,1.0,22,True,True,True,True,True,1.0,1.0,1.0,1.0,,
10,5200,2025-01-11T01:40:05+00:00,1.0,22,False,True,True,True,False,0.008,0.008,0.008,0.105,,
10,5201,2025-01-11T02:35:02+00:00,1.0,22,False,False,False,False,False,0.0,0.0,0.0,0.16,,
10,5202,2025-01-11T03:30:05+00:00,1.0,22,False,False,False,False,False,0.0,0.0,0.25,0.57,,
10,5203,2025-01-11T04:25:02+00:00,1.0,22,False,False,False,True,True,0.199,0.701,0.703,0.743,,
10,5204,2025-01-11T05:20:05+00:00,1.0,22,True,False,False,True,False,0.0,0.0,0.254,0.563,,
10,5205,2025-01-11T06:15:03+00:00,1.0,22,False,False,False,False,False,0.0,0.245,0.245,0.429,,
10,5206,2025-01-11T07:10:05+00:00,1.0,22,False,False,False,False,False,0.0,0.0,0.303,0.6,,
10,5207,2025-01-11T08:05:02+00:00,1.0,16,False,False,False,True,True,0.946,0.955,0.984,0.987,,
10,5208,2025-01-11T09:00:05+00:00,1.0,5,True,False,False,False,True,0.0,0.0,0.405,0.733,,
10,5209,2025-01-11T12:40:04+00:00,20.0,0,False,False,False,False,False,0.0,0.0,0.0,0.0,,
10,5210,2025-01-11T22:45:03+00:00,1.0,5,False,False,False,False,False,0.0,0.0,0.0,0.0,,
10,5211,2025-01-11T23:40:05+00:00,1.0,16,False,False,False,False,False,0.0,0.0,0.0,0.0,,
10,5212,2025-01-12T00:35:03+00:00,1.0,22,False,False,False,False,False,0.0,0.0,0.0,0.0,,
10,5213,2025-01-12T01:30:05+00:00,1.0,22,False,False,False,False,False,0.0,0.0,0.0,0.0,,
10,5214,2025-01-12T02:25:03+00:00,1.0,22,False,True,True,True,False,0.0,0.024,0.032,0.084,,
10,5215,2025-01-12T03:20:05+00:00,1.0,22,False,False,True,True,False,0.0,0.107,0.107,0.107,,
10,5216,2025-01-12T04:15:03+00:00,1.0,22,True,True,True,True,True,1.0,1.0,1.0,1.0,,
10,5217,2025-01-12T05:10:04+00:00,1.0,22,True,True,True,True,True,0.101,0.101,0.336,0.779,,
10,5218,2025-01-12T06:05:03+00:00,1.0,22,True,True,True,True,False,0.0,0.0,0.0,0.0,,
10,5219,2025-01-12T07:00:05+00:00,1.0,22,True,True,True,True,True,1.0,1.0,1.0,1.0,,
10,5220,2025-01-12T07:55:03+00:00,1.0,22,False,False,False,False,True,0.0,0.171,0.708,0.726,,
10,5221,2025-01-12T08:50:05+00:00,1.0,22,False,False,False,False,False,0.0,0.014,0.034,0.128,,
10,5222,2025-01-12T09:45:03+00:00,1.0,22,False,False,False,False,False,0.0,0.091,0.244,0.373,,
10,5223,2025-01-12T10:40:05+00:00,1.0,22,False,False,False,False,False,0.0,0.013,0.028,0.039,,
10,5224,2025-01-12T11:35:02+00:00,1.0,22,False,False,False,False,True,0.0,0.3,1.0,1.0,,
10,5225,2025-01-12T12:30:05+00:00,1.0,22,False,False,False,False,False,0.0,0.0,0.0,0.001,,
10,5226,2025-01-12T13:25:02+00:00,1.0,22,False,False,False,False,False,0.039,0.039,0.039,0.039,,
10,5227,2025-01-12T14:20:05+00:00,1.0,22,False,False,False,False,False,0.0,0.0,0.034,0.042,,
10,5228,2025-01-12T15:15:02+00:00,1.0,22,False,False,False,False,False,0.003,0.015,0.015,0.023,,
10,5229,2025-01-12T16:10:07+00:00,1.0,22,False,False,False,False,False,0.0,0.0,0.0,0.0,,
10,5230,2025-01-12T17:05:03+00:00,1.0,22,False,False,False,False,False,0.0,0.0,0.034,0.049,,
10,5231,2025-01-12T18:00:05+00:00,1.0,22,False,False,False,False,False,0.0,0.0,0.037,0.244,,
10,5232,2025-01-12T18:55:03+00:00,1.0,22,False,False,False,False,False,0.0,0.0,0.002,0.003,,
10,5233,2025-01-12T19:50:05+00:00,1.0,22,False,False,False,False,False,0.0,0.0,0.0,0.363,,
10,5234,2025-01-12T20:45:03+00:00,1.0,22,False,False,False,False,False,0.0,0.028,0.241,0.426,,
10,5235,2025-01-12T21:40:05+00:00,1.0,22,False,False,False,False,False,0.0,0.0,0.02,0.582,,
10,5236,2025-01-12T22:35:03+00:00,1.0,22,False,False,True,True,False,0.041,0.166,0.166,0.166,,
10,5237,2025-01-12T23:30:05+00:00,1.0,22,True,True,True,True,True,1.0,1.0,1.0,1.0,,
10,5238,2025-01-13T00:25:03+00:00,1.0,22,False,False,False,False,False,0.0,0.0,0.188,0.44,,
10,5239,2025-01-13T01:20:06+00:00,1.0,22,False,False,False,True,False,0.0,0.0,0.0,0.0,,
10,5240,2025-01-13T02:15:03+00:00,1.0,22,False,True,True,True,False,0.0,0.0,0.0,0.0,,
10,5241,2025-01-13T03:10:05+00:00,1.0,22,True,False,False,True,False,0.02,0.02,0.02,0.02,,
10,5242,2025-01-13T04:05:02+00:00,1.0,22,False,True,True,True,True,1.0,1.0,1.0,1.0,,
10,5243,2025-01-13T05:00:05+00:00,1.0,22,False,False,False,False,False,0.0,0.01,0.01,0.01,,
10,5244,2025-01-13T05:55:02+00:00,1.0,22,False,False,False,False,False,0.0,0.0,0.0,0.0,,
10,5245,2025-01-13T06:50:05+00:00,1.0,22,False,False,False,False,False,0.0,0.0,0.0,0.0,,
10,5246,2025-01-13T07:45:02+00:00,1.0,22,False,False,False,False,True,0.0,0.548,0.647,0.647,,
10,5247,2025-01-13T08:40:05+00:00,1.0,22,False,False,False,False,False,0.0,0.076,0.076,0.076,,
10,5248,2025-01-13T09:35:03+00:00,1.0,22,False,False,False,False,False,0.0,0.0,0.003,0.005,,
10,5249,2025-01-13T10:30:05+00:00,1.0,22,False,False,False,False,False,0.0,0.0,0.0,0.0,,
10,5250,2025-01-13T11:25:02+00:00,1.0,22,False,False,False,False,False,0.0,0.0,0.004,0.038,,
10,5251,2025-01-13T12:20:05+00:00,1.0,22,False,False,False,False,False,0.0,0.0,0.0,0.0,,
10,5252,2025-01-13T13:15:03+00:00,1.0,22,False,False,False,False,False,0.0,0.0,0.0,0.0,,
10,5253,2025-01-13T14:10:07+00:00,1.0,22,False,False,False,False,False,0.0,0.0,0.026,0.038,,
10,5254,2025-01-13T15:05:03+00:00,1.0,22,False,False,False,False,False,0.0,0.0,0.008,0.314,,
10,5255,2025-01-13T16:00:05+00:00,1.0,15,False,False,False,False,False,0.0,0.0,0.0,0.0,,
10,5256,2025-01-13T16:55:03+00:00,1.0,4,False,False,False,False,False,0.0,0.0,0.0,0.0,,
10,5257,2025-01-14T03:00:05+00:00,20.0,0,False,False,False,False,False,0.0,0.0,0.0,0.0,,
10,5258,2025-01-14T10:20:05+00:00,20.0,0,False,False,False,False,False,0.0,0.0,0.0,0.0,,
10,5259,2025-01-14T17:40:05+00:00,20.0,0,False,False,False,False,False,0.0,0.0,0.0,0.0,,
10,5260,2025-01-14T22:15:03+00:00,20.0,0,False,False,False,False,False,0.0,0.0,0.0,0.0,,
10,5261,2025-01-15T01:55:03+00:00,20.0,0,False,False,False,False,False,0.0,0.0,0.0,0.0,,
10,5262,2025-01-16T16:20:05+00:00,20.0,0,False,False,False,False,False,0.0,0.0,0.0,0.0,,
10,5263,2025-01-16T20:55:02+00:00,20.0,0,False,False,False,False,False,0.0,0.0,0.0,0.0,,
10,5264,2025-01-17T11:35:03+00:00,20.0,0,False,False,False,False,False,0.0,0.0,0.0,0.0,,
10,5265,2025-01-17T13:25:03+00:00,20.0,0,False,False,False,False,False,0.0,0.0,0.0,0.0,,
10,5266,2025-01-17T16:10:08+00:00,20.0,0,False,False,False,False,False,0.0,0.0,0.0,0.0,,
10,5267,2025-01-17T21:40:05+00:00,20.0,0,False,False,False,False,False,0.0,0.0,0.0,0.0,,
10,5268,2025-01-18T17:50:05+00:00,20.0,0,False,False,False,False,False,0.0,0.0,0.0,0.0,,
10,5269,2025-01-19T01:10:05+00:00,1.0,8,False,False,False,False,False,0.0,0.0,0.0,0.0,,
10,5270,2025-01-19T02:05:03+00:00,1.0,17,False,False,False,False,False,0.0,0.0,0.0,0.0,,
10,5271,2025-01-19T03:00:05+00:00,1.0,9,False,False,False,False,False,0.0,0.0,0.0,0.0,,
10,5272,2025-01-19T08:30:05+00:00,1.0,3,False,False,False,False,False,0.0,0.0,0.0,0.0,,
10,5273,2025-01-19T09:25:02+00:00,1.0,3,False,False,False,False,False,0.0,0.0,0.0,0.153,,
10,5274,2025-01-19T11:15:02+00:00,1.0,10,False,False,False,False,False,0.0,0.0,0.0,0.0,,
10,5275,2025-01-19T12:10:07+00:00,1.0,19,False,False,False,False,False,0.0,0.0,0.0,0.0,,
10,5276,2025-01-19T13:05:02+00:00,1.0,9,False,False,False,False,False,0.0,0.0,0.0,0.0,,
10,5277,2025-01-19T14:55:02+00:00,1.0,8,False,False,False,False,False,0.0,0.0,0.0,0.0,,
10,5278,2025-01-19T15:50:05+00:00,1.0,19,False,False,False,False,False,0.0,0.0,0.0,0.0,,
10,5279,2025-01-19T16:45:03+00:00,1.0,22,False,False,False,False,False,0.0,0.0,0.0,0.0,,
10,5280,2025-01-19T17:40:05+00:00,1.0,12,False,False,False,False,False,0.0,0.0,0.0,0.0,,
10,5281,2025-01-19T18:35:03+00:00,1.0,1,False,False,False,False,False,0.0,0.0,0.0,0.0,,
10,5282,2025-01-20T01:55:03+00:00,1.0,2,False,False,False,False,False,0.0,0.0,0.0,0.0,,
10,5283,2025-01-20T02:50:05+00:00,1.0,13,False,False,False,False,False,0.0,0.0,0.0,0.0,,
10,5284,2025-01-20T03:45:03+00:00,1.0,22,False,False,False,False,False,0.0,0.0,0.0,0.0,,
10,5285,2025-01-20T04:40:05+00:00,1.0,22,False,False,False,False,False,0.0,0.0,0.0,0.0,,
10,5286,2025-01-20T05:35:03+00:00,1.0,22,False,False,False,False,False,0.0,0.0,0.0,0.054,,
10,5287,2025-01-20T06:30:05+00:00,1.0,22,False,False,False,False,False,0.0,0.0,0.0,0.0,,
10,5288,2025-01-20T07:25:02+00:00,1.0,22,False,False,False,False,False,0.0,0.0,0.0,0.0,,
10,5289,2025-01-20T08:20:05+00:00,1.0,22,False,False,False,False,False,0.0,0.0,0.0,0.034,,
10,5290,2025-01-20T21:00:05+00:00,1.0,10,False,False,False,False,False,0.0,0.0,0.0,0.0,,
10,5291,2025-01-20T21:55:03+00:00,1.0,21,False,False,False,False,False,0.0,0.0,0.0,0.0,,
10,5292,2025-01-20T22:50:05+00:00,1.0,22,False,False,False,False,False,0.0,0.0,0.0,0.0,,
10,5293,2025-01-20T23:45:03+00:00,1.0,22,False,False,False,False,True,0.0,0.307,0.356,0.514,,
10,5294,2025-01-21T00:40:05+00:00,1.0,22,False,False,False,False,False,0.0,0.0,0.091,0.244,,
10,5295,2025-01-21T01:35:02+00:00,1.0,22,False,False,False,False,False,0.0,0.0,0.0,0.0,,
10,5296,2025-01-21T02:30:05+00:00,1.0,22,False,False,False,False,False,0.0,0.0,0.008,0.008,,
10,5297,2025-01-21T03:25:03+00:00,1.0,22,False,True,True,True,False,0.0,0.0,0.0,0.0,,
10,5298,2025-01-21T04:20:05+00:00,1.0,22,True,True,True,True,False,0.0,0.061,0.061,0.061,,
10,5299,2025-01-21T05:15:03+00:00,1.0,22,False,False,False,True,False,0.0,0.071,0.35,0.587,,
10,5300,2025-01-21T06:10:07+00:00,1.0,22,True,True,True,True,True,0.717,0.717,0.717,0.753,,
10,5301,2025-01-21T07:05:03+00:00,1.0,22,False,False,False,False,False,0.0,0.0,0.0,0.046,,
10,5302,2025-01-21T08:00:05+00:00,1.0,22,False,False,False,False,False,0.0,0.0,0.02,0.045,,
10,5303,2025-01-21T08:55:02+00:00,1.0,22,False,False,False,False,False,0.0,0.0,0.004,0.072,,
10,5304,2025-01-21T09:50:05+00:00,1.0,22,False,False,False,False,False,0.0,0.0,0.0,0.0,,
10,5305,2025-01-21T10:45:03+00:00,1.0,22,False,False,False,True,False,0.0,0.0,0.0,0.0,,
10,5306,2025-01-21T11:40:05+00:00,1.0,22,True,True,True,True,True,1.0,1.0,1.0,1.0,,
10,5307,2025-01-21T12:35:03+00:00,1.0,22,True,True,True,True,False,0.0,0.0,0.0,0.046,,
10,5308,2025-01-21T13:30:05+00:00,1.0,22,True,True,True,True,True,1.0,1.0,1.0,1.0,,
10,5309,2025-01-21T14:25:03+00:00,1.0,22,False,False,False,False,False,0.0,0.0,0.0,0.0,,
10,5310,2025-01-21T15:20:05+00:00,1.0,22,False,False,False,False,False,0.0,0.023,0.032,0.04,,
10,5311,2025-01-21T16:15:03+00:00,1.0,22,False,False,False,False,False,0.0,0.0,0.0,0.064,,
10,5312,2025-01-21T17:10:05+00:00,1.0,22,False,False,False,False,False,0.0,0.0,0.403,0.425,,
10,5313,2025-01-21T18:05:03+00:00,1.0,22,False,False,False,False,False,0.0,0.0,0.0,0.0,,
10,5314,2025-01-21T19:00:05+00:00,1.0,22,False,False,False,False,False,0.0,0.0,0.0,0.647,,
10,5315,2025-01-21T19:55:02+00:00,1.0,22,False,False,False,False,False,0.0,0.0,0.023,0.034,,
10,5316,2025-01-21T20:50:05+00:00,1.0,22,False,False,False,False,False,0.0,0.0,0.0,0.074,,
10,5317,2025-01-21T21:45:03+00:00,1.0,22,False,False,False,False,False,0.0,0.0,0.0,0.003,,
10,5318,2025-01-21T22:40:05+00:00,1.0,22,False,False,False,False,False,0.0,0.191,0.196,0.197,,
10,5319,2025-01-21T23:35:03+00:00,1.0,11,False,False,False,False,False,0.0,0.0,0.0,0.153,,
10,5320,2025-01-22T00:30:05+00:00,1.0,6,False,False,False,False,False,0.0,0.0,0.0,0.0,,
10,5321,2025-01-22T01:25:03+00:00,1.0,9,False,False,False,False,False,0.0,0.0,0.0,0.0,,
10,5322,2025-01-22T02:20:05+00:00,1.0,3,False,False,False,False,False,0.0,0.0,0.0,0.0,,
10,5323,2025-01-22T10:35:02+00:00,1.0,2,False,False,False,False,False,0.0,0.0,0.0,0.0,,
10,5324,2025-01-22T11:30:05+00:00,1.0,13,False,False,False,True,False,0.0,0.0,0.0,0.244,,
10,5325,2025-01-22T12:25:02+00:00,1.0,22,False,True,True,True,False,0.0,0.0,0.0,0.0,,
10,5326,2025-01-22T13:20:05+00:00,1.0,17,False,False,True,True,False,0.0,0.0,0.0,0.0,,
10,5327,2025-01-22T14:15:02+00:00,1.0,17,True,True,True,True,True,1.0,1.0,1.0,1.0,,
10,5328,2025-01-22T15:10:05+00:00,1.0,20,False,False,False,False,False,0.0,0.0,0.0,0.0,,
10,5329,2025-01-22T16:05:03+00:00,1.0,9,False,False,False,False,False,0.0,0.0,0.0,0.0,,
10,5330,2025-01-22T17:00:05+00:00,1.0,9,False,False,False,False,False,0.0,0.0,0.0,0.0,,
10,5331,2025-01-22T17:55:02+00:00,1.0,20,False,False,False,False,False,0.0,0.0,0.0,0.0,,
10,5332,2025-01-22T18:50:05+00:00,1.0,16,False,False,False,False,False,0.0,0.0,0.0,0.0,,
10,5333,2025-01-22T19:45:03+00:00,1.0,5,False,False,False,False,False,0.0,0.0,0.0,0.0,,
10,5334,2025-01-22T21:35:03+00:00,1.0,3,False,False,False,False,False,0.0,0.0,0.0,0.0,,
10,5335,2025-01-22T22:30:05+00:00,1.0,14,False,False,False,False,False,0.0,0.0,0.0,0.0,,
10,5336,2025-01-22T23:25:03+00:00,1.0,22,False,False,False,False,False,0.0,0.0,0.0,0.0,,
10,5337,2025-01-23T00:20:05+00:00,1.0,22,False,False,False,False,False,0.0,0.0,0.013,0.016,,
10,5338,2025-01-23T01:15:03+00:00,1.0,22,False,False,False,False,False,0.0,0.0,0.0,0.0,,
10,5339,2025-01-23T02:10:07+00:00,1.0,22,False,False,False,False,False,0.0,0.0,0.252,0.403,,
10,5340,2025-01-23T03:05:02+00:00,1.0,22,False,False,False,False,False,0.0,0.0,0.0,0.0,,
10,5341,2025-01-23T04:00:05+00:00,1.0,12,False,False,False,False,False,0.0,0.0,0.0,0.109,,
10,5342,2025-01-23T04:55:02+00:00,1.0,1,False,False,False,False,False,0.0,0.0,0.0,0.0,,
10,5343,2025-01-23T06:45:03+00:00,1.0,9,False,False,False,False,False,0.0,0.0,0.0,0.0,,
10,5344,2025-01-23T07:40:05+00:00,1.0,20,False,False,False,False,False,0.0,0.0,0.0,0.034,,
10,5345,2025-01-23T08:35:02+00:00,1.0,22,False,False,False,False,False,0.0,0.0,0.0,0.0,,
10,5346,2025-01-23T09:30:05+00:00,1.0,22,False,False,False,False,False,0.0,0.0,0.0,0.0,,
10,5347,2025-01-23T10:25:02+00:00,1.0,22,False,False,False,True,False,0.0,0.034,0.054,0.054,,
10,5348,2025-01-23T11:20:05+00:00,1.0,22,True,True,True,True,True,0.684,0.883,0.923,0.949,,
10,5349,2025-01-23T12:15:03+00:00,1.0,22,True,True,True,True,True,0.48,0.48,0.498,0.61,,
10,5350,2025-01-23T13:10:05+00:00,1.0,18,False,True,True,True,False,0.0,0.0,0.002,0.006,,
10,5351,2025-01-23T14:05:03+00:00,1.0,8,True,True,True,True,True,1.0,1.0,1.0,1.0,,
10,5352,2025-01-23T15:00:05+00:00,1.0,12,False,False,False,True,False,0.0,0.0,0.0,0.0,,
10,5353,2025-01-23T15:55:02+00:00,1.0,22,True,True,True,True,True,1.0,1.0,1.0,1.0,,
10,5354,2025-01-23T16:50:05+00:00,1.0,22,False,False,True,True,False,0.0,0.0,0.0,0.0,,
10,5355,2025-01-23T17:45:03+00:00,1.0,22,True,True,True,True,True,1.0,1.0,1.0,1.0,,
10,5356,2025-01-23T18:40:05+00:00,1.0,22,False,False,False,True,False,0.0,0.0,0.018,0.055,,
10,5357,2025-01-23T19:35:03+00:00,1.0,22,False,True,True,True,True,0.0,0.187,0.299,0.325,,
10,5358,2025-01-23T20:30:05+00:00,1.0,22,False,False,True,True,False,0.0,0.0,0.0,0.081,,
10,5359,2025-01-23T21:25:02+00:00,1.0,22,True,True,True,True,True,1.0,1.0,1.0,1.0,,
10,5360,2025-01-23T22:20:06+00:00,1.0,22,False,False,False,False,False,0.0,0.0,0.0,0.0,,
10,5361,2025-01-23T23:15:03+00:00,1.0,22,False,False,False,False,False,0.0,0.008,0.054,0.054,,
10,5362,2025-01-24T00:10:07+00:00,1.0,22,False,False,False,False,False,0.0,0.0,0.0,0.0,,
10,5363,2025-01-24T01:05:03+00:00,1.0,22,False,False,False,False,False,0.0,0.0,0.001,0.009,,
10,5364,2025-01-24T02:00:05+00:00,1.0,22,False,False,False,False,False,0.0,0.0,0.0,0.0,,
10,5365,2025-01-24T02:55:03+00:00,1.0,22,False,False,False,False,False,0.0,0.0,0.0,0.0,,
10,5366,2025-01-24T03:50:05+00:00,1.0,22,False,False,False,False,False,0.0,0.0,0.0,0.0,,
10,5367,2025-01-24T04:45:02+00:00,1.0,22,False,False,False,False,False,0.0,0.0,0.006,0.052,,
10,5368,2025-01-24T05:40:05+00:00,1.0,22,False,False,False,False,False,0.0,0.0,0.0,0.0,,
10,5369,2025-01-24T06:35:02+00:00,1.0,22,False,False,False,False,False,0.0,0.0,0.403,0.425,,
10,5370,2025-01-24T07:30:05+00:00,1.0,22,False,False,False,False,False,0.0,0.0,0.0,0.46,,
10,5371,2025-01-24T08:25:03+00:00,1.0,22,False,False,True,True,False,0.0,0.0,0.0,0.008,,
10,5372,2025-01-24T09:20:05+00:00,1.0,22,False,False,False,False,False,0.0,0.0,0.151,0.425,,
10,5373,2025-01-24T10:15:02+00:00,1.0,22,False,False,False,True,False,0.0,0.0,0.173,0.344,,
10,5374,2025-01-24T11:10:05+00:00,1.0,22,True,False,False,True,False,0.0,0.0,0.0,0.199,,
10,5375,2025-01-24T12:05:02+00:00,1.0,22,True,True,True,True,True,1.0,1.0,1.0,1.0,,
10,5376,2025-01-24T13:00:06+00:00,1.0,22,True,True,True,True,True,1.0,1.0,1.0,1.0,,
10,5377,2025-01-24T13:55:03+00:00,1.0,13,False,False,True,True,True,0.551,0.701,0.774,0.774,,
10,5378,2025-01-24T14:50:05+00:00,1.0,2,True,True,True,True,True,1.0,1.0,1.0,1.0,,
10,5379,2025-01-25T02:45:03+00:00,20.0,0,False,False,False,False,False,0.0,0.0,0.0,0.0,,
10,5380,2025-01-26T13:35:03+00:00,20.0,0,False,False,False,False,False,0.0,0.0,0.0,0.0,,
10,5381,2025-01-26T16:20:05+00:00,1.0,6,False,False,False,False,False,0.0,0.0,0.0,0.0,,
10,5382,2025-01-26T17:15:02+00:00,1.0,17,False,False,False,False,False,0.0,0.0,0.0,0.0,,
10,5383,2025-01-26T18:10:07+00:00,1.0,22,False,False,False,False,False,0.0,0.0,0.0,0.0,,
10,5384,2025-01-26T19:05:02+00:00,1.0,21,False,False,False,False,False,0.0,0.0,0.0,0.0,,
10,5385,2025-01-26T20:00:05+00:00,1.0,10,False,False,False,False,False,0.0,0.0,0.0,0.0,,
10,5386,2025-01-27T14:20:05+00:00,1.0,1,False,False,False,False,False,0.0,0.0,0.0,0.0,,
10,5387,2025-01-27T15:15:02+00:00,1.0,8,False,False,False,False,False,0.0,0.0,0.0,0.0,,
10,5388,2025-01-27T16:10:07+00:00,1.0,7,False,False,False,False,False,0.0,0.0,0.0,0.0,,
10,5389,2025-01-27T17:05:03+00:00,1.0,10,False,False,False,False,False,0.0,0.0,0.0,0.0,,
10,5390,2025-01-27T18:00:05+00:00,1.0,10,False,False,False,False,False,0.0,0.0,0.0,0.0,,
10,5391,2025-01-28T02:15:03+00:00,20.0,0,False,False,False,False,False,0.0,0.0,0.0,0.0,,
10,5392,2025-01-28T05:55:03+00:00,1.0,2,False,False,False,False,False,0.0,0.0,0.0,0.0,,
10,5393,2025-01-28T06:50:05+00:00,1.0,13,False,False,False,False,False,0.0,0.0,0.0,0.0,,
10,5394,2025-01-28T07:45:03+00:00,1.0,22,False,False,False,False,False,0.0,0.0,0.0,0.0,,
10,5395,2025-01-28T08:40:05+00:00,1.0,22,False,False,False,False,False,0.0,0.0,0.0,0.0,,
10,5396,2025-01-28T09:35:02+00:00,1.0,22,False,False,False,False,False,0.0,0.0,0.0,0.0,,
10,5397,2025-01-28T10:30:05+00:00,1.0,22,False,False,False,False,False,0.0,0.239,0.285,0.286,,
10,5398,2025-01-28T11:25:02+00:00,1.0,22,False,False,False,False,False,0.0,0.0,0.034,0.187,,
10,5399,2025-01-28T12:20:06+00:00,1.0,22,False,False,False,True,False,0.0,0.0,0.004,0.004,,
10,5400,2025-01-28T13:15:03+00:00,1.0,22,True,True,True,True,True,1.0,1.0,1.0,1.0,,
10,5401,2025-01-28T14:10:07+00:00,1.0,22,True,True,True,True,True,1.0,1.0,1.0,1.0,,
10,5402,2025-01-28T15:05:02+00:00,1.0,22,False,True,True,True,False,0.0,0.001,0.692,0.921,,
10,5403,2025-01-28T16:00:05+00:00,1.0,22,True,True,True,True,True,1.0,1.0,1.0,1.0,,
10,5404,2025-01-28T16:55:03+00:00,1.0,22,True,True,True,True,True,0.0,0.112,0.608,0.805,,
10,5405,2025-01-28T17:50:05+00:00,1.0,22,True,True,True,True,True,1.0,1.0,1.0,1.0,,
10,5406,2025-01-28T18:45:03+00:00,1.0,22,True,True,True,True,True,1.0,1.0,1.0,1.0,,
10,5407,2025-01-28T19:40:05+00:00,1.0,22,True,True,True,True,True,0.0,0.003,0.702,0.729,,
10,5408,2025-01-28T20:35:03+00:00,1.0,22,True,True,True,True,True,1.0,1.0,1.0,1.0,,
10,5409,2025-01-28T21:30:05+00:00,1.0,22,True,True,True,True,True,1.0,1.0,1.0,1.0,,
10,5410,2025-01-28T22:25:02+00:00,1.0,22,False,False,False,False,False,0.0,0.0,0.0,0.058,,
10,5411,2025-01-28T23:20:05+00:00,1.0,22,False,False,False,False,False,0.0,0.0,0.103,0.39,,
10,5412,2025-01-29T00:15:03+00:00,1.0,22,False,False,False,False,False,0.0,0.0,0.0,0.0,,
10,5413,2025-01-29T01:10:05+00:00,1.0,22,False,False,False,False,False,0.0,0.0,0.0,0.046,,
10,5414,2025-01-29T02:05:02+00:00,1.0,22,False,False,False,False,False,0.0,0.0,0.0,0.0,,
10,5415,2025-01-29T03:00:05+00:00,1.0,22,False,False,False,False,False,0.0,0.006,0.018,0.018,,
10,5416,2025-01-29T03:55:03+00:00,1.0,14,False,False,False,False,False,0.0,0.0,0.0,0.0,,
10,5417,2025-01-29T04:50:05+00:00,1.0,10,False,False,False,False,False,0.0,0.0,0.001,0.001,,
10,5418,2025-01-29T05:45:02+00:00,1.0,12,False,False,False,False,False,0.0,0.0,0.0,0.0,,
10,5419,2025-01-29T06:40:05+00:00,1.0,16,False,False,False,False,False,0.0,0.0,0.0,0.0,,
10,5420,2025-01-29T07:35:02+00:00,1.0,12,False,False,False,False,False,0.0,0.0,0.0,0.0,,
10,5421,2025-01-29T08:30:05+00:00,1.0,1,False,False,False,False,False,0.0,0.0,0.0,0.0,,
10,5422,2025-01-29T09:25:02+00:00,1.0,6,False,False,False,False,False,0.0,0.0,0.0,0.0,,
10,5423,2025-01-29T10:20:05+00:00,1.0,17,False,False,False,False,False,0.0,0.0,0.0,0.0,,
10,5424,2025-01-29T11:15:03+00:00,1.0,22,False,False,False,False,False,0.0,0.0,0.217,0.258,,
10,5425,2025-01-29T12:10:07+00:00,1.0,22,False,False,False,False,False,0.0,0.0,0.016,0.016,,
10,5426,2025-01-29T13:05:02+00:00,1.0,22,False,False,False,False,False,0.0,0.0,0.002,0.002,,
10,5427,2025-01-29T14:00:05+00:00,1.0,22,False,False,False,False,False,0.0,0.0,0.0,0.026,,
10,5428,2025-01-29T14:55:03+00:00,1.0,22,False,False,False,False,True,0.0,0.153,0.737,0.876,,
10,5429,2025-01-29T15:50:05+00:00,1.0,22,False,False,False,True,False,0.0,0.0,0.111,0.302,,
10,5430,2025-01-29T16:45:03+00:00,1.0,22,True,True,True,True,True,1.0,1.0,1.0,1.0,,
10,5431,2025-01-29T17:40:05+00:00,1.0,22,True,True,True,True,True,1.0,1.0,1.0,1.0,,
10,5432,2025-01-29T18:35:03+00:00,1.0,22,True,True,True,True,True,1.0,1.0,1.0,1.0,,
10,5433,2025-01-29T19:30:05+00:00,1.0,22,True,True,True,True,True,1.0,1.0,1.0,1.0,,
10,5434,2025-01-29T20:25:03+00:00,1.0,22,True,True,True,True,True,1.0,1.0,1.0,1.0,,
10,5435,2025-01-29T21:20:05+00:00,1.0,22,False,True,True,True,True,1.0,1.0,1.0,1.0,,
10,5436,2025-01-29T22:15:02+00:00,1.0,22,True,True,True,True,True,1.0,1.0,1.0,1.0,,
10,5437,2025-01-29T23:10:05+00:00,1.0,22,True,True,True,True,True,1.0,1.0,1.0,1.0,,
10,5438,2025-01-30T00:05:03+00:00,1.0,22,False,True,True,True,True,0.112,0.839,0.906,0.972,,
10,5439,2025-01-30T01:00:05+00:00,1.0,22,True,True,True,True,True,1.0,1.0,1.0,1.0,,
10,5440,2025-01-30T01:55:03+00:00,1.0,22,True,True,True,True,False,0.0,0.0,0.0,0.207,,
10,5441,2025-01-30T02:50:05+00:00,1.0,22,True,True,True,True,False,0.058,0.183,0.183,0.183,,
10,5442,2025-01-30T03:45:03+00:00,1.0,22,False,False,False,False,False,0.036,0.227,0.227,0.227,,
10,5443,2025-01-30T04:40:05+00:00,1.0,22,False,False,False,False,False,0.0,0.0,0.008,0.046,,
10,5444,2025-01-30T05:35:02+00:00,1.0,22,False,False,False,False,False,0.0,0.0,0.0,0.0,,
10,5445,2025-01-30T06:30:05+00:00,1.0,22,False,False,False,False,False,0.0,0.0,0.0,0.0,,
10,5446,2025-01-30T07:25:02+00:00,1.0,22,False,False,False,False,False,0.0,0.0,0.0,0.0,,
10,5447,2025-01-30T08:20:04+00:00,1.0,16,False,False,False,False,False,0.0,0.0,0.0,0.0,,
10,5448,2025-01-30T09:15:03+00:00,1.0,5,False,False,False,False,False,0.0,0.0,0.0,0.0,,
10,5449,2025-01-30T12:00:05+00:00,20.0,0,False,False,False,False,False,0.0,0.0,0.0,0.0,,
10,5450,2025-01-30T14:45:03+00:00,1.0,5,False,False,False,False,False,0.0,0.0,0.0,0.0,,
10,5451,2025-01-30T15:40:05+00:00,1.0,16,False,False,False,False,False,0.0,0.0,0.0,0.0,,
10,5452,2025-01-30T16:35:02+00:00,1.0,22,False,False,False,False,False,0.0,0.0,0.0,0.0,,
10,5453,2025-01-30T17:30:05+00:00,1.0,13,False,False,False,False,False,0.0,0.0,0.0,0.0,,
10,5454,2025-01-30T18:25:02+00:00,1.0,2,False,False,False,False,False,0.0,0.0,0.0,0.0,,
10,5455,2025-01-30T20:15:03+00:00,1.0,10,False,False,False,True,False,0.0,0.0,0.0,0.0,,
10,5456,2025-01-30T21:10:05+00:00,1.0,14,False,False,False,False,False,0.0,0.0,0.0,0.0,,
10,5457,2025-01-30T22:05:02+00:00,1.0,15,False,False,False,True,False,0.0,0.0,0.0,0.0,,
10,5458,2025-01-30T23:00:05+00:00,1.0,22,True,True,True,True,True,1.0,1.0,1.0,1.0,,
10,5459,2025-01-30T23:55:02+00:00,1.0,22,True,True,True,True,True,1.0,1.0,1.0,1.0,,
10,5460,2025-01-31T00:50:05+00:00,1.0,22,True,True,True,True,False,0.069,0.098,0.098,0.129,,
10,5461,2025-01-31T01:45:02+00:00,1.0,21,False,False,False,False,False,0.0,0.0,0.0,0.0,,
10,5462,2025-01-31T02:40:05+00:00,1.0,21,False,False,False,False,False,0.0,0.0,0.0,0.0,,
10,5463,2025-01-31T03:35:03+00:00,1.0,14,False,False,False,False,False,0.0,0.0,0.0,0.0,,
10,5464,2025-01-31T04:30:05+00:00,1.0,3,False,False,False,False,False,0.0,0.0,0.0,0.0,,
10,5465,2025-02-01T13:30:05+00:00,20.0,0,False,False,False,False,False,0.0,0.0,0.0,0.0,,
10,5466,2025-02-02T06:00:05+00:00,1.0,6,False,False,False,False,False,0.0,0.0,0.0,0.0,,
10,5467,2025-02-02T06:55:03+00:00,1.0,17,False,False,False,False,False,0.0,0.0,0.0,0.091,,
10,5468,2025-02-02T07:50:05+00:00,1.0,22,False,False,False,False,False,0.0,0.0,0.0,0.043,,
10,5469,2025-02-02T08:45:03+00:00,1.0,22,False,False,False,True,False,0.0,0.007,0.516,0.517,,
10,5470,2025-02-02T09:40:05+00:00,1.0,22,True,True,True,True,False,0.0,0.0,0.0,0.0,,
10,5471,2025-02-02T10:35:02+00:00,1.0,22,True,True,True,True,True,1.0,1.0,1.0,1.0,,
10,5472,2025-02-02T11:30:05+00:00,1.0,22,False,False,False,False,False,0.0,0.0,0.0,0.122,,
10,5473,2025-02-02T12:25:03+00:00,1.0,22,False,False,True,True,False,0.0,0.0,0.0,0.0,,
10,5474,2025-02-02T13:20:05+00:00,1.0,22,False,False,False,False,False,0.0,0.0,0.0,0.008,,
10,5475,2025-02-02T14:15:03+00:00,1.0,22,False,False,False,True,False,0.0,0.0,0.0,0.0,,
10,5476,2025-02-02T15:10:05+00:00,1.0,22,True,False,False,False,True,1.0,1.0,1.0,1.0,,
10,5477,2025-02-02T16:05:02+00:00,1.0,22,False,False,False,False,False,0.0,0.0,0.019,0.019,,
10,5478,2025-02-02T17:00:05+00:00,1.0,22,False,False,False,False,False,0.0,0.0,0.0,0.0,,
10,5479,2025-02-02T17:55:02+00:00,1.0,22,False,False,False,False,False,0.0,0.0,0.0,0.207,,
10,5480,2025-02-02T18:50:05+00:00,1.0,22,False,False,False,False,False,0.0,0.0,0.0,0.0,,
10,5481,2025-02-02T19:45:02+00:00,1.0,22,False,False,False,False,False,0.0,0.0,0.0,0.0,,
10,5482,2025-02-02T20:40:05+00:00,1.0,22,False,False,False,False,False,0.0,0.0,0.0,0.0,,
10,5483,2025-02-02T21:35:03+00:00,1.0,22,False,False,True,True,False,0.0,0.0,0.0,0.061,,
10,5484,2025-02-02T22:30:05+00:00,1.0,22,False,False,True,True,False,0.0,0.0,0.244,0.244,,
10,5485,2025-02-02T23:25:03+00:00,1.0,22,False,True,True,True,False,0.0,0.008,0.009,0.009,,
10,5486,2025-02-03T00:20:05+00:00,1.0,22,False,False,False,True,False,0.0,0.0,0.054,0.054,,
10,5487,2025-02-03T01:15:02+00:00,1.0,22,True,True,True,True,False,0.0,0.0,0.0,0.0,,
10,5488,2025-02-03T02:10:07+00:00,1.0,22,False,False,False,False,False,0.0,0.0,0.0,0.026,,
10,5489,2025-02-03T03:05:03+00:00,1.0,22,False,False,False,False,False,0.0,0.0,0.0,0.0,,
10,5490,2025-02-03T04:00:05+00:00,1.0,22,False,False,False,True,False,0.0,0.0,0.008,0.008,,
10,5491,2025-02-03T04:55:03+00:00,1.0,22,True,False,False,False,False,0.0,0.0,0.244,0.244,,
10,5492,2025-02-03T05:50:05+00:00,1.0,22,False,False,False,False,False,0.0,0.0,0.153,0.344,,
10,5493,2025-02-03T06:45:03+00:00,1.0,22,False,False,False,False,False,0.0,0.0,0.0,0.0,,
10,5494,2025-02-03T07:40:05+00:00,1.0,22,False,False,False,False,False,0.0,0.013,0.042,0.122,,
10,5495,2025-02-03T08:35:03+00:00,1.0,22,False,False,False,False,False,0.0,0.0,0.0,0.001,,
10,5496,2025-02-03T09:30:05+00:00,1.0,22,False,False,False,False,False,0.0,0.0,0.0,0.0,,
10,5497,2025-02-03T10:25:02+00:00,1.0,22,False,False,False,False,False,0.0,0.0,0.054,0.054,,
10,5498,2025-02-03T11:20:05+00:00,1.0,22,False,False,False,False,False,0.0,0.0,0.0,0.0,,
10,5499,2025-02-03T12:15:02+00:00,1.0,22,False,False,False,False,False,0.0,0.0,0.0,0.0,,
11,5500,2025-02-03T13:10:05+00:00,1.0,16,False,False,False,False,False,0.0,0.0,0.02,0.207,,
11,5501,2025-02-03T14:05:03+00:00,1.0,5,False,False,False,False,False,0.0,0.0,0.0,0.0,,
11,5502,2025-02-03T21:25:03+00:00,20.0,0,False,False,False,False,False,0.0,0.0,0.0,0.0,,
11,5503,2025-02-04T21:15:03+00:00,20.0,0,False,False,False,False,False,0.0,0.0,0.0,0.0,,
11,5504,2025-02-04T23:05:02+00:00,20.0,0,False,False,False,False,False,0.0,0.0,0.0,0.0,,
11,5505,2025-02-07T04:15:02+00:00,20.0,0,False,False,False,False,False,0.0,0.0,0.0,0.0,,
11,5506,2025-02-07T12:30:05+00:00,1.0,1,False,False,False,False,False,0.0,0.0,0.0,0.0,,
11,5507,2025-02-07T13:25:03+00:00,1.0,10,False,False,False,False,False,0.0,0.0,0.0,0.0,,
11,5508,2025-02-07T14:20:05+00:00,1.0,11,False,False,False,False,False,0.0,0.0,0.0,0.0,,
11,5509,2025-02-07T15:15:03+00:00,1.0,2,False,False,False,False,False,0.0,0.0,0.0,0.003,,
11,5510,2025-02-07T17:05:02+00:00,1.0,4,False,False,False,False,False,0.0,0.0,0.0,0.0,,
11,5511,2025-02-07T18:00:05+00:00,1.0,15,False,False,False,False,False,0.0,0.0,0.0,0.0,,
11,5512,2025-02-07T18:55:03+00:00,1.0,22,False,False,False,False,False,0.0,0.0,0.0,0.0,,
11,5513,2025-02-07T19:50:05+00:00,1.0,22,False,False,False,False,False,0.0,0.0,0.0,0.0,,
11,5514,2025-02-07T20:45:03+00:00,1.0,22,False,False,False,False,False,0.0,0.0,0.0,0.091,,
11,5515,2025-02-07T21:40:05+00:00,1.0,22,False,False,False,False,False,0.0,0.0,0.0,0.0,,
11,5516,2025-02-07T22:35:02+00:00,1.0,22,False,False,False,False,False,0.0,0.0,0.0,0.0,,
11,5517,2025-02-07T23:30:05+00:00,1.0,22,False,False,False,False,False,0.0,0.0,0.0,0.0,,
11,5518,2025-02-08T00:25:02+00:00,1.0,22,False,False,False,False,False,0.0,0.0,0.0,0.0,,
11,5519,2025-02-08T01:20:05+00:00,1.0,22,False,False,False,False,False,0.0,0.0,0.0,0.0,,
11,5520,2025-02-08T02:15:03+00:00,1.0,22,False,False,False,False,False,0.0,0.0,0.0,0.0,,
11,5521,2025-02-08T03:10:05+00:00,1.0,22,False,False,False,False,False,0.0,0.0,0.0,0.0,,
11,5522,2025-02-08T04:05:02+00:00,1.0,20,False,False,False,False,False,0.0,0.0,0.0,0.0,,
11,5523,2025-02-08T05:00:05+00:00,1.0,12,False,False,False,False,False,0.0,0.0,0.0,0.0,,
11,5524,2025-02-08T05:55:02+00:00,1.0,3,False,False,False,False,False,0.0,0.0,0.0,0.0,,
11,5525,2025-02-08T16:00:05+00:00,20.0,0,False,False,False,False,False,0.0,0.0,0.0,0.0,,
11,5526,2025-02-08T23:20:05+00:00,20.0,0,False,False,False,False,False,0.0,0.0,0.0,0.0,,
11,5527,2025-02-09T02:05:02+00:00,20.0,0,False,False,False,False,False,0.0,0.0,0.0,0.0,,
11,5528,2025-02-09T18:35:03+00:00,20.0,0,False,False,False,False,False,0.0,0.0,0.0,0.0,,
11,5529,2025-02-10T17:30:05+00:00,1.0,2,False,False,False,False,False,0.0,0.0,0.0,0.0,,
11,5530,2025-02-10T18:25:02+00:00,1.0,13,False,False,False,False,False,0.0,0.0,0.0,0.0,,
11,5531,2025-02-10T19:20:05+00:00,1.0,22,False,False,False,False,False,0.0,0.0,0.0,0.0,,
11,5532,2025-02-10T20:15:03+00:00,1.0,22,False,False,False,False,False,0.0,0.0,0.0,0.0,,
11,5533,2025-02-10T21:10:05+00:00,1.0,22,False,False,False,False,False,0.0,0.0,0.0,0.0,,
11,5534,2025-02-10T22:05:03+00:00,1.0,22,False,False,False,False,False,0.0,0.0,0.0,0.0,,
11,5535,2025-02-10T23:00:05+00:00,1.0,22,False,False,False,False,False,0.0,0.0,0.001,0.001,,
11,5536,2025-02-10T23:55:03+00:00,1.0,22,False,False,False,False,False,0.0,0.0,0.0,0.001,,
11,5537,2025-02-11T00:50:05+00:00,1.0,22,False,False,False,True,False,0.0,0.0,0.0,0.096,,
11,5538,2025-02-11T01:45:03+00:00,1.0,22,False,True,True,True,True,1.0,1.0,1.0,1.0,,
11,5539,2025-02-11T02:40:05+00:00,1.0,22,False,False,False,False,False,0.0,0.0,0.008,0.008,,
11,5540,2025-02-11T03:35:02+00:00,1.0,22,False,False,False,False,False,0.0,0.0,0.01,0.012,,
11,5541,2025-02-11T04:30:05+00:00,1.0,22,False,False,False,True,False,0.0,0.0,0.01,0.163,,
11,5542,2025-02-11T05:25:03+00:00,1.0,22,False,True,True,True,True,1.0,1.0,1.0,1.0,,
11,5543,2025-02-11T06:20:05+00:00,1.0,22,True,True,True,True,True,1.0,1.0,1.0,1.0,,
11,5544,2025-02-11T07:15:02+00:00,1.0,22,False,False,False,False,False,0.0,0.0,0.0,0.0,,
11,5545,2025-02-11T08:10:08+00:00,1.0,22,False,False,False,False,False,0.0,0.0,0.0,0.0,,
11,5546,2025-02-11T12:00:05+00:00,1.0,22,False,False,False,False,False,0.0,0.0,0.0,0.0,,
11,5547,2025-02-11T12:55:02+00:00,1.0,22,False,False,False,False,False,0.0,0.0,0.0,0.0,,
11,5548,2025-02-11T13:50:05+00:00,1.0,22,False,False,False,False,False,0.0,0.0,0.0,0.0,,
11,5549,2025-02-11T14:45:03+00:00,1.0,11,False,False,False,False,False,0.0,0.0,0.0,0.0,,
11,5550,2025-02-11T16:35:02+00:00,20.0,0,False,False,False,False,False,0.0,0.0,0.0,0.0,,
11,5551,2025-02-11T23:00:05+00:00,1.0,2,False,False,False,False,False,0.0,0.0,0.0,0.0,,
11,5552,2025-02-11T23:55:02+00:00,1.0,13,False,False,False,False,False,0.0,0.0,0.0,0.0,,
11,5553,2025-02-12T00:50:05+00:00,1.0,22,False,False,False,False,False,0.0,0.0,0.0,0.0,,
11,5554,2025-02-12T01:45:03+00:00,1.0,22,False,False,False,False,False,0.0,0.0,0.0,0.045,,
11,5555,2025-02-12T02:40:05+00:00,1.0,22,False,False,False,False,False,0.0,0.0,0.0,0.0,,
11,5556,2025-02-12T03:35:03+00:00,1.0,22,False,False,False,False,False,0.0,0.0,0.0,0.0,,
11,5557,2025-02-12T04:30:05+00:00,1.0,22,False,False,False,False,False,0.0,0.0,0.153,0.154,,
11,5558,2025-02-12T05:25:03+00:00,1.0,22,False,False,False,False,False,0.0,0.0,0.0,0.0,,
11,5559,2025-02-12T06:20:05+00:00,1.0,22,False,False,False,False,False,0.0,0.0,0.0,0.0,,
11,5560,2025-02-12T07:15:02+00:00,1.0,22,False,False,False,False,False,0.0,0.0,0.0,0.0,,
11,5561,2025-02-12T08:10:07+00:00,1.0,22,False,False,False,False,False,0.0,0.0,0.0,0.0,,
11,5562,2025-02-12T09:05:02+00:00,1.0,22,False,False,False,False,False,0.0,0.0,0.0,0.0,,
11,5563,2025-02-12T10:00:05+00:00,1.0,22,False,False,False,False,False,0.0,0.0,0.0,0.0,,
11,5564,2025-02-12T10:55:03+00:00,1.0,22,False,False,False,False,False,0.0,0.0,0.0,0.0,,
11,5565,2025-02-12T11:50:05+00:00,1.0,22,False,False,False,False,False,0.0,0.0,0.0,0.0,,
11,5566,2025-02-12T12:45:02+00:00,1.0,22,False,False,False,False,False,0.0,0.0,0.0,0.0,,
11,5567,2025-02-12T13:40:05+00:00,1.0,22,False,False,False,False,False,0.0,0.0,0.0,0.0,,
11,5568,2025-02-12T14:35:03+00:00,1.0,22,False,False,False,False,False,0.0,0.0,0.0,0.0,,
11,5569,2025-02-12T15:30:05+00:00,1.0,22,False,False,False,False,False,0.0,0.0,0.0,0.0,,
11,5570,2025-02-12T16:25:02+00:00,1.0,22,False,False,False,False,False,0.0,0.046,0.089,0.285,,
11,5571,2025-02-12T17:20:05+00:00,1.0,22,False,False,False,False,False,0.0,0.0,0.0,0.007,,
11,5572,2025-02-12T18:15:03+00:00,1.0,22,False,False,True,True,False,0.0,0.0,0.013,0.059,,
11,5573,2025-02-12T19:10:05+00:00,1.0,22,False,False,False,False,False,0.0,0.0,0.0,0.0,,
11,5574,2025-02-12T20:05:03+00:00,1.0,22,False,False,True,True,False,0.0,0.0,0.0,0.07,,
11,5575,2025-02-12T21:00:05+00:00,1.0,22,True,True,True,True,True,1.0,1.0,1.0,1.0,,
11,5576,2025-02-12T21:55:02+00:00,1.0,22,True,True,True,True,True,1.0,1.0,1.0,1.0,,
11,5577,2025-02-12T22:50:05+00:00,1.0,22,True,True,True,True,True,1.0,1.0,1.0,1.0,,
11,5578,2025-02-12T23:45:02+00:00,1.0,22,False,True,True,True,False,0.0,0.0,0.0,0.054,,
11,5579,2025-02-13T00:40:05+00:00,1.0,22,True,True,True,True,True,1.0,1.0,1.0,1.0,,
11,5580,2025-02-13T01:35:02+00:00,1.0,22,True,True,True,True,True,1.0,1.0,1.0,1.0,,
11,5581,2025-02-13T02:30:05+00:00,1.0,22,True,True,True,True,True,1.0,1.0,1.0,1.0,,
11,5582,2025-02-13T03:25:03+00:00,1.0,22,True,True,True,True,True,0.0,0.0,0.377,0.762,,
11,5583,2025-02-13T04:20:05+00:00,1.0,22,True,True,True,True,True,1.0,1.0,1.0,1.0,,
11,5584,2025-02-13T05:15:03+00:00,1.0,22,True,True,True,True,False,0.0,0.0,0.0,0.02,,
11,5585,2025-02-13T06:10:07+00:00,1.0,22,False,True,True,True,True,0.521,0.971,0.972,0.973,,
11,5586,2025-02-13T07:05:02+00:00,1.0,22,True,True,True,True,False,0.0,0.0,0.05,0.059,,
11,5587,2025-02-13T08:00:05+00:00,1.0,22,False,False,True,True,False,0.0,0.0,0.0,0.034,,
11,5588,2025-02-13T08:55:02+00:00,1.0,22,False,True,True,True,False,0.0,0.0,0.0,0.0,,
11,5589,2025-02-13T09:50:05+00:00,1.0,22,False,False,False,True,False,0.0,0.0,0.0,0.0,,
11,5590,2025-02-13T10:45:03+00:00,1.0,22,True,True,True,True,True,1.0,1.0,1.0,1.0,,
11,5591,2025-02-13T11:40:05+00:00,1.0,22,False,False,False,True,False,0.0,0.0,0.054,0.054,,
11,5592,2025-02-13T14:00:05+00:00,1.0,22,False,False,True,True,False,0.0,0.0,0.0,0.261,,
11,5593,2025-02-13T14:55:02+00:00,1.0,22,True,True,True,True,True,1.0,1.0,1.0,1.0,,
11,5594,2025-02-13T15:50:05+00:00,1.0,22,False,False,False,True,False,0.0,0.0,0.0,0.02,,
11,5595,2025-02-13T16:45:03+00:00,1.0,22,True,True,True,True,True,1.0,1.0,1.0,1.0,,
11,5596,2025-02-13T17:40:05+00:00,1.0,22,True,True,True,True,True,1.0,1.0,1.0,1.0,,
11,5597,2025-02-13T18:35:03+00:00,1.0,22,False,True,True,True,True,0.731,0.946,0.946,0.946,,
11,5598,2025-02-13T19:30:05+00:00,1.0,22,True,True,True,True,True,1.0,1.0,1.0,1.0,,
11,5599,2025-02-13T20:25:03+00:00,1.0,22,True,True,True,True,True,1.0,1.0,1.0,1.0,,
11,5600,2025-02-13T21:20:05+00:00,1.0,22,True,True,True,True,True,0.02,0.299,0.299,0.299,,
11,5601,2025-02-13T22:15:03+00:00,1.0,22,False,True,True,True,True,1.0,1.0,1.0,1.0,,
11,5602,2025-02-13T23:10:05+00:00,1.0,22,True,True,True,True,True,1.0,1.0,1.0,1.0,,
11,5603,2025-02-14T00:05:02+00:00,1.0,22,True,False,True,True,True,1.0,1.0,1.0,1.0,,
11,5604,2025-02-14T01:00:05+00:00,1.0,22,True,True,True,True,True,0.205,0.293,0.439,0.439,,
11,5605,2025-02-14T01:55:03+00:00,1.0,22,True,True,True,True,False,0.0,0.0,0.0,0.0,,
11,5606,2025-02-14T02:50:05+00:00,1.0,22,True,True,True,True,True,1.0,1.0,1.0,1.0,,
11,5607,2025-02-14T03:45:03+00:00,1.0,22,True,True,True,True,True,1.0,1.0,1.0,1.0,,
11,5608,2025-02-14T04:40:05+00:00,1.0,22,True,True,True,True,True,1.0,1.0,1.0,1.0,,
11,5609,2025-02-14T05:35:03+00:00,1.0,22,True,True,True,True,False,0.0,0.0,0.0,0.034,,
11,5610,2025-02-14T06:30:05+00:00,1.0,22,False,False,True,True,False,0.0,0.0,0.403,0.403,,
11,5611,2025-02-14T07:25:02+00:00,1.0,22,True,True,True,True,True,0.0,0.098,0.321,0.373,,
11,5612,2025-02-14T08:20:05+00:00,1.0,22,True,True,True,True,True,1.0,1.0,1.0,1.0,,
11,5613,2025-02-14T09:15:03+00:00,1.0,22,True,True,True,True,True,1.0,1.0,1.0,1.0,,
11,5614,2025-02-14T10:10:07+00:00,1.0,22,True,True,True,True,False,0.027,0.027,0.027,0.027,,
11,5615,2025-02-14T11:05:03+00:00,1.0,22,False,True,True,True,False,0.0,0.0,0.0,0.0,,
11,5616,2025-02-14T12:00:05+00:00,1.0,22,True,True,True,True,False,0.0,0.0,0.0,0.0,,
11,5617,2025-02-14T12:55:02+00:00,1.0,22,True,True,True,True,True,1.0,1.0,1.0,1.0,,
11,5618,2025-02-14T13:50:05+00:00,1.0,22,False,False,False,False,False,0.0,0.0,0.046,0.046,,
11,5619,2025-02-14T14:45:02+00:00,1.0,22,False,False,False,False,True,0.0,0.071,0.482,0.509,,
11,5620,2025-02-14T15:40:05+00:00,1.0,22,False,False,False,False,True,1.0,1.0,1.0,1.0,,
11,5621,2025-02-14T16:35:02+00:00,1.0,22,False,False,False,False,True,0.0,0.564,0.714,0.714,,
11,5622,2025-02-21T00:15:03+00:00,20.0,0,False,False,False,False,False,0.0,0.0,0.0,0.0,,
11,5623,2025-02-21T12:10:07+00:00,20.0,0,False,False,False,False,False,0.0,0.0,0.0,0.0,,
11,5624,2025-02-22T12:55:03+00:00,20.0,0,False,False,False,False,False,0.0,0.0,0.0,0.0,,
11,5625,2025-02-22T21:00:05+00:00,20.0,0,False,False,False,False,False,0.0,0.0,0.0,0.0,,
11,5626,2025-02-23T12:35:03+00:00,20.0,0,False,False,False,False,False,0.0,0.0,0.0,0.0,,
11,5627,2025-02-24T03:15:02+00:00,1.0,11,False,False,False,False,False,0.0,0.0,0.0,0.0,,
11,5628,2025-02-24T04:10:07+00:00,1.0,22,False,False,False,False,False,0.0,0.0,0.0,0.0,,
11,5629,2025-02-24T05:05:02+00:00,1.0,22,False,False,False,False,False,0.0,0.0,0.0,0.0,,
11,5630,2025-02-24T06:00:05+00:00,1.0,22,False,False,False,False,False,0.0,0.0,0.0,0.0,,
11,5631,2025-02-24T06:55:02+00:00,1.0,22,False,False,False,False,False,0.0,0.0,0.003,0.351,,
11,5632,2025-02-24T07:50:05+00:00,1.0,22,False,False,False,False,False,0.0,0.0,0.0,0.278,,
11,5633,2025-02-24T08:45:03+00:00,1.0,22,False,False,False,False,False,0.0,0.0,0.0,0.0,,
11,5634,2025-02-24T09:40:05+00:00,1.0,22,False,False,False,False,False,0.0,0.0,0.0,0.0,,
11,5635,2025-02-24T10:35:02+00:00,1.0,22,False,False,False,False,False,0.0,0.0,0.0,0.01,,
11,5636,2025-02-24T11:30:05+00:00,1.0,22,False,False,False,False,False,0.0,0.0,0.206,0.714,,
11,5637,2025-02-24T12:25:03+00:00,1.0,22,False,False,False,False,False,0.0,0.0,0.032,0.055,,
11,5638,2025-02-24T13:20:05+00:00,1.0,22,False,False,False,False,False,0.0,0.0,0.161,0.755,,
11,5639,2025-02-24T14:15:03+00:00,1.0,22,False,False,False,False,True,0.107,0.702,0.719,0.808,,
11,5640,2025-02-24T15:10:04+00:00,1.0,22,False,False,False,False,False,0.0,0.0,0.16,0.41,,
11,5641,2025-02-24T16:05:02+00:00,1.0,22,False,False,False,True,False,0.0,0.02,0.341,0.346,,
11,5642,2025-02-24T17:00:05+00:00,1.0,22,False,False,False,False,False,0.0,0.0,0.244,0.245,,
11,5643,2025-02-24T17:55:03+00:00,1.0,22,False,False,False,False,False,0.0,0.0,0.0,0.0,,
11,5644,2025-02-24T18:50:05+00:00,1.0,22,False,False,False,False,False,0.0,0.0,0.0,0.0,,
11,5645,2025-02-24T19:45:02+00:00,1.0,22,False,False,False,False,False,0.0,0.0,0.0,0.046,,
11,5646,2025-02-24T20:40:05+00:00,1.0,22,False,False,False,False,False,0.0,0.02,0.054,0.199,,
11,5647,2025-02-24T21:35:02+00:00,1.0,22,False,False,False,False,False,0.0,0.0,0.0,0.0,,
11,5648,2025-02-24T22:30:05+00:00,1.0,21,False,False,False,True,False,0.0,0.0,0.0,0.0,,
11,5649,2025-02-24T23:25:02+00:00,1.0,21,False,False,True,True,False,0.0,0.0,0.0,0.0,,
11,5650,2025-02-25T00:20:05+00:00,1.0,11,False,False,False,False,False,0.0,0.0,0.0,0.0,,
11,5651,2025-02-25T03:05:03+00:00,1.0,5,False,False,False,False,False,0.0,0.0,0.0,0.0,,
11,5652,2025-02-25T04:00:05+00:00,1.0,16,False,False,False,False,False,0.0,0.0,0.0,0.0,,
11,5653,2025-02-25T04:55:03+00:00,1.0,21,False,False,False,False,False,0.0,0.0,0.0,0.0,,
11,5654,2025-02-25T05:50:05+00:00,1.0,13,False,False,False,False,False,0.0,0.0,0.0,0.0,,
11,5655,2025-02-25T06:45:03+00:00,1.0,3,False,False,False,False,False,0.0,0.0,0.0,0.0,,
11,5656,2025-02-25T12:20:05+00:00,1.0,1,False,False,False,False,False,0.0,0.0,0.0,0.0,,
11,5657,2025-02-25T13:15:03+00:00,1.0,7,False,False,False,False,False,0.0,0.0,0.0,0.0,,
11,5658,2025-02-25T14:10:07+00:00,1.0,17,False,False,False,False,False,0.0,0.0,0.0,0.0,,
11,5659,2025-02-25T15:05:02+00:00,1.0,18,False,False,False,False,False,0.0,0.0,0.054,0.18,,
11,5660,2025-02-25T16:00:05+00:00,1.0,7,False,False,False,False,False,0.0,0.0,0.0,0.0,,
11,5661,2025-02-25T19:40:05+00:00,1.0,10,False,False,False,False,False,0.0,0.0,0.0,0.0,,
11,5662,2025-02-25T20:35:03+00:00,1.0,21,False,False,False,False,False,0.0,0.0,0.0,0.0,,
11,5663,2025-02-25T21:30:05+00:00,1.0,22,False,False,False,False,False,0.0,0.0,0.0,0.0,,
11,5664,2025-02-25T22:25:03+00:00,1.0,22,False,False,False,False,False,0.0,0.0,0.034,0.054,,
11,5665,2025-02-25T23:20:05+00:00,1.0,22,False,False,False,False,False,0.0,0.0,0.0,0.02,,
11,5666,2025-02-26T00:15:03+00:00,1.0,22,False,False,False,False,False,0.0,0.0,0.0,0.0,,
11,5667,2025-02-26T01:10:05+00:00,1.0,22,False,False,False,False,False,0.0,0.0,0.27,0.323,,
11,5668,2025-02-26T02:05:02+00:00,1.0,22,False,False,False,False,False,0.0,0.0,0.0,0.046,,
11,5669,2025-02-26T03:00:05+00:00,1.0,22,False,False,False,False,False,0.0,0.0,0.0,0.0,,
11,5670,2025-02-26T03:55:03+00:00,1.0,22,False,True,True,True,False,0.0,0.0,0.0,0.531,,
11,5671,2025-02-26T04:50:05+00:00,1.0,22,True,True,True,True,True,1.0,1.0,1.0,1.0,,
11,5672,2025-02-26T05:45:03+00:00,1.0,22,True,True,True,True,True,0.228,0.684,0.733,0.943,,
11,5673,2025-02-26T06:40:05+00:00,1.0,22,True,True,True,True,True,1.0,1.0,1.0,1.0,,
11,5674,2025-02-26T07:35:02+00:00,1.0,22,True,True,True,True,True,1.0,1.0,1.0,1.0,,
11,5675,2025-02-26T08:30:05+00:00,1.0,22,True,True,True,True,False,0.0,0.0,0.0,0.0,,
11,5676,2025-02-26T09:25:02+00:00,1.0,22,True,True,True,True,False,0.0,0.0,0.0,0.0,,
11,5677,2025-02-26T10:20:05+00:00,1.0,22,False,False,False,False,False,0.0,0.0,0.0,0.253,,
11,5678,2025-02-26T11:15:02+00:00,1.0,22,False,False,False,True,False,0.0,0.0,0.0,0.304,,
11,5679,2025-02-26T12:10:07+00:00,1.0,22,True,True,True,True,True,1.0,1.0,1.0,1.0,,
11,5680,2025-02-26T13:05:02+00:00,1.0,22,True,True,True,True,True,1.0,1.0,1.0,1.0,,
11,5681,2025-02-26T14:00:05+00:00,1.0,22,True,True,True,True,True,1.0,1.0,1.0,1.0,,
11,5682,2025-02-26T14:55:03+00:00,1.0,22,True,True,True,True,True,1.0,1.0,1.0,1.0,,
11,5683,2025-02-26T15:50:05+00:00,1.0,22,True,True,True,True,False,0.0,0.0,0.0,0.0,,
11,5684,2025-02-26T16:45:03+00:00,1.0,22,False,False,False,False,True,1.0,1.0,1.0,1.0,,
11,5685,2025-02-26T17:40:05+00:00,1.0,22,False,False,False,False,False,0.0,0.0,0.0,0.0,,
11,5686,2025-02-26T18:35:02+00:00,1.0,22,False,False,True,True,True,0.0,0.283,0.382,0.398,,
11,5687,2025-02-26T19:30:05+00:00,1.0,22,False,True,True,True,False,0.0,0.0,0.0,0.0,,
11,5688,2025-02-26T20:25:02+00:00,1.0,22,False,True,True,True,True,0.954,0.958,0.959,0.964,,
11,5689,2025-02-26T21:20:05+00:00,1.0,22,False,True,True,True,True,0.0,0.0,0.405,0.842,,
11,5690,2025-02-26T22:15:02+00:00,1.0,22,True,True,True,True,True,1.0,1.0,1.0,1.0,,
11,5691,2025-02-26T23:10:05+00:00,1.0,22,False,True,True,True,True,0.887,0.887,0.887,0.887,,
11,5692,2025-02-27T00:05:02+00:00,1.0,22,True,False,True,True,True,0.946,0.946,0.946,0.96,,
11,5693,2025-02-27T01:00:05+00:00,1.0,22,True,True,True,True,True,1.0,1.0,1.0,1.0,,
11,5694,2025-02-27T01:55:03+00:00,1.0,22,True,True,True,True,False,0.0,0.008,0.036,0.036,,
11,5695,2025-02-27T02:50:05+00:00,1.0,22,True,True,True,True,False,0.0,0.037,0.223,0.318,,
11,5696,2025-02-27T03:45:03+00:00,1.0,22,False,False,True,True,False,0.0,0.0,0.0,0.0,,
11,5697,2025-02-27T04:40:05+00:00,1.0,22,True,True,True,True,False,0.0,0.008,0.299,0.299,,
11,5698,2025-02-27T05:35:02+00:00,1.0,22,True,True,True,True,True,1.0,1.0,1.0,1.0,,
11,5699,2025-02-27T06:30:05+00:00,1.0,22,False,False,False,False,False,0.0,0.0,0.0,0.02,,
11,5700,2025-02-27T07:25:03+00:00,1.0,22,False,True,True,True,False,0.0,0.0,0.0,0.153,,
11,5701,2025-02-27T08:20:05+00:00,1.0,22,False,False,False,True,False,0.0,0.046,0.065,0.066,,
11,5702,2025-02-27T09:15:03+00:00,1.0,22,True,True,True,True,True,1.0,1.0,1.0,1.0,,
11,5703,2025-02-27T10:10:07+00:00,1.0,22,True,True,True,True,True,1.0,1.0,1.0,1.0,,
11,5704,2025-02-27T11:05:03+00:00,1.0,22,False,False,False,False,True,0.0,0.954,0.954,0.954,,
11,5705,2025-02-27T12:00:05+00:00,1.0,22,False,False,False,False,False,0.0,0.0,0.0,0.0,,
11,5706,2025-02-27T12:55:03+00:00,1.0,22,False,False,False,False,False,0.0,0.0,0.0,0.0,,
11,5707,2025-02-27T13:50:05+00:00,1.0,22,False,False,False,False,False,0.0,0.0,0.0,0.0,,
11,5708,2025-02-27T14:45:02+00:00,1.0,22,False,False,False,False,False,0.0,0.0,0.0,0.0,,
11,5709,2025-02-27T15:40:05+00:00,1.0,19,False,False,False,False,False,0.0,0.0,0.0,0.0,,
11,5710,2025-02-27T16:35:02+00:00,1.0,8,False,False,False,False,False,0.0,0.0,0.0,0.0,,
11,5711,2025-02-27T18:25:03+00:00,1.0,1,False,False,False,False,False,0.0,0.0,0.0,0.0,,
11,5712,2025-02-27T19:20:05+00:00,1.0,12,False,False,False,False,False,0.0,0.0,0.0,0.0,,
11,5713,2025-02-27T20:15:03+00:00,1.0,22,False,False,False,True,False,0.0,0.0,0.0,0.001,,
11,5714,2025-02-27T21:10:05+00:00,1.0,22,True,True,True,True,True,1.0,1.0,1.0,1.0,,
11,5715,2025-02-27T22:05:02+00:00,1.0,22,False,False,False,False,False,0.0,0.0,0.0,0.0,,
11,5716,2025-02-27T23:00:05+00:00,1.0,22,False,False,False,False,False,0.0,0.0,0.0,0.0,,
11,5717,2025-02-27T23:55:03+00:00,1.0,22,False,False,False,False,False,0.0,0.0,0.0,0.0,,
11,5718,2025-02-28T00:50:05+00:00,1.0,22,False,False,False,False,False,0.0,0.0,0.0,0.001,,
11,5719,2025-02-28T01:45:02+00:00,1.0,22,False,False,False,False,False,0.0,0.0,0.0,0.0,,
11,5720,2025-02-28T02:40:05+00:00,1.0,22,False,False,False,False,False,0.0,0.0,0.0,0.0,,
11,5721,2025-02-28T03:35:02+00:00,1.0,22,False,False,False,False,False,0.0,0.0,0.0,0.0,,
11,5722,2025-02-28T04:30:05+00:00,1.0,22,False,False,False,False,False,0.0,0.0,0.0,0.0,,
11,5723,2025-02-28T05:25:03+00:00,1.0,22,False,False,False,False,False,0.0,0.0,0.0,0.0,,
11,5724,2025-02-28T06:20:05+00:00,1.0,22,False,False,False,False,False,0.0,0.0,0.0,0.0,,
11,5725,2025-02-28T07:15:03+00:00,1.0,22,False,False,False,False,False,0.0,0.0,0.0,0.046,,
11,5726,2025-02-28T08:10:07+00:00,1.0,22,False,False,False,False,False,0.0,0.0,0.0,0.0,,
11,5727,2025-02-28T09:05:03+00:00,1.0,22,False,False,False,False,False,0.0,0.0,0.0,0.0,,
11,5728,2025-02-28T10:00:05+00:00,1.0,18,False,False,False,False,False,0.0,0.0,0.0,0.0,,
11,5729,2025-02-28T10:55:02+00:00,1.0,15,False,False,False,False,False,0.0,0.0,0.0,0.034,,
11,5730,2025-02-28T11:50:05+00:00,1.0,19,False,False,False,False,False,0.0,0.0,0.0,0.0,,
11,5731,2025-02-28T12:45:03+00:00,1.0,22,False,False,False,False,False,0.0,0.0,0.0,0.0,,
11,5732,2025-02-28T13:40:05+00:00,1.0,22,False,False,False,False,False,0.0,0.0,0.0,0.0,,
11,5733,2025-02-28T14:35:03+00:00,1.0,22,False,False,False,False,False,0.0,0.0,0.0,0.0,,
11,5734,2025-02-28T15:30:05+00:00,1.0,22,False,False,False,False,False,0.0,0.0,0.0,0.0,,
11,5735,2025-02-28T16:25:02+00:00,1.0,22,False,False,False,False,False,0.0,0.0,0.0,0.0,,
11,5736,2025-02-28T17:20:05+00:00,1.0,22,False,False,False,False,False,0.0,0.0,0.0,0.0,,
11,5737,2025-02-28T18:15:02+00:00,1.0,22,False,False,False,False,False,0.0,0.0,0.0,0.0,,
11,5738,2025-02-28T19:10:05+00:00,1.0,13,False,False,False,False,False,0.0,0.0,0.0,0.008,,
11,5739,2025-02-28T20:05:03+00:00,1.0,2,False,False,False,False,False,0.0,0.0,0.0,0.0,,
11,5740,2025-02-28T23:45:03+00:00,1.0,9,False,False,False,False,False,0.0,0.0,0.0,0.0,,
11,5741,2025-03-01T00:40:05+00:00,1.0,20,False,False,False,False,False,0.0,0.0,0.0,0.0,,
11,5742,2025-03-01T01:35:03+00:00,1.0,22,False,False,False,False,False,0.0,0.0,0.0,0.0,,
11,5743,2025-03-01T02:30:05+00:00,1.0,22,False,False,False,False,False,0.0,0.0,0.0,0.0,,
11,5744,2025-03-01T03:25:02+00:00,1.0,22,False,False,False,False,False,0.0,0.0,0.0,0.0,,
11,5745,2025-03-01T04:20:04+00:00,1.0,22,False,False,False,False,False,0.0,0.0,0.0,0.0,,
11,5746,2025-03-01T05:15:02+00:00,1.0,22,False,False,False,False,False,0.0,0.0,0.0,0.0,,
11,5747,2025-03-01T06:10:07+00:00,1.0,22,False,False,False,False,False,0.0,0.0,0.0,0.0,,
11,5748,2025-03-01T07:05:03+00:00,1.0,22,False,False,False,False,False,0.0,0.0,0.0,0.0,,
11,5749,2025-03-01T08:00:05+00:00,1.0,22,False,False,False,False,False,0.0,0.0,0.0,0.0,,
11,5750,2025-03-01T08:55:03+00:00,1.0,22,False,False,False,False,False,0.0,0.0,0.0,0.0,,
11,5751,2025-03-01T09:50:05+00:00,1.0,22,False,False,False,False,False,0.0,0.0,0.0,0.0,,
11,5752,2025-03-01T10:45:03+00:00,1.0,22,False,False,False,False,False,0.0,0.0,0.001,0.001,,
11,5753,2025-03-01T11:40:05+00:00,1.0,22,False,False,False,False,False,0.0,0.0,0.0,0.001,,
11,5754,2025-03-01T12:35:03+00:00,1.0,22,False,False,False,False,False,0.0,0.0,0.0,0.0,,
11,5755,2025-03-01T13:30:05+00:00,1.0,22,False,False,False,False,False,0.0,0.0,0.0,0.0,,
11,5756,2025-03-01T14:25:02+00:00,1.0,22,False,False,False,False,False,0.0,0.0,0.0,0.0,,
11,5757,2025-03-01T15:20:05+00:00,1.0,22,False,False,False,False,False,0.0,0.0,0.0,0.0,,
11,5758,2025-03-01T16:15:03+00:00,1.0,22,False,False,False,False,False,0.0,0.0,0.0,0.0,,
11,5759,2025-03-01T17:10:05+00:00,1.0,22,False,False,False,False,False,0.0,0.0,0.0,0.0,,
11,5760,2025-03-01T18:05:03+00:00,1.0,22,False,False,False,False,False,0.0,0.0,0.008,0.035,,
11,5761,2025-03-01T19:00:05+00:00,1.0,22,False,False,False,False,False,0.0,0.0,0.0,0.012,,
11,5762,2025-03-01T19:55:02+00:00,1.0,22,False,False,False,False,False,0.0,0.0,0.0,0.1,,
11,5763,2025-03-01T20:50:05+00:00,1.0,22,False,False,False,True,False,0.0,0.0,0.028,0.028,,
11,5764,2025-03-01T21:45:02+00:00,1.0,22,False,True,True,True,False,0.0,0.0,0.001,0.566,,
11,5765,2025-03-01T22:40:05+00:00,1.0,22,True,True,True,True,True,0.508,0.508,0.508,0.509,,
11,5766,2025-03-01T23:35:02+00:00,1.0,22,True,True,True,True,False,0.0,0.0,0.014,0.016,,
11,5767,2025-03-02T00:30:05+00:00,1.0,22,False,True,True,True,False,0.0,0.143,0.143,0.146,,
11,5768,2025-03-02T01:25:03+00:00,1.0,22,False,False,False,False,True,0.0,0.423,0.423,0.543,,
11,5769,2025-03-02T02:20:05+00:00,1.0,22,False,False,True,True,True,0.0,0.954,1.0,1.0,,
11,5770,2025-03-02T03:15:02+00:00,1.0,22,False,False,False,False,True,0.0,0.152,0.389,0.916,,
11,5771,2025-03-02T04:10:07+00:00,1.0,22,False,False,False,True,False,0.0,0.0,0.0,0.001,,
11,5772,2025-03-02T05:05:02+00:00,1.0,22,False,False,False,False,False,0.0,0.0,0.0,0.153,,
11,5773,2025-03-02T06:00:05+00:00,1.0,22,False,False,False,True,False,0.0,0.0,0.011,0.078,,
11,5774,2025-03-02T06:55:03+00:00,1.0,22,True,True,True,True,False,0.0,0.0,0.0,0.0,,
11,5775,2025-03-02T07:50:05+00:00,1.0,22,True,True,True,True,True,1.0,1.0,1.0,1.0,,
11,5776,2025-03-02T08:45:02+00:00,1.0,22,False,False,False,False,False,0.0,0.0,0.0,0.006,,
11,5777,2025-03-02T09:40:05+00:00,1.0,22,False,False,False,True,False,0.0,0.0,0.038,0.328,,
11,5778,2025-03-02T10:35:02+00:00,1.0,22,True,True,True,True,True,1.0,1.0,1.0,1.0,,
11,5779,2025-03-02T11:30:05+00:00,1.0,22,False,False,False,False,False,0.0,0.0,0.0,0.0,,
11,5780,2025-03-02T12:25:03+00:00,1.0,18,False,False,False,False,False,0.0,0.0,0.0,0.0,,
11,5781,2025-03-02T13:20:05+00:00,1.0,7,False,False,False,False,False,0.0,0.0,0.0,0.0,,
11,5782,2025-03-03T01:15:02+00:00,20.0,0,False,False,False,False,False,0.0,0.0,0.0,0.0,,
11,5783,2025-03-04T18:30:05+00:00,20.0,0,False,False,False,False,False,0.0,0.0,0.0,0.0,,
11,5784,2025-03-05T20:10:07+00:00,20.0,0,False,False,False,False,False,0.0,0.0,0.0,0.0,,
11,5785,2025-03-06T14:30:05+00:00,20.0,0,False,False,False,False,False,0.0,0.0,0.0,0.0,,
11,5786,2025-03-07T07:00:05+00:00,20.0,0,False,False,False,False,False,0.0,0.0,0.0,0.0,,
11,5787,2025-03-08T05:55:02+00:00,20.0,0,False,False,False,False,False,0.0,0.0,0.0,0.0,,
11,5788,2025-03-09T06:40:05+00:00,20.0,0,False,False,False,False,False,0.0,0.0,0.0,0.0,,
11,5789,2025-03-10T11:30:05+00:00,1.0,5,False,False,False,False,False,0.0,0.0,0.0,0.0,,
11,5790,2025-03-10T12:25:03+00:00,1.0,16,False,False,False,False,False,0.0,0.0,0.0,0.0,,
11,5791,2025-03-10T13:20:05+00:00,1.0,22,False,False,False,False,False,0.0,0.0,0.0,0.0,,
11,5792,2025-03-10T14:15:03+00:00,1.0,22,False,False,False,False,False,0.0,0.0,0.0,0.244,,
11,5793,2025-03-10T15:10:05+00:00,1.0,22,False,False,False,True,True,0.317,0.541,0.878,0.912,,
11,5794,2025-03-10T16:05:03+00:00,1.0,22,False,False,False,False,False,0.0,0.091,0.264,0.276,,
11,5795,2025-03-10T17:00:05+00:00,1.0,22,False,False,False,False,False,0.0,0.0,0.003,0.023,,
11,5796,2025-03-10T17:55:02+00:00,1.0,22,False,False,False,True,False,0.0,0.0,0.0,0.0,,
11,5797,2025-03-10T18:50:05+00:00,1.0,22,False,True,True,True,True,0.0,0.799,0.9,0.911,,
11,5798,2025-03-10T19:45:02+00:00,1.0,22,True,True,True,True,True,1.0,1.0,1.0,1.0,,
11,5799,2025-03-10T20:40:04+00:00,1.0,22,True,True,True,True,False,0.0,0.0,0.005,0.078,,
11,5800,2025-03-10T21:35:03+00:00,1.0,22,False,False,True,True,False,0.0,0.068,0.281,0.609,,
11,5801,2025-03-10T22:30:05+00:00,1.0,22,False,True,True,True,False,0.0,0.0,0.319,0.657,,
11,5802,2025-03-10T23:25:02+00:00,1.0,22,False,False,True,True,False,0.0,0.0,0.091,0.244,,
11,5803,2025-03-11T00:20:05+00:00,1.0,22,True,True,True,True,True,1.0,1.0,1.0,1.0,,
11,5804,2025-03-11T01:15:02+00:00,1.0,22,True,True,True,True,True,1.0,1.0,1.0,1.0,,
11,5805,2025-03-11T02:10:08+00:00,1.0,22,True,True,True,True,False,0.0,0.0,0.02,0.416,,
11,5806,2025-03-11T03:05:03+00:00,1.0,22,True,True,True,True,True,1.0,1.0,1.0,1.0,,
11,5807,2025-03-11T04:00:05+00:00,1.0,22,True,True,True,True,False,0.0,0.038,0.849,0.937,,
11,5808,2025-03-11T04:55:03+00:00,1.0,22,True,True,True,True,True,1.0,1.0,1.0,1.0,,
11,5809,2025-03-11T05:50:05+00:00,1.0,22,False,False,False,False,False,0.0,0.025,0.21,0.36,,
11,5810,2025-03-11T06:45:02+00:00,1.0,22,False,False,True,True,False,0.0,0.003,0.006,0.006,,
11,5811,2025-03-11T07:40:05+00:00,1.0,22,False,True,True,True,True,0.0,0.666,0.804,0.828,,
11,5812,2025-03-11T08:35:03+00:00,1.0,22,True,True,True,True,True,0.008,0.054,0.495,0.814,,
11,5813,2025-03-11T09:30:06+00:00,1.0,22,True,True,True,True,True,0.942,1.0,1.0,1.0,,
11,5814,2025-03-11T10:25:03+00:00,1.0,22,True,True,True,True,True,1.0,1.0,1.0,1.0,,
11,5815,2025-03-11T11:20:05+00:00,1.0,22,False,True,True,True,False,0.0,0.0,0.008,0.435,,
11,5816,2025-03-11T12:15:02+00:00,1.0,22,False,False,False,False,True,0.0,0.65,0.679,0.683,,
11,5817,2025-03-11T13:10:05+00:00,1.0,22,False,False,False,False,False,0.0,0.0,0.091,0.091,,
11,5818,2025-03-11T14:05:03+00:00,1.0,22,False,False,False,False,True,0.112,0.299,0.306,0.332,,
11,5819,2025-03-11T15:00:05+00:00,1.0,22,False,False,True,True,False,0.0,0.02,0.098,0.098,,
11,5820,2025-03-11T15:55:03+00:00,1.0,22,False,False,False,False,False,0.054,0.054,0.054,0.056,,
11,5821,2025-03-11T16:50:05+00:00,1.0,22,False,False,False,False,False,0.0,0.0,0.0,0.0,,
11,5822,2025-03-11T17:45:03+00:00,1.0,22,False,False,True,True,False,0.0,0.0,0.0,0.0,,
11,5823,2025-03-11T18:40:05+00:00,1.0,22,True,False,True,True,True,1.0,1.0,1.0,1.0,,
11,5824,2025-03-11T19:35:02+00:00,1.0,22,False,False,False,True,False,0.0,0.0,0.355,0.416,,
11,5825,2025-03-11T20:30:05+00:00,1.0,22,False,True,True,True,True,0.946,0.946,0.946,0.954,,
11,5826,2025-03-11T21:25:02+00:00,1.0,22,False,False,False,True,True,0.882,0.882,0.882,0.886,,
11,5827,2025-03-11T22:20:06+00:00,1.0,22,True,True,True,True,True,1.0,1.0,1.0,1.0,,
11,5828,2025-03-11T23:15:03+00:00,1.0,22,True,True,True,True,True,1.0,1.0,1.0,1.0,,
11,5829,2025-03-12T00:10:07+00:00,1.0,22,True,True,True,True,True,1.0,1.0,1.0,1.0,,
11,5830,2025-03-12T01:05:03+00:00,1.0,22,True,True,True,True,False,0.299,0.299,0.509,0.722,,
11,5831,2025-03-12T02:00:05+00:00,1.0,22,True,False,False,False,True,0.784,0.814,0.894,0.894,,
11,5832,2025-03-12T02:55:02+00:00,1.0,22,False,False,False,False,False,0.0,0.0,0.069,0.112,,
11,5833,2025-03-12T03:50:05+00:00,1.0,22,False,False,False,True,False,0.027,0.08,0.08,0.08,,
11,5834,2025-03-12T04:45:03+00:00,1.0,22,True,True,True,True,True,0.835,0.972,0.972,0.972,,
11,5835,2025-03-12T05:40:05+00:00,1.0,22,False,False,False,False,False,0.0,0.0,0.0,0.0,,
11,5836,2025-03-12T06:35:03+00:00,1.0,14,False,False,True,True,False,0.087,0.087,0.087,0.087,,
11,5837,2025-03-12T07:30:05+00:00,1.0,3,False,False,False,False,True,0.008,0.992,1.0,1.0,,
11,5838,2025-03-12T09:20:05+00:00,1.0,4,False,False,False,False,False,0.0,0.0,0.0,0.0,,
11,5839,2025-03-12T10:15:03+00:00,1.0,11,False,False,False,False,False,0.0,0.0,0.0,0.0,,
11,5840,2025-03-12T11:10:05+00:00,1.0,16,False,False,False,False,False,0.0,0.0,0.0,0.0,,
11,5841,2025-03-12T12:05:02+00:00,1.0,20,False,False,False,False,False,0.0,0.0,0.0,0.0,,
11,5842,2025-03-12T13:00:05+00:00,1.0,22,False,False,False,True,False,0.0,0.0,0.112,0.42,,
11,5843,2025-03-12T13:55:02+00:00,1.0,22,False,True,True,True,True,0.98,0.98,0.98,0.981,,
11,5844,2025-03-12T14:50:05+00:00,1.0,22,False,False,False,True,False,0.0,0.0,0.244,0.295,,
11,5845,2025-03-12T15:45:02+00:00,1.0,22,False,False,False,False,False,0.0,0.0,0.0,0.0,,
11,5846,2025-03-12T16:40:05+00:00,1.0,22,False,False,False,False,False,0.0,0.0,0.0,0.0,,
11,5847,2025-03-12T17:35:03+00:00,1.0,22,False,False,False,False,False,0.0,0.0,0.0,0.0,,
11,5848,2025-03-12T18:30:05+00:00,1.0,22,False,False,False,True,False,0.0,0.0,0.001,0.001,,
11,5849,2025-03-12T19:25:03+00:00,1.0,22,True,True,True,True,True,1.0,1.0,1.0,1.0,,
11,5850,2025-03-12T20:20:05+00:00,1.0,22,True,True,True,True,True,1.0,1.0,1.0,1.0,,
11,5851,2025-03-12T21:15:03+00:00,1.0,22,True,True,True,True,False,0.0,0.0,0.244,0.244,,
11,5852,2025-03-12T22:10:07+00:00,1.0,22,True,True,True,True,True,1.0,1.0,1.0,1.0,,
11,5853,2025-03-12T23:05:02+00:00,1.0,22,False,True,True,True,True,0.715,0.88,0.997,0.997,,
11,5854,2025-03-13T00:00:05+00:00,1.0,22,False,False,False,False,False,0.0,0.0,0.0,0.0,,
11,5855,2025-03-13T00:55:03+00:00,1.0,22,False,False,False,False,False,0.0,0.0,0.538,0.538,,
11,5856,2025-03-13T01:50:05+00:00,1.0,22,False,False,False,False,False,0.0,0.0,0.0,0.02,,
11,5857,2025-03-13T02:45:03+00:00,1.0,22,False,False,False,False,False,0.0,0.772,0.846,0.846,,
11,5858,2025-03-13T03:40:05+00:00,1.0,22,False,False,False,False,False,0.0,0.0,0.128,0.391,,
11,5859,2025-03-13T04:35:02+00:00,1.0,22,False,False,False,False,True,0.0,0.911,0.968,0.981,,
11,5860,2025-03-13T05:30:05+00:00,1.0,22,False,False,False,False,True,0.0,0.338,0.701,0.701,,
11,5861,2025-03-13T06:25:03+00:00,1.0,22,False,False,False,False,False,0.0,0.046,0.253,0.253,,
11,5862,2025-03-13T07:20:05+00:00,1.0,22,False,False,False,False,False,0.0,0.0,0.0,0.0,,
11,5863,2025-03-13T08:15:02+00:00,1.0,22,False,False,False,False,False,0.0,0.0,0.403,0.403,,
11,5864,2025-03-13T09:10:05+00:00,1.0,22,False,False,False,False,False,0.0,0.0,0.0,0.0,,
11,5865,2025-03-13T10:05:03+00:00,1.0,22,False,False,False,False,False,0.0,0.0,0.244,0.244,,
11,5866,2025-03-13T11:00:06+00:00,1.0,22,False,False,False,False,False,0.0,0.0,0.0,0.0,,
11,5867,2025-03-13T11:55:02+00:00,1.0,22,False,False,False,False,False,0.0,0.0,0.0,0.008,,
11,5868,2025-03-13T12:50:05+00:00,1.0,22,False,False,False,False,False,0.0,0.0,0.0,0.0,,
11,5869,2025-03-13T13:45:03+00:00,1.0,22,False,False,False,False,False,0.0,0.0,0.0,0.341,,
11,5870,2025-03-13T14:40:05+00:00,1.0,22,False,False,False,False,False,0.0,0.0,0.0,0.0,,
11,5871,2025-03-13T15:35:02+00:00,1.0,22,False,False,False,False,False,0.0,0.0,0.091,0.273,,
11,5872,2025-03-13T16:30:05+00:00,1.0,22,False,False,False,False,False,0.0,0.0,0.0,0.0,,
11,5873,2025-03-13T17:25:02+00:00,1.0,22,False,False,False,False,False,0.014,0.171,0.171,0.171,,
11,5874,2025-03-13T18:20:05+00:00,1.0,22,False,False,False,False,False,0.0,0.0,0.0,0.034,,
11,5875,2025-03-13T19:15:02+00:00,1.0,22,False,False,False,False,False,0.0,0.0,0.0,0.0,,
11,5876,2025-03-13T20:10:08+00:00,1.0,22,False,False,False,False,False,0.0,0.0,0.0,0.054,,
11,5877,2025-03-13T21:05:03+00:00,1.0,19,False,False,False,False,False,0.0,0.0,0.0,0.241,,
11,5878,2025-03-13T22:00:05+00:00,1.0,8,False,False,False,False,False,0.0,0.0,0.0,0.0,,
11,5879,2025-03-13T22:55:02+00:00,1.0,7,False,False,False,False,False,0.0,0.0,0.0,0.0,,
11,5880,2025-03-13T23:50:05+00:00,1.0,10,False,False,False,False,False,0.0,0.0,0.0,0.0,,
11,5881,2025-03-14T00:45:02+00:00,1.0,10,False,False,False,False,False,0.0,0.0,0.0,0.0,,
11,5882,2025-03-14T01:40:05+00:00,1.0,18,False,False,False,False,False,0.0,0.0,0.0,0.0,,
11,5883,2025-03-14T02:35:02+00:00,1.0,22,False,False,False,True,False,0.0,0.009,0.272,0.308,,
11,5884,2025-03-14T03:30:05+00:00,1.0,22,False,True,True,True,True,1.0,1.0,1.0,1.0,,
11,5885,2025-03-14T04:25:03+00:00,1.0,22,True,True,True,True,True,0.199,0.793,0.932,0.946,,
11,5886,2025-03-14T05:20:05+00:00,1.0,22,True,True,True,True,True,1.0,1.0,1.0,1.0,,
11,5887,2025-03-14T06:15:02+00:00,1.0,22,False,False,False,True,False,0.0,0.02,0.067,0.103,,
11,5888,2025-03-14T07:10:05+00:00,1.0,22,True,True,True,True,True,1.0,1.0,1.0,1.0,,
11,5889,2025-03-14T08:05:03+00:00,1.0,22,False,True,True,True,True,0.0,0.338,0.704,0.704,,
11,5890,2025-03-14T09:00:05+00:00,1.0,22,True,False,True,True,True,0.98,0.98,0.981,0.983,,
11,5891,2025-03-14T09:55:03+00:00,1.0,22,True,True,True,True,True,1.0,1.0,1.0,1.0,,
11,5892,2025-03-14T10:50:05+00:00,1.0,22,True,True,True,True,True,1.0,1.0,1.0,1.0,,
11,5893,2025-03-14T11:45:02+00:00,1.0,22,False,False,False,False,True,1.0,1.0,1.0,1.0,,
11,5894,2025-03-14T12:40:05+00:00,1.0,22,False,False,True,True,True,1.0,1.0,1.0,1.0,,
11,5895,2025-03-14T13:35:02+00:00,1.0,22,True,True,True,True,True,1.0,1.0,1.0,1.0,,
11,5896,2025-03-14T14:30:05+00:00,1.0,22,True,True,True,True,False,0.0,0.287,0.435,0.521,,
11,5897,2025-03-14T15:25:03+00:00,1.0,22,False,True,True,True,True,0.008,0.394,0.404,0.495,,
11,5898,2025-03-14T16:20:05+00:00,1.0,22,True,True,True,True,True,1.0,1.0,1.0,1.0,,
11,5899,2025-03-14T17:15:03+00:00,1.0,22,True,True,True,True,True,1.0,1.0,1.0,1.0,,
11,5900,2025-03-14T18:10:07+00:00,1.0,22,False,False,False,True,False,0.0,0.103,0.256,0.256,,
11,5901,2025-03-14T19:05:02+00:00,1.0,22,False,False,False,False,False,0.0,0.219,0.256,0.296,,
11,5902,2025-03-14T20:00:05+00:00,1.0,22,False,False,False,False,False,0.0,0.0,0.0,0.0,,
11,5903,2025-03-14T20:55:03+00:00,1.0,22,False,False,False,False,True,0.137,0.717,0.717,0.717,,
11,5904,2025-03-14T21:50:05+00:00,1.0,22,False,False,True,True,False,0.0,0.632,0.701,0.701,,
11,5905,2025-03-14T22:45:02+00:00,1.0,22,False,True,True,True,True,1.0,1.0,1.0,1.0,,
11,5906,2025-03-14T23:40:05+00:00,1.0,22,False,False,False,False,True,1.0,1.0,1.0,1.0,,
11,5907,2025-03-15T00:35:03+00:00,1.0,22,False,False,False,False,False,0.0,0.0,0.037,0.244,,
11,5908,2025-03-15T01:30:05+00:00,1.0,22,False,False,False,True,False,0.0,0.0,0.244,0.244,,
11,5909,2025-03-15T02:25:02+00:00,1.0,22,False,True,True,True,False,0.0,0.034,0.054,0.054,,
11,5910,2025-03-15T03:20:05+00:00,1.0,22,False,False,False,True,False,0.0,0.0,0.0,0.046,,
11,5911,2025-03-15T04:15:03+00:00,1.0,22,True,True,True,True,True,1.0,1.0,1.0,1.0,,
11,5912,2025-03-15T05:10:05+00:00,1.0,22,False,True,True,True,True,1.0,1.0,1.0,1.0,,
11,5913,2025-03-15T06:05:02+00:00,1.0,22,True,True,True,True,True,1.0,1.0,1.0,1.0,,
11,5914,2025-03-15T07:00:05+00:00,1.0,22,True,True,True,True,True,1.0,1.0,1.0,1.0,,
11,5915,2025-03-15T07:55:03+00:00,1.0,22,True,True,True,True,True,0.503,0.842,0.902,0.913,,
11,5916,2025-03-15T08:50:05+00:00,1.0,22,True,True,True,True,True,1.0,1.0,1.0,1.0,,
11,5917,2025-03-15T09:45:03+00:00,1.0,22,False,False,False,False,False,0.0,0.0,0.0,0.104,,
11,5918,2025-03-15T10:40:05+00:00,1.0,22,False,False,True,True,False,0.0,0.0,0.034,0.063,,
11,5919,2025-03-15T11:35:03+00:00,1.0,22,False,True,True,True,True,0.613,0.613,0.626,0.626,,
11,5920,2025-03-15T12:30:05+00:00,1.0,22,True,True,True,True,True,1.0,1.0,1.0,1.0,,
11,5921,2025-03-15T13:25:03+00:00,1.0,22,True,True,True,True,True,1.0,1.0,1.0,1.0,,
11,5922,2025-03-15T14:20:04+00:00,1.0,22,True,True,True,True,True,1.0,1.0,1.0,1.0,,
11,5923,2025-03-15T15:15:03+00:00,1.0,22,True,True,True,True,True,1.0,1.0,1.0,1.0,,
11,5924,2025-03-15T16:10:08+00:00,1.0,22,False,True,True,True,False,0.034,0.086,0.534,0.59,,
11,5925,2025-03-15T17:05:02+00:00,1.0,22,True,True,True,True,True,0.64,0.757,0.974,0.975,,
11,5926,2025-03-15T18:00:05+00:00,1.0,22,True,True,True,True,True,1.0,1.0,1.0,1.0,,
11,5927,2025-03-15T18:55:03+00:00,1.0,22,True,True,True,True,True,1.0,1.0,1.0,1.0,,
11,5928,2025-03-15T19:50:05+00:00,1.0,22,True,True,True,True,True,0.986,1.0,1.0,1.0,,
11,5929,2025-03-15T20:45:03+00:00,1.0,22,True,True,True,True,True,1.0,1.0,1.0,1.0,,
11,5930,2025-03-15T21:40:05+00:00,1.0,22,True,True,True,True,True,0.058,0.715,0.874,0.897,,
11,5931,2025-03-15T22:35:03+00:00,1.0,22,False,False,False,True,True,0.982,0.982,0.988,0.988,,
11,5932,2025-03-15T23:30:06+00:00,1.0,22,True,True,True,True,True,1.0,1.0,1.0,1.0,,
11,5933,2025-03-16T00:25:03+00:00,1.0,22,False,True,True,True,False,0.0,0.0,0.0,0.0,,
11,5934,2025-03-16T01:20:05+00:00,1.0,22,False,False,False,False,False,0.0,0.0,0.038,0.058,,
11,5935,2025-03-16T02:15:02+00:00,1.0,22,False,False,False,True,False,0.0,0.0,0.0,0.0,,
11,5936,2025-03-16T03:10:05+00:00,1.0,22,True,False,False,False,False,0.0,0.0,0.003,0.156,,
11,5937,2025-03-16T04:05:03+00:00,1.0,22,False,False,False,False,False,0.0,0.0,0.0,0.14,,
11,5938,2025-03-16T05:00:05+00:00,1.0,18,False,False,False,False,False,0.0,0.0,0.062,0.215,,
11,5939,2025-03-16T05:55:02+00:00,1.0,13,False,False,False,False,False,0.0,0.0,0.0,0.0,,
11,5940,2025-03-16T06:50:05+00:00,1.0,17,False,False,False,False,False,0.0,0.0,0.0,0.0,,
11,5941,2025-03-16T07:45:03+00:00,1.0,22,False,False,False,False,False,0.0,0.0,0.0,0.0,,
11,5942,2025-03-16T08:40:05+00:00,1.0,22,False,False,False,False,False,0.0,0.0,0.0,0.0,,
11,5943,2025-03-16T09:35:02+00:00,1.0,22,False,False,False,False,False,0.0,0.0,0.0,0.0,,
11,5944,2025-03-16T10:30:05+00:00,1.0,22,False,False,False,False,False,0.0,0.0,0.0,0.0,,
11,5945,2025-03-16T11:25:03+00:00,1.0,22,False,False,False,False,False,0.0,0.0,0.0,0.0,,
11,5946,2025-03-16T12:20:05+00:00,1.0,22,False,False,False,False,False,0.0,0.0,0.005,0.005,,
11,5947,2025-03-16T13:15:03+00:00,1.0,22,False,False,False,False,False,0.0,0.0,0.0,0.0,,
11,5948,2025-03-16T14:10:07+00:00,1.0,22,False,False,False,False,False,0.0,0.0,0.0,0.0,,
11,5949,2025-03-16T15:05:02+00:00,1.0,22,False,False,False,False,False,0.0,0.0,0.0,0.0,,
11,5950,2025-03-16T16:00:05+00:00,1.0,22,False,False,False,False,False,0.0,0.0,0.0,0.0,,
11,5951,2025-03-16T16:55:03+00:00,1.0,22,False,False,False,False,False,0.0,0.0,0.0,0.0,,
11,5952,2025-03-16T17:50:05+00:00,1.0,15,False,False,False,False,False,0.0,0.0,0.0,0.0,,
11,5953,2025-03-16T18:45:03+00:00,1.0,4,False,False,False,False,False,0.0,0.0,0.0,0.0,,
11,5954,2025-03-16T19:40:05+00:00,1.0,3,False,False,False,False,False,0.0,0.0,0.0,0.0,,
11,5955,2025-03-16T20:35:03+00:00,1.0,14,False,False,False,False,False,0.0,0.0,0.0,0.0,,
11,5956,2025-03-16T21:30:05+00:00,1.0,22,False,False,False,False,False,0.0,0.0,0.0,0.0,,
11,5957,2025-03-16T22:25:03+00:00,1.0,22,False,False,False,False,False,0.0,0.0,0.0,0.0,,
11,5958,2025-03-16T23:20:05+00:00,1.0,22,False,False,False,False,True,0.0,0.43,0.791,0.824,,
11,5959,2025-03-17T00:15:03+00:00,1.0,22,False,False,False,True,True,0.0,0.0,0.653,0.731,,
11,5960,2025-03-17T01:10:05+00:00,1.0,22,True,True,True,True,False,0.0,0.0,0.0,0.0,,
11,5961,2025-03-17T02:05:03+00:00,1.0,22,True,True,True,True,True,1.0,1.0,1.0,1.0,,
11,5962,2025-03-17T03:00:05+00:00,1.0,22,True,True,True,True,True,1.0,1.0,1.0,1.0,,
11,5963,2025-03-17T03:55:02+00:00,1.0,22,True,True,True,True,True,1.0,1.0,1.0,1.0,,
11,5964,2025-03-17T04:50:05+00:00,1.0,22,False,False,False,False,False,0.0,0.0,0.0,0.231,,
11,5965,2025-03-17T05:45:03+00:00,1.0,22,False,False,False,False,True,0.992,0.992,0.992,0.992,,
11,5966,2025-03-17T06:40:05+00:00,1.0,22,False,False,False,False,False,0.0,0.0,0.026,0.046,,
11,5967,2025-03-17T07:35:02+00:00,1.0,20,False,False,False,False,False,0.0,0.0,0.0,0.0,,
11,5968,2025-03-17T08:30:06+00:00,1.0,9,False,False,False,False,False,0.0,0.0,0.0,0.008,,
11,5969,2025-03-17T09:25:03+00:00,1.0,9,False,False,False,False,False,0.0,0.0,0.0,0.0,,
11,5970,2025-03-17T10:20:05+00:00,1.0,20,False,False,False,True,False,0.0,0.0,0.0,0.29,,
11,5971,2025-03-17T11:15:02+00:00,1.0,22,True,True,True,True,True,1.0,1.0,1.0,1.0,,
11,5972,2025-03-17T12:10:08+00:00,1.0,22,True,False,False,False,True,1.0,1.0,1.0,1.0,,
11,5973,2025-03-17T13:05:02+00:00,1.0,22,False,False,False,False,False,0.0,0.0,0.0,0.0,,
11,5974,2025-03-17T14:00:05+00:00,1.0,22,False,False,False,False,True,0.594,0.701,0.701,0.776,,
11,5975,2025-03-17T14:55:02+00:00,1.0,22,False,False,False,False,False,0.0,0.0,0.074,0.124,,
11,5976,2025-03-17T15:50:06+00:00,1.0,22,False,False,False,False,False,0.0,0.0,0.0,0.0,,
11,5977,2025-03-17T16:45:03+00:00,1.0,22,False,False,False,False,False,0.0,0.0,0.0,0.0,,
11,5978,2025-03-17T17:40:05+00:00,1.0,13,False,False,False,False,False,0.0,0.0,0.0,0.0,,
11,5979,2025-03-17T18:35:03+00:00,1.0,8,False,False,False,False,False,0.0,0.0,0.0,0.0,,
11,5980,2025-03-17T19:30:05+00:00,1.0,6,False,False,False,False,False,0.0,0.0,0.0,0.0,,
11,5981,2025-03-18T11:05:03+00:00,20.0,0,False,False,False,False,False,0.0,0.0,0.0,0.0,,
11,5982,2025-03-18T20:15:03+00:00,20.0,0,False,False,False,False,False,0.0,0.0,0.0,0.0,,
11,5983,2025-03-18T22:05:03+00:00,20.0,0,False,False,False,False,False,0.0,0.0,0.0,0.0,,
11,5984,2025-03-19T09:05:03+00:00,20.0,0,False,False,False,False,False,0.0,0.0,0.0,0.0,,
11,5985,2025-03-19T13:40:05+00:00,20.0,0,False,False,False,False,False,0.0,0.0,0.0,0.0,,
11,5986,2025-03-20T00:40:05+00:00,20.0,0,False,False,False,False,False,0.0,0.0,0.0,0.0,,
11,5987,2025-03-21T17:50:05+00:00,20.0,0,False,False,False,False,False,0.0,0.0,0.0,0.0,,
11,5988,2025-03-22T02:05:03+00:00,20.0,0,False,False,False,False,False,0.0,0.0,0.0,0.0,,
11,5989,2025-03-22T07:35:03+00:00,1.0,9,False,False,False,False,False,0.0,0.0,0.0,0.0,,
11,5990,2025-03-22T08:30:05+00:00,1.0,20,False,False,False,False,False,0.0,0.0,0.0,0.061,,
11,5991,2025-03-22T09:25:03+00:00,1.0,22,False,False,False,False,False,0.0,0.0,0.0,0.053,,
11,5992,2025-03-22T10:20:05+00:00,1.0,22,False,False,False,False,False,0.0,0.0,0.046,0.054,,
11,5993,2025-03-22T11:15:03+00:00,1.0,22,False,False,False,False,False,0.0,0.0,0.0,0.0,,
11,5994,2025-03-22T12:10:07+00:00,1.0,22,False,False,False,False,False,0.0,0.0,0.0,0.283,,
11,5995,2025-03-22T13:05:03+00:00,1.0,22,False,False,True,True,False,0.0,0.0,0.346,0.457,,
11,5996,2025-03-22T14:00:05+00:00,1.0,22,True,True,True,True,False,0.0,0.0,0.0,0.087,,
11,5997,2025-03-22T14:55:03+00:00,1.0,22,True,False,False,False,False,0.0,0.012,0.077,0.077,,
11,5998,2025-03-22T15:50:05+00:00,1.0,22,False,False,False,False,False,0.0,0.058,0.06,0.069,,
11,5999,2025-03-22T16:45:03+00:00,1.0,19,False,False,False,False,True,0.299,0.299,0.299,0.299,,
12,6000,2025-03-22T17:40:05+00:00,1.0,8,False,False,False,False,False,0.0,0.0,0.0,0.0,,
12,6001,2025-03-23T00:05:03+00:00,1.0,1,False,False,False,False,False,0.0,0.0,0.0,0.0,,
12,6002,2025-03-23T01:00:05+00:00,1.0,12,False,False,False,False,False,0.0,0.0,0.0,0.0,,
12,6003,2025-03-23T01:55:03+00:00,1.0,22,False,False,False,False,False,0.0,0.0,0.037,0.36,,
12,6004,2025-03-23T02:50:05+00:00,1.0,22,False,False,False,False,False,0.0,0.0,0.0,0.062,,
12,6005,2025-03-23T03:45:02+00:00,1.0,22,False,False,False,False,False,0.0,0.0,0.003,0.057,,
12,6006,2025-03-23T04:40:05+00:00,1.0,22,False,False,False,True,False,0.0,0.0,0.031,0.119,,
12,6007,2025-03-23T05:35:02+00:00,1.0,22,True,True,True,True,True,0.966,0.966,0.966,0.979,,
12,6008,2025-03-23T06:30:05+00:00,1.0,22,True,True,True,True,True,1.0,1.0,1.0,1.0,,
12,6009,2025-03-23T07:25:03+00:00,1.0,22,True,True,True,True,True,0.0,0.612,1.0,1.0,,
12,6010,2025-03-23T08:20:05+00:00,1.0,22,True,True,True,True,True,0.0,0.0,0.447,0.545,,
12,6011,2025-03-23T09:15:02+00:00,1.0,22,True,True,True,True,True,1.0,1.0,1.0,1.0,,
12,6012,2025-03-23T10:10:07+00:00,1.0,22,False,False,False,False,False,0.0,0.0,0.0,0.0,,
12,6013,2025-03-23T11:05:03+00:00,1.0,22,False,False,False,False,False,0.0,0.0,0.0,0.0,,
12,6014,2025-03-23T12:00:05+00:00,1.0,22,False,False,False,False,False,0.0,0.0,0.0,0.0,,
12,6015,2025-03-23T12:55:03+00:00,1.0,22,False,False,False,False,False,0.0,0.0,0.003,0.433,,
12,6016,2025-03-23T13:50:05+00:00,1.0,16,False,False,False,False,False,0.0,0.037,0.252,0.261,,
12,6017,2025-03-23T14:45:02+00:00,1.0,5,False,False,False,False,False,0.0,0.0,0.0,0.0,,
12,6018,2025-03-23T15:40:05+00:00,1.0,2,False,False,False,False,False,0.0,0.0,0.0,0.0,,
12,6019,2025-03-23T16:35:03+00:00,1.0,13,False,False,False,False,False,0.0,0.0,0.0,0.0,,
12,6020,2025-03-23T17:30:05+00:00,1.0,22,False,False,False,False,False,0.0,0.0,0.0,0.0,,
12,6021,2025-03-23T18:25:03+00:00,1.0,22,False,False,False,False,False,0.0,0.0,0.0,0.0,,
12,6022,2025-03-23T19:20:06+00:00,1.0,22,False,False,False,False,False,0.0,0.0,0.0,0.0,,
12,6023,2025-03-23T20:15:03+00:00,1.0,22,False,False,False,False,False,0.0,0.0,0.0,0.0,,
12,6024,2025-03-23T21:10:05+00:00,1.0,22,False,False,False,False,False,0.0,0.0,0.0,0.0,,
12,6025,2025-03-23T22:05:03+00:00,1.0,22,False,False,False,False,False,0.0,0.0,0.0,0.0,,
12,6026,2025-03-23T23:00:05+00:00,1.0,22,False,False,False,False,False,0.0,0.0,0.0,0.0,,
12,6027,2025-03-23T23:55:03+00:00,1.0,22,False,False,False,False,False,0.0,0.0,0.001,0.002,,
12,6028,2025-03-24T00:50:05+00:00,1.0,22,False,False,False,False,False,0.0,0.0,0.0,0.0,,
12,6029,2025-03-24T01:45:03+00:00,1.0,22,False,False,False,False,False,0.0,0.0,0.0,0.0,,
12,6030,2025-03-24T02:40:05+00:00,1.0,22,False,False,False,False,False,0.0,0.0,0.006,0.103,,
12,6031,2025-03-24T03:35:03+00:00,1.0,22,False,False,True,True,False,0.0,0.021,0.326,0.492,,
12,6032,2025-03-24T04:30:05+00:00,1.0,22,True,True,True,True,True,1.0,1.0,1.0,1.0,,
12,6033,2025-03-24T05:25:03+00:00,1.0,22,False,True,True,True,True,0.0,0.008,0.314,0.446,,
12,6034,2025-03-24T06:20:05+00:00,1.0,22,False,True,True,True,True,0.0,0.237,0.61,0.638,,
12,6035,2025-03-24T07:15:03+00:00,1.0,22,True,True,True,True,True,0.19,0.889,0.995,0.995,,
12,6036,2025-03-24T08:10:07+00:00,1.0,22,True,True,True,True,False,0.237,0.61,0.935,0.958,,
12,6037,2025-03-24T09:05:02+00:00,1.0,22,True,True,True,True,True,0.0,0.792,0.927,0.943,,
12,6038,2025-03-24T10:00:05+00:00,1.0,22,True,True,True,True,True,1.0,1.0,1.0,1.0,,
12,6039,2025-03-24T10:55:02+00:00,1.0,22,False,True,True,True,False,0.073,0.385,0.944,0.956,,
12,6040,2025-03-24T11:50:05+00:00,1.0,22,False,True,True,True,False,0.008,0.576,0.813,0.823,,
12,6041,2025-03-24T12:45:03+00:00,1.0,22,False,False,True,True,True,0.992,1.0,1.0,1.0,,
12,6042,2025-03-24T13:40:05+00:00,1.0,22,False,True,True,True,False,0.0,0.0,0.0,0.0,,
12,6043,2025-03-24T14:35:03+00:00,1.0,22,False,True,True,True,True,1.0,1.0,1.0,1.0,,
12,6044,2025-03-24T15:30:05+00:00,1.0,22,True,True,True,True,True,1.0,1.0,1.0,1.0,,
12,6045,2025-03-24T16:25:03+00:00,1.0,22,True,True,True,True,True,1.0,1.0,1.0,1.0,,
12,6046,2025-03-24T17:20:05+00:00,1.0,22,True,True,True,True,True,1.0,1.0,1.0,1.0,,
12,6047,2025-03-24T18:15:02+00:00,1.0,22,True,True,True,True,True,1.0,1.0,1.0,1.0,,
12,6048,2025-03-24T19:10:05+00:00,1.0,22,False,False,False,False,False,0.0,0.405,0.649,0.654,,
12,6049,2025-03-24T20:05:02+00:00,1.0,22,False,False,False,False,False,0.0,0.0,0.2,0.262,,
12,6050,2025-03-24T21:00:05+00:00,1.0,22,False,False,False,False,False,0.0,0.0,0.36,0.36,,
12,6051,2025-03-24T21:55:03+00:00,1.0,22,False,True,True,True,False,0.0,0.0,0.012,0.046,,
12,6052,2025-03-24T22:50:05+00:00,1.0,22,False,False,True,True,False,0.0,0.0,0.244,0.244,,
12,6053,2025-03-24T23:45:03+00:00,1.0,22,False,False,False,True,False,0.0,0.0,0.0,0.0,,
12,6054,2025-03-25T00:40:05+00:00,1.0,22,False,False,False,False,False,0.0,0.0,0.002,0.003,,
12,6055,2025-03-25T01:35:03+00:00,1.0,22,False,False,False,False,False,0.0,0.0,0.0,0.0,,
12,6056,2025-03-25T02:30:05+00:00,1.0,22,False,False,False,True,True,0.0,0.0,0.854,0.891,,
12,6057,2025-03-25T03:25:03+00:00,1.0,22,True,True,True,True,True,1.0,1.0,1.0,1.0,,
12,6058,2025-03-25T04:20:05+00:00,1.0,22,True,True,True,True,True,1.0,1.0,1.0,1.0,,
12,6059,2025-03-25T05:15:02+00:00,1.0,22,True,True,True,True,True,1.0,1.0,1.0,1.0,,
12,6060,2025-03-25T06:10:07+00:00,1.0,22,False,True,True,True,True,0.017,0.079,0.717,0.725,,
12,6061,2025-03-25T07:05:02+00:00,1.0,22,True,True,True,True,False,0.0,0.0,0.0,0.0,,
12,6062,2025-03-25T08:00:05+00:00,1.0,22,False,False,False,False,False,0.0,0.0,0.244,0.244,,
12,6063,2025-03-25T08:55:03+00:00,1.0,22,False,False,False,False,False,0.0,0.0,0.0,0.0,,
12,6064,2025-03-25T09:50:05+00:00,1.0,22,False,False,False,False,False,0.0,0.0,0.0,0.0,,
12,6065,2025-03-25T10:45:02+00:00,1.0,22,False,False,False,False,False,0.0,0.0,0.001,0.001,,
12,6066,2025-03-25T11:40:05+00:00,1.0,22,False,False,False,True,False,0.0,0.0,0.0,0.244,,
12,6067,2025-03-25T12:35:02+00:00,1.0,22,True,True,True,True,True,1.0,1.0,1.0,1.0,,
12,6068,2025-03-25T13:30:05+00:00,1.0,22,False,False,False,False,False,0.0,0.0,0.0,0.034,,
12,6069,2025-03-25T14:25:03+00:00,1.0,22,False,False,False,False,False,0.0,0.0,0.0,0.02,,
12,6070,2025-03-25T15:20:05+00:00,1.0,22,False,False,False,False,False,0.0,0.0,0.0,0.0,,
12,6071,2025-03-25T16:15:02+00:00,1.0,22,False,False,False,False,False,0.0,0.0,0.0,0.0,,
12,6072,2025-03-25T17:10:05+00:00,1.0,22,False,False,False,False,False,0.0,0.0,0.0,0.0,,
12,6073,2025-03-25T18:05:02+00:00,1.0,22,False,False,False,True,False,0.0,0.0,0.0,0.0,,
12,6074,2025-03-25T19:00:05+00:00,1.0,22,True,True,True,True,True,1.0,1.0,1.0,1.0,,
12,6075,2025-03-25T19:55:03+00:00,1.0,22,False,False,True,True,True,0.0,0.042,0.259,0.766,,
12,6076,2025-03-25T20:50:05+00:00,1.0,22,True,True,True,True,True,1.0,1.0,1.0,1.0,,
12,6077,2025-03-25T21:45:02+00:00,1.0,22,True,True,True,True,True,1.0,1.0,1.0,1.0,,
12,6078,2025-03-25T22:40:05+00:00,1.0,22,True,True,True,True,False,0.0,0.0,0.031,0.032,,
12,6079,2025-03-25T23:35:02+00:00,1.0,22,False,False,False,False,False,0.0,0.0,0.0,0.0,,
12,6080,2025-03-26T00:30:05+00:00,1.0,22,False,False,False,False,False,0.0,0.0,0.0,0.0,,
12,6081,2025-03-26T01:25:02+00:00,1.0,22,False,True,True,True,False,0.0,0.0,0.08,0.24,,
12,6082,2025-03-26T02:20:05+00:00,1.0,22,True,True,True,True,True,1.0,1.0,1.0,1.0,,
12,6083,2025-03-26T03:15:03+00:00,1.0,22,True,True,True,True,True,1.0,1.0,1.0,1.0,,
12,6084,2025-03-26T04:10:07+00:00,1.0,22,True,True,True,True,False,0.0,0.034,0.044,0.791,,
12,6085,2025-03-26T05:05:03+00:00,1.0,22,False,True,True,True,True,1.0,1.0,1.0,1.0,,
12,6086,2025-03-26T06:00:05+00:00,1.0,22,True,True,True,True,True,1.0,1.0,1.0,1.0,,
12,6087,2025-03-26T06:55:02+00:00,1.0,22,True,True,True,True,True,1.0,1.0,1.0,1.0,,
12,6088,2025-03-26T07:50:05+00:00,1.0,22,False,False,False,False,True,0.199,0.299,0.313,0.328,,
12,6089,2025-03-26T08:45:03+00:00,1.0,22,False,True,True,True,True,0.0,0.0,0.466,0.943,,
12,6090,2025-03-26T09:40:06+00:00,1.0,22,True,True,True,True,True,1.0,1.0,1.0,1.0,,
12,6091,2025-03-26T10:35:02+00:00,1.0,22,True,True,True,True,False,0.0,0.02,0.347,0.558,,
12,6092,2025-03-26T11:30:05+00:00,1.0,22,True,True,True,True,True,1.0,1.0,1.0,1.0,,
12,6093,2025-03-26T12:25:03+00:00,1.0,22,True,True,True,True,True,1.0,1.0,1.0,1.0,,
12,6094,2025-03-26T13:20:05+00:00,1.0,22,True,True,True,True,True,1.0,1.0,1.0,1.0,,
12,6095,2025-03-26T14:15:03+00:00,1.0,22,True,True,True,True,False,0.0,0.0,0.0,0.001,,
12,6096,2025-03-26T15:10:05+00:00,1.0,22,True,True,True,True,True,1.0,1.0,1.0,1.0,,
12,6097,2025-03-26T16:05:03+00:00,1.0,22,False,True,True,True,False,0.0,0.015,0.09,0.902,,
12,6098,2025-03-26T17:00:05+00:00,1.0,22,True,True,True,True,True,1.0,1.0,1.0,1.0,,
12,6099,2025-03-26T17:55:02+00:00,1.0,22,True,False,False,False,False,0.0,0.0,0.0,0.0,,
12,6100,2025-03-26T18:50:05+00:00,1.0,22,False,False,True,True,False,0.0,0.0,0.001,0.002,,
12,6101,2025-03-26T19:45:03+00:00,1.0,22,False,False,False,True,False,0.0,0.0,0.128,0.165,,
12,6102,2025-03-26T20:40:05+00:00,1.0,22,True,True,True,True,False,0.0,0.0,0.0,0.0,,
12,6103,2025-03-26T21:35:02+00:00,1.0,22,False,False,True,True,True,0.0,0.0,0.504,0.521,,
12,6104,2025-03-26T22:30:05+00:00,1.0,22,True,True,True,True,False,0.0,0.0,0.794,0.804,,
12,6105,2025-03-26T23:25:03+00:00,1.0,22,False,False,True,True,False,0.0,0.0,0.0,0.008,,
12,6106,2025-03-27T00:20:05+00:00,1.0,22,True,True,True,True,True,1.0,1.0,1.0,1.0,,
12,6107,2025-03-27T01:15:02+00:00,1.0,22,True,True,True,True,True,1.0,1.0,1.0,1.0,,
12,6108,2025-03-27T02:10:07+00:00,1.0,22,False,True,True,True,False,0.0,0.0,0.275,0.342,,
12,6109,2025-03-27T03:05:03+00:00,1.0,22,False,False,False,False,False,0.0,0.01,0.085,0.672,,
12,6110,2025-03-27T04:00:05+00:00,1.0,22,False,False,False,False,False,0.0,0.002,0.022,0.022,,
12,6111,2025-03-27T04:55:03+00:00,1.0,22,False,True,True,True,False,0.0,0.0,0.0,0.0,,
12,6112,2025-03-27T05:50:05+00:00,1.0,22,False,False,False,True,True,0.779,0.779,0.779,0.779,,
12,6113,2025-03-27T06:45:03+00:00,1.0,22,True,False,False,False,False,0.0,0.0,0.0,0.0,,
12,6114,2025-03-27T07:40:05+00:00,1.0,22,False,False,False,False,False,0.0,0.0,0.532,0.532,,
12,6115,2025-03-27T08:35:03+00:00,1.0,22,False,False,False,False,False,0.0,0.0,0.153,0.244,,
12,6116,2025-03-27T09:30:05+00:00,1.0,22,False,False,False,False,False,0.0,0.0,0.0,0.0,,
12,6117,2025-03-27T10:25:03+00:00,1.0,22,False,False,False,False,False,0.0,0.0,0.01,0.01,,
12,6118,2025-03-27T11:20:05+00:00,1.0,22,False,True,True,True,True,0.717,0.718,0.74,0.75,,
12,6119,2025-03-27T12:15:03+00:00,1.0,22,False,False,False,True,False,0.0,0.571,0.669,0.669,,
12,6120,2025-03-27T13:10:05+00:00,1.0,22,False,True,True,True,False,0.0,0.0,0.0,0.014,,
12,6121,2025-03-27T14:05:03+00:00,1.0,22,False,True,True,True,False,0.0,0.108,0.127,0.363,,
12,6122,2025-03-27T15:00:05+00:00,1.0,22,True,True,True,True,True,1.0,1.0,1.0,1.0,,
12,6123,2025-03-27T15:55:03+00:00,1.0,22,False,False,False,False,False,0.0,0.0,0.0,0.0,,
12,6124,2025-03-27T16:50:05+00:00,1.0,22,False,False,False,False,False,0.0,0.0,0.0,0.0,,
12,6125,2025-03-27T17:45:02+00:00,1.0,22,False,False,False,False,True,0.0,0.755,1.0,1.0,,
12,6126,2025-03-27T18:40:05+00:00,1.0,22,False,False,False,False,False,0.0,0.019,0.045,0.279,,
12,6127,2025-03-27T19:35:03+00:00,1.0,22,False,False,False,False,False,0.0,0.0,0.0,0.0,,
12,6128,2025-03-27T20:30:05+00:00,1.0,22,False,False,False,False,False,0.0,0.0,0.151,0.403,,
12,6129,2025-03-27T21:25:03+00:00,1.0,22,False,False,False,False,False,0.0,0.0,0.0,0.0,,
12,6130,2025-03-27T22:20:05+00:00,1.0,22,False,False,False,False,False,0.0,0.0,0.0,0.0,,
12,6131,2025-03-28T00:15:03+00:00,1.0,22,False,False,False,False,False,0.0,0.0,0.0,0.0,,
12,6132,2025-03-28T01:10:05+00:00,1.0,22,False,False,False,False,False,0.0,0.0,0.0,0.0,,
12,6133,2025-03-28T02:05:03+00:00,1.0,22,False,False,False,False,False,0.0,0.0,0.0,0.0,,
12,6134,2025-03-28T03:00:05+00:00,1.0,22,False,False,False,False,False,0.0,0.0,0.0,0.0,,
12,6135,2025-03-28T03:55:03+00:00,1.0,22,False,False,False,True,False,0.0,0.0,0.403,0.403,,
12,6136,2025-03-28T04:50:05+00:00,1.0,22,False,True,True,True,False,0.0,0.0,0.0,0.0,,
12,6137,2025-03-28T05:45:02+00:00,1.0,22,False,False,False,False,False,0.0,0.0,0.0,0.0,,
12,6138,2025-03-28T06:40:05+00:00,1.0,22,False,False,False,True,False,0.0,0.0,0.043,0.251,,
12,6139,2025-03-28T07:35:02+00:00,1.0,22,True,True,True,True,True,1.0,1.0,1.0,1.0,,
12,6140,2025-03-28T08:30:05+00:00,1.0,22,True,True,True,True,True,1.0,1.0,1.0,1.0,,
12,6141,2025-03-28T09:25:03+00:00,1.0,22,True,True,True,True,True,1.0,1.0,1.0,1.0,,
12,6142,2025-03-28T10:20:05+00:00,1.0,22,True,True,True,True,True,1.0,1.0,1.0,1.0,,
12,6143,2025-03-28T11:15:03+00:00,1.0,22,False,False,False,False,False,0.0,0.0,0.0,0.0,,
12,6144,2025-03-28T12:10:07+00:00,1.0,22,False,False,False,False,False,0.0,0.0,0.0,0.099,,
12,6145,2025-03-28T13:05:03+00:00,1.0,22,False,False,False,False,False,0.0,0.0,0.016,0.049,,
12,6146,2025-03-28T14:00:05+00:00,1.0,22,False,False,False,False,False,0.0,0.0,0.018,0.02,,
12,6147,2025-03-28T14:55:02+00:00,1.0,22,False,False,False,False,False,0.0,0.037,0.244,0.244,,
12,6148,2025-03-28T15:50:05+00:00,1.0,22,False,False,False,False,False,0.0,0.0,0.034,0.056,,
12,6149,2025-03-28T16:45:02+00:00,1.0,22,False,False,False,False,False,0.0,0.0,0.0,0.0,,
12,6150,2025-03-28T17:40:05+00:00,1.0,22,False,False,False,False,False,0.0,0.0,0.0,0.0,,
12,6151,2025-03-28T18:35:02+00:00,1.0,22,False,False,False,False,False,0.0,0.0,0.0,0.0,,
12,6152,2025-03-28T19:30:05+00:00,1.0,22,False,False,False,False,False,0.0,0.0,0.0,0.0,,
12,6153,2025-03-28T20:25:02+00:00,1.0,22,False,False,False,False,False,0.0,0.0,0.0,0.0,,
12,6154,2025-03-28T21:20:05+00:00,1.0,22,False,False,False,False,False,0.0,0.0,0.0,0.0,,
12,6155,2025-03-28T22:15:03+00:00,1.0,22,False,False,False,False,False,0.0,0.0,0.0,0.0,,
12,6156,2025-03-28T23:10:05+00:00,1.0,22,False,False,False,False,False,0.0,0.0,0.0,0.0,,
12,6157,2025-03-29T00:05:03+00:00,1.0,22,False,False,False,False,False,0.0,0.0,0.0,0.0,,
12,6158,2025-03-29T01:00:05+00:00,1.0,22,False,False,False,False,False,0.0,0.0,0.0,0.0,,
12,6159,2025-03-29T01:55:03+00:00,1.0,22,False,False,False,False,False,0.0,0.0,0.0,0.0,,
12,6160,2025-03-29T02:50:05+00:00,1.0,22,False,False,False,False,False,0.0,0.0,0.0,0.0,,
12,6161,2025-03-29T03:45:03+00:00,1.0,18,False,False,False,False,False,0.0,0.0,0.0,0.0,,
12,6162,2025-03-29T04:40:05+00:00,1.0,7,False,False,False,False,False,0.0,0.0,0.0,0.0,,
12,6163,2025-03-29T08:20:05+00:00,1.0,4,False,False,False,False,False,0.0,0.0,0.0,0.0,,
12,6164,2025-03-29T09:15:02+00:00,1.0,15,False,False,False,False,False,0.0,0.0,0.0,0.0,,
12,6165,2025-03-29T10:10:07+00:00,1.0,22,False,False,False,False,False,0.0,0.0,0.0,0.0,,
12,6166,2025-03-29T11:05:02+00:00,1.0,22,False,False,False,True,False,0.0,0.0,0.0,0.0,,
12,6167,2025-03-29T12:00:05+00:00,1.0,22,False,True,True,True,False,0.0,0.0,0.0,0.253,,
12,6168,2025-03-29T12:55:02+00:00,1.0,22,False,False,True,True,False,0.0,0.0,0.0,0.152,,
12,6169,2025-03-29T13:50:05+00:00,1.0,22,False,False,False,False,True,1.0,1.0,1.0,1.0,,
12,6170,2025-03-29T14:45:03+00:00,1.0,22,False,False,False,False,False,0.0,0.0,0.0,0.0,,
12,6171,2025-03-29T15:40:05+00:00,1.0,22,False,False,False,False,False,0.0,0.0,0.105,0.12,,
12,6172,2025-03-29T16:35:03+00:00,1.0,22,False,False,False,True,True,0.296,1.0,1.0,1.0,,
12,6173,2025-03-29T17:30:04+00:00,1.0,22,True,True,True,True,True,1.0,1.0,1.0,1.0,,
12,6174,2025-03-29T18:25:02+00:00,1.0,22,True,True,True,True,True,1.0,1.0,1.0,1.0,,
12,6175,2025-03-29T19:20:05+00:00,1.0,22,True,True,True,True,True,0.183,0.183,0.706,0.756,,
12,6176,2025-03-29T20:15:03+00:00,1.0,16,True,True,True,True,False,0.0,0.0,0.0,0.0,,
12,6177,2025-03-29T21:10:05+00:00,1.0,5,False,False,False,False,False,0.0,0.0,0.0,0.0,,
12,6178,2025-03-30T01:45:03+00:00,1.0,2,False,False,False,False,False,0.0,0.0,0.0,0.0,,
12,6179,2025-03-30T02:40:05+00:00,1.0,13,False,False,False,False,False,0.0,0.0,0.0,0.0,,
12,6180,2025-03-30T03:35:03+00:00,1.0,22,False,False,False,False,False,0.0,0.0,0.0,0.0,,
12,6181,2025-03-30T04:30:05+00:00,1.0,22,False,False,False,True,False,0.0,0.0,0.061,0.555,,
12,6182,2025-03-30T05:25:03+00:00,1.0,18,False,True,True,True,True,1.0,1.0,1.0,1.0,,
12,6183,2025-03-30T06:20:05+00:00,1.0,7,False,False,False,False,False,0.0,0.0,0.0,0.0,,
12,6184,2025-03-31T01:35:03+00:00,1.0,11,False,False,False,False,False,0.0,0.0,0.0,0.0,,
12,6185,2025-03-31T02:30:05+00:00,1.0,22,False,False,False,False,False,0.0,0.0,0.0,0.0,,
12,6186,2025-03-31T03:25:03+00:00,1.0,22,False,False,False,False,False,0.0,0.0,0.0,0.0,,
12,6187,2025-03-31T04:20:05+00:00,1.0,22,False,False,False,False,False,0.0,0.0,0.0,0.0,,
12,6188,2025-03-31T05:15:02+00:00,1.0,22,False,False,False,False,False,0.0,0.0,0.0,0.0,,
12,6189,2025-03-31T06:10:07+00:00,1.0,22,False,False,False,False,False,0.0,0.0,0.0,0.0,,
12,6190,2025-03-31T07:05:02+00:00,1.0,22,False,False,False,False,False,0.0,0.0,0.0,0.0,,
12,6191,2025-03-31T08:00:05+00:00,1.0,22,False,False,False,False,False,0.0,0.0,0.054,0.054,,
12,6192,2025-03-31T08:55:03+00:00,1.0,22,False,False,False,False,False,0.0,0.0,0.034,0.054,,
12,6193,2025-03-31T09:50:05+00:00,1.0,22,False,False,False,False,False,0.0,0.0,0.0,0.0,,
12,6194,2025-03-31T10:45:02+00:00,1.0,22,False,False,False,False,False,0.0,0.0,0.0,0.0,,
12,6195,2025-03-31T11:40:05+00:00,1.0,22,False,False,False,False,False,0.0,0.0,0.0,0.0,,
12,6196,2025-03-31T12:35:02+00:00,1.0,22,False,False,False,False,False,0.0,0.0,0.0,0.0,,
12,6197,2025-03-31T13:30:05+00:00,1.0,22,False,False,False,False,False,0.0,0.0,0.403,0.403,,
12,6198,2025-03-31T14:25:03+00:00,1.0,22,False,False,False,False,False,0.0,0.0,0.0,0.0,,
12,6199,2025-03-31T15:20:05+00:00,1.0,22,False,False,False,False,False,0.0,0.0,0.0,0.0,,
12,6200,2025-03-31T16:15:02+00:00,1.0,22,False,False,False,False,False,0.0,0.0,0.0,0.0,,
12,6201,2025-03-31T17:10:05+00:00,1.0,22,False,False,False,False,False,0.155,0.155,0.155,0.155,,
12,6202,2025-03-31T18:05:02+00:00,1.0,22,False,False,False,False,False,0.0,0.0,0.0,0.0,,
12,6203,2025-03-31T19:00:05+00:00,1.0,22,False,False,False,False,False,0.0,0.0,0.0,0.0,,
12,6204,2025-03-31T19:55:03+00:00,1.0,22,False,False,False,True,False,0.0,0.0,0.0,0.0,,
12,6205,2025-03-31T20:50:05+00:00,1.0,22,True,False,False,False,False,0.046,0.046,0.046,0.046,,
12,6206,2025-03-31T21:45:03+00:00,1.0,22,False,False,True,True,True,0.547,0.637,0.656,0.675,,
12,6207,2025-03-31T22:40:05+00:00,1.0,22,True,False,False,False,False,0.0,0.0,0.0,0.0,,
12,6208,2025-03-31T23:35:03+00:00,1.0,22,False,False,False,False,False,0.0,0.0,0.0,0.0,,
12,6209,2025-04-01T00:30:05+00:00,1.0,22,False,False,False,False,False,0.0,0.0,0.0,0.0,,
12,6210,2025-04-01T01:25:02+00:00,1.0,22,False,False,False,False,False,0.0,0.0,0.0,0.0,,
12,6211,2025-04-01T02:20:05+00:00,1.0,22,False,False,False,False,False,0.0,0.0,0.0,0.0,,
12,6212,2025-04-01T03:15:03+00:00,1.0,22,False,False,False,False,False,0.0,0.0,0.0,0.0,,
12,6213,2025-04-01T04:10:07+00:00,1.0,12,False,False,False,False,False,0.0,0.0,0.0,0.0,,
12,6214,2025-04-01T05:05:02+00:00,1.0,7,False,False,False,False,False,0.0,0.0,0.0,0.0,,
12,6215,2025-04-01T07:20:05+00:00,1.0,22,False,False,False,False,False,0.0,0.0,0.0,0.0,,
12,6216,2025-04-01T08:15:02+00:00,1.0,22,False,False,False,False,False,0.0,0.0,0.0,0.0,,
12,6217,2025-04-01T09:10:05+00:00,1.0,22,False,False,False,True,False,0.0,0.0,0.0,0.0,,
12,6218,2025-04-01T10:05:03+00:00,1.0,22,True,True,True,True,True,0.512,0.512,0.512,0.512,,
12,6219,2025-04-01T11:00:05+00:00,1.0,22,False,False,False,False,False,0.0,0.0,0.0,0.0,,
12,6220,2025-04-01T11:55:02+00:00,1.0,22,False,False,False,False,False,0.0,0.0,0.0,0.0,,
12,6221,2025-04-01T12:50:05+00:00,1.0,22,False,False,False,False,False,0.0,0.0,0.0,0.0,,
12,6222,2025-04-01T13:45:02+00:00,1.0,22,False,False,False,False,False,0.0,0.0,0.0,0.223,,
12,6223,2025-04-01T14:40:05+00:00,1.0,22,False,False,False,False,False,0.0,0.0,0.0,0.0,,
12,6224,2025-04-01T15:35:02+00:00,1.0,22,False,False,False,False,False,0.0,0.0,0.0,0.0,,
12,6225,2025-04-01T16:30:06+00:00,1.0,22,False,True,True,True,False,0.0,0.054,0.054,0.054,,
12,6226,2025-04-01T17:25:02+00:00,1.0,22,True,True,True,True,True,1.0,1.0,1.0,1.0,,
12,6227,2025-04-01T18:20:05+00:00,1.0,22,False,True,True,True,False,0.0,0.005,0.022,0.022,,
12,6228,2025-04-01T19:15:03+00:00,1.0,22,False,False,False,False,False,0.0,0.0,0.0,0.0,,
12,6229,2025-04-01T20:10:07+00:00,1.0,22,False,False,False,False,False,0.0,0.0,0.0,0.0,,
12,6230,2025-04-01T21:05:02+00:00,1.0,22,False,False,False,False,False,0.0,0.0,0.008,0.046,,
12,6231,2025-04-01T22:00:05+00:00,1.0,22,False,False,False,False,False,0.0,0.0,0.0,0.0,,
12,6232,2025-04-01T22:55:02+00:00,1.0,22,False,False,False,False,False,0.0,0.0,0.0,0.0,,
12,6233,2025-04-01T23:50:05+00:00,1.0,22,False,False,False,False,False,0.0,0.0,0.0,0.0,,
12,6234,2025-04-02T00:45:03+00:00,1.0,22,False,False,False,False,False,0.0,0.0,0.0,0.0,,
12,6235,2025-04-02T01:40:05+00:00,1.0,22,False,False,False,False,False,0.0,0.0,0.0,0.0,,
12,6236,2025-04-02T02:35:02+00:00,1.0,22,False,False,False,False,False,0.0,0.0,0.0,0.0,,
12,6237,2025-04-02T03:30:05+00:00,1.0,22,False,False,False,False,False,0.0,0.0,0.0,0.0,,
12,6238,2025-04-02T04:25:03+00:00,1.0,22,False,False,False,False,False,0.0,0.0,0.0,0.0,,
12,6239,2025-04-02T05:20:04+00:00,1.0,22,False,False,False,False,False,0.0,0.0,0.0,0.0,,
12,6240,2025-04-02T06:15:03+00:00,1.0,22,False,False,False,False,False,0.0,0.0,0.0,0.0,,
12,6241,2025-04-02T07:10:04+00:00,1.0,17,False,False,False,False,False,0.0,0.0,0.0,0.0,,
12,6242,2025-04-02T08:05:03+00:00,1.0,6,False,False,False,False,False,0.0,0.0,0.0,0.0,,
12,6243,2025-04-03T07:00:05+00:00,1.0,1,False,False,False,False,False,0.0,0.0,0.0,0.0,,
12,6244,2025-04-03T07:55:02+00:00,1.0,9,False,False,False,False,False,0.0,0.0,0.0,0.0,,
12,6245,2025-04-03T08:50:05+00:00,1.0,19,False,False,False,False,False,0.0,0.0,0.0,0.0,,
12,6246,2025-04-03T09:45:03+00:00,1.0,22,False,False,False,False,False,0.0,0.0,0.0,0.0,,
12,6247,2025-04-03T10:40:05+00:00,1.0,22,False,False,False,False,False,0.0,0.0,0.0,0.001,,
12,6248,2025-04-03T11:35:03+00:00,1.0,22,False,False,False,False,False,0.0,0.0,0.01,0.01,,
12,6249,2025-04-03T12:30:05+00:00,1.0,22,False,False,False,False,False,0.0,0.0,0.0,0.0,,
12,6250,2025-04-03T13:25:02+00:00,1.0,22,False,False,False,False,True,1.0,1.0,1.0,1.0,,
12,6251,2025-04-03T14:20:05+00:00,1.0,22,False,False,False,False,True,1.0,1.0,1.0,1.0,,
12,6252,2025-04-03T15:15:03+00:00,1.0,20,False,False,False,False,False,0.0,0.0,0.0,0.0,,
12,6253,2025-04-03T16:10:07+00:00,1.0,20,False,False,False,False,False,0.0,0.0,0.0,0.0,,
12,6254,2025-04-03T17:05:02+00:00,1.0,13,False,False,False,False,False,0.0,0.0,0.0,0.252,,
12,6255,2025-04-03T18:00:05+00:00,1.0,2,False,False,False,False,False,0.0,0.0,0.0,0.0,,
12,6256,2025-04-04T08:40:05+00:00,20.0,0,False,False,False,False,False,0.0,0.0,0.0,0.0,,
12,6257,2025-04-04T09:35:03+00:00,1.0,11,False,False,False,True,False,0.0,0.0,0.218,0.476,,
12,6258,2025-04-04T10:30:05+00:00,1.0,22,True,True,True,True,False,0.0,0.0,0.0,0.0,,
12,6259,2025-04-04T11:25:03+00:00,1.0,22,True,True,True,True,True,1.0,1.0,1.0,1.0,,
12,6260,2025-04-04T12:20:05+00:00,1.0,22,True,True,True,True,True,1.0,1.0,1.0,1.0,,
12,6261,2025-04-04T13:15:03+00:00,1.0,22,True,True,True,True,False,0.0,0.0,0.0,0.0,,
12,6262,2025-04-04T14:10:07+00:00,1.0,22,False,False,False,False,False,0.0,0.0,0.0,0.0,,
12,6263,2025-04-04T15:05:02+00:00,1.0,20,False,False,False,False,True,0.0,0.288,0.908,0.908,,
12,6264,2025-04-04T16:00:05+00:00,1.0,9,False,False,False,False,True,0.0,0.207,0.299,0.299,,
12,6265,2025-04-06T01:00:05+00:00,1.0,11,False,False,False,False,False,0.0,0.0,0.0,0.0,,
12,6266,2025-04-06T01:55:03+00:00,1.0,22,False,False,False,False,False,0.0,0.0,0.0,0.0,,
12,6267,2025-04-06T02:50:05+00:00,1.0,22,False,False,False,False,False,0.0,0.0,0.001,0.001,,
12,6268,2025-04-06T03:45:03+00:00,1.0,22,False,False,False,False,False,0.0,0.0,0.054,0.1,,
12,6269,2025-04-06T04:40:05+00:00,1.0,22,False,False,False,True,False,0.0,0.0,0.0,0.0,,
12,6270,2025-04-06T05:35:03+00:00,1.0,22,True,True,True,True,True,1.0,1.0,1.0,1.0,,
12,6271,2025-04-06T06:30:05+00:00,1.0,22,False,True,True,True,True,1.0,1.0,1.0,1.0,,
12,6272,2025-04-06T07:25:03+00:00,1.0,22,True,True,True,True,True,0.551,0.79,0.827,0.944,,
12,6273,2025-04-06T08:20:05+00:00,1.0,22,True,True,True,True,True,1.0,1.0,1.0,1.0,,
12,6274,2025-04-06T09:15:03+00:00,1.0,22,True,False,False,True,True,1.0,1.0,1.0,1.0,,
12,6275,2025-04-06T10:10:07+00:00,1.0,22,True,False,True,True,True,1.0,1.0,1.0,1.0,,
12,6276,2025-04-06T11:05:02+00:00,1.0,22,False,True,True,True,True,0.731,0.992,0.994,0.995,,
12,6277,2025-04-06T12:00:05+00:00,1.0,22,True,True,True,True,True,1.0,1.0,1.0,1.0,,
12,6278,2025-04-06T12:55:03+00:00,1.0,22,True,True,True,True,True,1.0,1.0,1.0,1.0,,
12,6279,2025-04-06T13:50:05+00:00,1.0,22,True,True,True,True,True,1.0,1.0,1.0,1.0,,
12,6280,2025-04-06T14:45:02+00:00,1.0,22,True,True,True,True,True,1.0,1.0,1.0,1.0,,
12,6281,2025-04-06T15:40:05+00:00,1.0,17,False,False,False,False,False,0.0,0.0,0.0,0.0,,
12,6282,2025-04-06T16:35:03+00:00,1.0,6,False,False,False,False,False,0.0,0.0,0.0,0.0,,
12,6283,2025-04-06T17:30:05+00:00,20.0,0,False,False,False,False,False,0.0,0.0,0.0,0.0,,
12,6284,2025-04-08T09:50:05+00:00,20.0,0,False,False,False,False,False,0.0,0.0,0.0,0.0,,
12,6285,2025-04-08T19:00:05+00:00,20.0,0,False,False,False,False,False,0.0,0.0,0.0,0.0,,
12,6286,2025-04-10T04:00:05+00:00,1.0,1,False,False,False,False,False,0.0,0.0,0.0,0.0,,
12,6287,2025-04-10T04:55:03+00:00,1.0,1,False,False,False,False,False,0.0,0.0,0.0,0.0,,
12,6288,2025-04-10T07:40:05+00:00,1.0,6,False,False,False,False,False,0.0,0.0,0.0,0.0,,
12,6289,2025-04-10T08:35:03+00:00,1.0,17,False,False,False,False,False,0.0,0.0,0.0,0.0,,
12,6290,2025-04-10T09:30:05+00:00,1.0,22,False,False,False,False,False,0.0,0.0,0.0,0.0,,
12,6291,2025-04-10T10:25:02+00:00,1.0,22,False,True,True,True,True,0.523,0.523,0.523,0.613,,
12,6292,2025-04-10T11:20:05+00:00,1.0,22,False,False,True,True,True,0.311,0.333,0.978,0.981,,
12,6293,2025-04-10T12:15:02+00:00,1.0,22,True,True,True,True,True,1.0,1.0,1.0,1.0,,
12,6294,2025-04-10T13:10:05+00:00,1.0,22,False,False,False,True,False,0.0,0.055,0.092,0.458,,
12,6295,2025-04-10T14:05:03+00:00,1.0,22,False,False,False,False,True,1.0,1.0,1.0,1.0,,
12,6296,2025-04-10T15:00:05+00:00,1.0,22,False,False,False,False,False,0.0,0.0,0.0,0.253,,
12,6297,2025-04-10T15:55:03+00:00,1.0,18,False,False,False,False,True,0.0,0.0,0.299,0.312,,
12,6298,2025-04-10T16:50:05+00:00,1.0,7,False,False,False,False,False,0.0,0.0,0.0,0.0,,
12,6299,2025-04-12T06:25:03+00:00,20.0,0,False,False,False,False,False,0.0,0.0,0.0,0.0,,
12,6300,2025-04-12T07:20:05+00:00,20.0,0,False,False,False,False,False,0.0,0.0,0.0,0.0,,
12,6301,2025-04-13T10:50:05+00:00,1.0,4,False,False,False,False,False,0.0,0.0,0.0,0.0,0.0,False
12,6302,2025-04-13T11:45:03+00:00,1.0,15,False,False,False,False,False,0.0,0.0,0.0,0.0,0.0,False
12,6303,2025-04-13T12:40:05+00:00,1.0,22,False,False,False,False,False,0.0,0.0,0.0,0.207,0.0,False
12,6304,2025-04-13T13:35:03+00:00,1.0,22,False,False,False,False,False,0.0,0.04,0.045,0.045,0.0,False
12,6305,2025-04-13T14:30:05+00:00,1.0,22,False,False,False,True,True,0.0,0.188,0.6,0.621,0.0,False
12,6306,2025-04-13T15:25:03+00:00,1.0,22,True,True,True,True,True,1.0,1.0,1.0,1.0,0.0,False
12,6307,2025-04-13T16:20:05+00:00,1.0,22,True,True,True,True,True,1.0,1.0,1.0,1.0,0.0,False
12,6308,2025-04-13T17:15:02+00:00,1.0,22,True,True,True,True,True,1.0,1.0,1.0,1.0,0.0,False
12,6309,2025-04-13T18:10:07+00:00,1.0,22,False,False,False,False,True,0.126,0.299,0.299,0.299,0.0,False
12,6310,2025-04-13T19:05:03+00:00,1.0,22,False,False,False,False,False,0.0,0.0,0.0,0.008,0.0,False
12,6311,2025-04-13T20:00:05+00:00,1.0,22,False,False,False,False,False,0.0,0.0,0.0,0.0,0.0,False
12,6312,2025-04-13T20:55:03+00:00,1.0,22,False,False,False,False,False,0.0,0.0,0.0,0.0,0.0,False
12,6313,2025-04-13T21:50:05+00:00,1.0,22,False,False,False,False,False,0.0,0.0,0.001,0.002,0.0,False
12,6314,2025-04-13T22:45:03+00:00,1.0,22,False,False,False,True,True,0.0,0.29,0.29,0.29,0.0,False
12,6315,2025-04-13T23:40:05+00:00,1.0,22,True,False,False,False,True,1.0,1.0,1.0,1.0,0.0,False
12,6316,2025-04-14T00:35:02+00:00,1.0,22,False,False,False,True,False,0.0,0.037,0.244,0.244,0.11677777777777779,True
12,6317,2025-04-14T01:30:04+00:00,1.0,22,False,True,True,True,True,1.0,1.0,1.0,1.0,0.2501111111111111,True
12,6318,2025-04-14T02:25:02+00:00,1.0,22,False,False,False,False,False,0.0,0.0,0.008,0.02,0.21655555555555556,True
12,6319,2025-04-14T03:20:05+00:00,1.0,22,False,True,True,True,False,0.0,0.0,0.0,0.008,0.13347222222222224,True
12,6320,2025-04-14T04:15:03+00:00,1.0,22,False,False,False,False,False,0.0,0.0,0.0,0.527,0.14983333333333335,True
12,6321,2025-04-14T05:10:05+00:00,1.0,22,False,False,False,False,False,0.0,0.0,0.022,0.069,0.0,False
12,6322,2025-04-14T06:05:02+00:00,1.0,22,False,False,False,True,False,0.0,0.0,0.001,0.057,0.00838888888888889,False
12,6323,2025-04-14T07:00:05+00:00,1.0,22,True,True,True,True,True,1.0,1.0,1.0,1.0,0.1001388888888889,True
12,6324,2025-04-14T07:55:03+00:00,1.0,22,False,False,False,True,False,0.03,0.257,0.569,0.716,0.19175,True
12,6325,2025-04-14T08:50:05+00:00,1.0,22,True,True,True,True,True,1.0,1.0,1.0,1.0,0.11652777777777779,True
12,6326,2025-04-14T09:45:03+00:00,1.0,22,True,True,True,True,True,1.0,1.0,1.0,1.0,0.32525000000000004,True
12,6327,2025-04-14T10:40:05+00:00,1.0,22,True,True,True,True,True,1.0,1.0,1.0,1.0,0.13277777777777777,True
12,6328,2025-04-14T11:35:03+00:00,1.0,22,False,False,False,False,False,0.0,0.0,0.0,0.0,0.0,False
12,6329,2025-04-14T12:30:05+00:00,1.0,22,False,False,False,False,False,0.0,0.0,0.02,0.054,0.0,False
12,6330,2025-04-14T13:25:02+00:00,1.0,22,False,False,False,False,False,0.0,0.0,0.02,0.054,0.04172222222222223,False
12,6331,2025-04-14T14:20:05+00:00,1.0,22,False,False,False,False,False,0.0,0.0,0.0,0.0,0.06652777777777778,False
12,6332,2025-04-14T15:15:03+00:00,1.0,22,False,True,True,True,False,0.0,0.0,0.222,0.394,0.025083333333333336,False
12,6333,2025-04-14T16:10:07+00:00,1.0,22,False,True,True,True,True,0.322,0.549,0.751,0.969,0.08313888888888889,False
12,6334,2025-04-14T17:05:02+00:00,1.0,22,False,True,True,True,False,0.017,0.017,0.174,0.477,0.01677777777777778,False
12,6335,2025-04-14T18:00:05+00:00,1.0,22,False,False,False,False,False,0.0,0.0,0.099,0.647,0.20013888888888892,True
12,6336,2025-04-14T18:55:02+00:00,1.0,22,False,False,True,True,False,0.0,0.0,0.302,0.489,0.29172222222222216,True
12,6337,2025-04-14T19:50:05+00:00,1.0,22,True,True,True,True,True,1.0,1.0,1.0,1.0,0.9677777777777778,True
12,6338,2025-04-14T20:45:02+00:00,1.0,22,True,True,True,True,False,0.134,0.134,0.135,0.182,0.34944444444444445,True
12,6339,2025-04-14T21:40:05+00:00,1.0,22,False,False,False,False,False,0.0,0.0,0.0,0.0,0.23361111111111113,True
12,6340,2025-04-14T22:35:03+00:00,1.0,22,False,False,False,True,False,0.0,0.0,0.296,0.438,0.18316666666666667,True
12,6341,2025-04-14T23:30:05+00:00,1.0,22,True,True,True,True,True,1.0,1.0,1.0,1.0,0.1501388888888889,True
12,6342,2025-04-15T00:25:02+00:00,1.0,22,True,False,False,True,True,0.822,0.962,0.962,0.963,0.1582777777777778,True
12,6343,2025-04-15T01:20:05+00:00,1.0,22,True,False,False,True,True,1.0,1.0,1.0,1.0,0.2673611111111111,True
12,6344,2025-04-15T02:15:03+00:00,1.0,22,True,True,True,True,True,1.0,1.0,1.0,1.0,0.49966666666666665,True
12,6345,2025-04-15T03:10:05+00:00,1.0,22,True,True,True,True,True,1.0,1.0,1.0,1.0,0.18319444444444447,True
12,6346,2025-04-15T04:05:03+00:00,1.0,22,False,False,True,True,False,0.0,0.0,0.0,0.008,0.10841666666666668,True
12,6347,2025-04-15T05:00:05+00:00,1.0,22,True,True,True,True,True,1.0,1.0,1.0,1.0,0.20013888888888892,True
12,6348,2025-04-15T05:55:02+00:00,1.0,22,False,False,False,False,True,0.0,0.0,0.459,0.647,0.29172222222222216,True
12,6349,2025-04-15T06:50:05+00:00,1.0,22,False,False,False,False,False,0.0,0.0,0.154,0.459,0.04958333333333333,False
12,6350,2025-04-15T07:45:02+00:00,1.0,22,False,False,False,False,False,0.0,0.0,0.008,0.046,0.07505555555555556,False
12,6351,2025-04-15T08:40:04+00:00,1.0,22,False,True,True,True,False,0.38,0.657,0.839,0.839,0.03322222222222222,False
12,6352,2025-04-15T09:35:03+00:00,1.0,22,True,True,True,True,True,1.0,1.0,1.0,1.0,0.2336666666666667,True
12,6353,2025-04-15T10:30:05+00:00,1.0,22,True,True,True,True,True,1.0,1.0,1.0,1.0,0.24958333333333335,True
12,6354,2025-04-15T11:25:03+00:00,1.0,22,True,True,True,True,True,1.0,1.0,1.0,1.0,0.05825,False
12,6355,2025-04-15T12:20:05+00:00,1.0,22,True,True,True,True,True,1.0,1.0,1.0,1.0,0.06694444444444446,False
12,6356,2025-04-15T13:15:02+00:00,1.0,22,True,True,True,True,True,1.0,1.0,1.0,1.0,0.2,True
12,6357,2025-04-15T14:10:08+00:00,1.0,22,False,False,False,True,True,0.0,0.0,0.352,0.523,0.2168888888888889,True
12,6358,2025-04-15T15:05:03+00:00,1.0,22,False,True,True,True,True,0.263,0.701,0.77,0.783,0.3084166666666666,True
12,6359,2025-04-15T16:00:05+00:00,1.0,22,True,False,True,True,True,1.0,1.0,1.0,1.0,0.3994444444444445,True
12,6360,2025-04-15T16:55:03+00:00,1.0,22,False,False,False,False,True,1.0,1.0,1.0,1.0,0.033,False
12,6361,2025-04-15T17:50:05+00:00,1.0,22,False,False,False,False,False,0.0,0.0,0.003,0.003,0.0,False
12,6362,2025-04-15T18:45:02+00:00,1.0,22,False,False,False,False,False,0.0,0.0,0.0,0.02,0.0,False
12,6363,2025-04-15T19:40:05+00:00,1.0,22,False,False,True,True,True,0.0,0.064,0.766,0.867,0.0,False
12,6364,2025-04-15T20:35:03+00:00,1.0,22,False,False,False,False,True,1.0,1.0,1.0,1.0,0.0,False
12,6365,2025-04-15T21:30:04+00:00,1.0,22,False,False,False,False,False,0.0,0.083,0.577,0.668,0.0,False
12,6366,2025-04-15T22:25:02+00:00,1.0,22,False,True,True,True,False,0.0,0.0,0.113,0.465,0.0,False
12,6367,2025-04-15T23:20:05+00:00,1.0,14,False,False,False,True,False,0.0,0.033,0.475,0.581,0.03347222222222223,False
12,6368,2025-04-16T00:15:02+00:00,1.0,3,True,False,False,False,True,1.0,1.0,1.0,1.0,0.07494444444444445,False
12,6369,2025-04-16T04:50:05+00:00,20.0,0,False,False,False,False,False,0.0,0.0,0.0,0.0,0.0,False
12,6370,2025-04-16T07:35:03+00:00,1.0,6,False,False,False,False,False,0.0,0.0,0.0,0.0,0.0,False
12,6371,2025-04-16T08:30:05+00:00,1.0,17,False,False,False,False,False,0.0,0.0,0.0,0.0,0.0,False
12,6372,2025-04-16T09:25:03+00:00,1.0,22,False,False,False,True,True,0.0,0.0,0.701,0.93,0.0,False
12,6373,2025-04-16T10:20:05+00:00,1.0,22,True,True,True,True,True,1.0,1.0,1.0,1.0,0.0,False
12,6374,2025-04-16T11:15:03+00:00,1.0,22,False,False,False,False,False,0.0,0.0,0.304,0.349,0.025083333333333336,False
12,6375,2025-04-16T12:10:07+00:00,1.0,22,False,True,True,True,False,0.0,0.0,0.0,0.033,0.08313888888888889,False
12,6376,2025-04-16T13:05:02+00:00,1.0,22,True,True,True,True,True,1.0,1.0,1.0,1.0,0.0,False
12,6377,2025-04-16T14:00:05+00:00,1.0,22,True,True,True,True,False,0.0,0.046,0.073,0.242,0.0,False
12,6378,2025-04-16T14:55:02+00:00,1.0,22,False,False,False,False,False,0.0,0.0,0.487,0.502,0.0,False
12,6379,2025-04-16T15:50:05+00:00,1.0,22,False,False,False,False,False,0.0,0.042,0.263,0.35,0.0,False
12,6380,2025-04-16T16:45:03+00:00,1.0,22,False,False,False,True,True,0.0,0.0,0.854,0.946,0.0,False
12,6381,2025-04-16T17:40:06+00:00,1.0,22,True,False,False,False,True,1.0,1.0,1.0,1.0,0.0,False
12,6382,2025-04-16T18:35:02+00:00,1.0,22,False,False,False,False,False,0.0,0.0,0.034,0.59,0.11677777777777779,True
12,6383,2025-04-16T19:30:05+00:00,1.0,22,False,False,False,False,False,0.0,0.0,0.207,0.515,0.35041666666666665,True
12,6384,2025-04-16T20:25:02+00:00,1.0,22,False,False,False,True,False,0.0,0.0,0.137,0.495,0.29138888888888886,True
12,6385,2025-04-16T21:20:05+00:00,1.0,22,False,False,False,False,False,0.0,0.0,0.037,0.125,0.0,False
12,6386,2025-04-16T22:15:03+00:00,1.0,22,False,False,True,True,False,0.0,0.0,0.0,0.009,0.0,False
12,6387,2025-04-16T23:10:05+00:00,1.0,22,False,False,True,True,True,1.0,1.0,1.0,1.0,0.0,False
12,6388,2025-04-17T00:05:03+00:00,1.0,22,True,True,True,True,True,1.0,1.0,1.0,1.0,0.0,False
12,6389,2025-04-17T01:00:05+00:00,1.0,22,False,False,True,True,False,0.0,0.0,0.0,0.0,0.0,False
12,6390,2025-04-17T01:55:02+00:00,1.0,22,True,True,True,True,True,1.0,1.0,1.0,1.0,0.0,False
12,6391,2025-04-17T02:50:05+00:00,1.0,22,True,True,True,True,True,1.0,1.0,1.0,1.0,0.0,False
12,6392,2025-04-17T03:45:03+00:00,1.0,22,False,False,False,False,False,0.0,0.0,0.046,0.046,0.3754166666666667,True
12,6393,2025-04-17T04:40:05+00:00,1.0,22,False,True,True,True,False,0.0,0.0,0.0,0.0,0.16597222222222222,True
12,6394,2025-04-17T05:35:03+00:00,1.0,22,True,False,False,False,False,0.021,0.021,0.025,0.026,0.0,False
12,6395,2025-04-17T06:30:05+00:00,1.0,22,False,False,False,True,False,0.0,0.0,0.0,0.0,0.0,False
12,6396,2025-04-17T07:25:02+00:00,1.0,22,True,True,True,True,True,1.0,1.0,1.0,1.0,0.0,False
12,6397,2025-04-17T08:20:05+00:00,1.0,22,False,True,True,True,True,1.0,1.0,1.0,1.0,0.0,False
12,6398,2025-04-17T09:15:03+00:00,1.0,22,False,False,False,True,False,0.0,0.0,0.001,0.021,0.0,False
12,6399,2025-04-17T10:10:07+00:00,1.0,22,False,True,True,True,False,0.0,0.0,0.001,0.066,0.0,False
12,6400,2025-04-17T11:05:03+00:00,1.0,22,True,False,True,True,True,1.0,1.0,1.0,1.0,0.00841666666666666,False
12,6401,2025-04-17T12:00:05+00:00,1.0,22,True,True,True,True,True,1.0,1.0,1.0,1.0,0.1,True
12,6402,2025-04-17T12:55:02+00:00,1.0,22,True,True,True,True,True,1.0,1.0,1.0,1.0,0.09999999999999999,False
12,6403,2025-04-17T13:50:05+00:00,1.0,22,True,True,True,True,True,1.0,1.0,1.0,1.0,0.016527777777777777,False
12,6404,2025-04-17T14:45:02+00:00,1.0,22,True,True,True,True,True,1.0,1.0,1.0,1.0,0.37527777777777777,True
12,6405,2025-04-17T15:40:05+00:00,1.0,22,True,True,True,True,True,1.0,1.0,1.0,1.0,0.7672222222222222,True
12,6406,2025-04-17T16:35:02+00:00,1.0,22,True,True,True,True,True,1.0,1.0,1.0,1.0,1.3087222222222223,True
12,6407,2025-04-17T17:30:05+00:00,1.0,22,True,True,True,True,True,0.0,0.865,1.0,1.0,1.198888888888889,True
12,6408,2025-04-17T18:25:02+00:00,1.0,22,True,True,True,True,True,1.0,1.0,1.0,1.0,0.8417222222222223,True
12,6409,2025-04-17T19:20:05+00:00,1.0,22,True,True,True,True,True,0.078,0.492,0.492,0.492,4.515000000000001,True
12,6410,2025-04-17T20:15:02+00:00,1.0,22,True,True,True,True,False,0.0,0.0,0.034,0.307,8.943888888888889,True
12,6411,2025-04-17T21:10:05+00:00,1.0,22,True,True,True,True,False,0.0,0.0,0.0,0.049,0.5991666666666666,True
12,6412,2025-04-17T22:05:03+00:00,1.0,22,True,False,False,False,False,0.278,0.4,0.644,0.644,0.09158333333333335,False
12,6413,2025-04-17T23:00:05+00:00,1.0,22,False,False,False,True,False,0.0,0.0,0.0,0.29,0.0004166666666666652,False
12,6414,2025-04-17T23:55:03+00:00,1.0,22,False,True,True,True,True,1.0,1.0,1.0,1.0,0.27525,True
12,6415,2025-04-18T00:50:05+00:00,1.0,22,False,False,False,False,False,0.0,0.061,0.067,0.443,0.04958333333333333,False
12,6416,2025-04-18T01:45:03+00:00,1.0,22,False,False,False,False,False,0.0,0.0,0.0,0.0,0.0,False
12,6417,2025-04-18T02:40:05+00:00,1.0,22,False,False,False,False,False,0.0,0.0,0.037,0.693,0.0,False
12,6418,2025-04-18T03:35:03+00:00,1.0,21,False,False,False,False,False,0.0,0.0,0.0,0.0,0.0,False
12,6419,2025-04-18T04:30:05+00:00,1.0,14,False,False,False,False,False,0.0,0.0,0.0,0.0,0.0,False
12,6420,2025-04-18T05:25:02+00:00,1.0,4,False,False,False,False,True,0.299,0.299,0.299,0.299,0.0,False
12,6421,2025-04-18T07:15:02+00:00,20.0,0,False,False,False,False,False,0.0,0.0,0.0,0.0,0.0,False
12,6422,2025-04-18T10:00:05+00:00,20.0,0,False,False,False,False,False,0.0,0.0,0.0,0.0,0.0,False
12,6423,2025-04-18T11:50:05+00:00,1.0,4,False,False,False,False,False,0.0,0.0,0.0,0.0,0.0,False
12,6424,2025-04-18T12:45:02+00:00,1.0,15,False,False,False,False,False,0.0,0.0,0.0,0.0,0.0,False
12,6425,2025-04-18T13:40:05+00:00,1.0,22,False,False,False,False,False,0.0,0.0,0.227,0.469,0.0,False
12,6426,2025-04-18T14:35:03+00:00,1.0,22,False,False,False,False,False,0.0,0.252,0.403,0.415,0.0,False
12,6427,2025-04-18T15:30:05+00:00,1.0,18,False,False,False,False,False,0.0,0.0,0.0,0.0,0.0,False
12,6428,2025-04-18T16:25:03+00:00,1.0,7,False,False,False,False,False,0.0,0.0,0.0,0.0,0.0,False
12,6429,2025-04-19T08:00:05+00:00,20.0,0,False,False,False,False,False,0.0,0.0,0.0,0.0,0.0,False
12,6430,2025-04-20T00:30:05+00:00,20.0,0,False,False,False,False,False,0.0,0.0,0.0,0.0,0.0,False
12,6431,2025-04-20T08:45:02+00:00,20.0,0,False,False,False,False,False,0.0,0.0,0.0,0.0,0.0,False
12,6432,2025-04-20T10:35:03+00:00,20.0,0,False,False,False,False,False,0.0,0.0,0.0,0.0,0.0,False
12,6433,2025-04-20T15:10:05+00:00,20.0,0,False,False,False,False,False,0.0,0.0,0.0,0.0,0.0,False
12,6434,2025-04-21T08:35:03+00:00,1.0,1,False,False,False,False,False,0.0,0.0,0.0,0.0,0.0,False
12,6435,2025-04-21T09:30:05+00:00,1.0,12,False,False,False,False,False,0.0,0.0,0.0,0.0,0.0,False
12,6436,2025-04-21T10:25:02+00:00,1.0,22,False,False,False,False,False,0.0,0.0,0.0,0.244,0.0,False
12,6437,2025-04-21T11:20:05+00:00,1.0,22,False,False,False,False,False,0.0,0.0,0.0,0.0,0.0,False
12,6438,2025-04-21T12:15:03+00:00,1.0,22,False,False,False,False,False,0.0,0.0,0.0,0.034,0.0,False
12,6439,2025-04-21T13:10:05+00:00,1.0,22,False,False,False,False,False,0.0,0.0,0.0,0.046,0.0,False
12,6440,2025-04-21T14:05:03+00:00,1.0,22,False,False,False,False,False,0.0,0.0,0.0,0.0,0.0,False
12,6441,2025-04-21T15:00:05+00:00,1.0,22,False,False,False,False,False,0.0,0.0,0.0,0.037,0.0,False
12,6442,2025-04-21T15:55:02+00:00,1.0,22,False,False,False,False,False,0.0,0.0,0.0,0.0,0.0,False
12,6443,2025-04-21T16:50:05+00:00,1.0,22,False,False,False,False,False,0.0,0.0,0.0,0.0,0.0,False
12,6444,2025-04-21T17:45:02+00:00,1.0,22,False,False,False,True,False,0.0,0.0,0.0,0.0,0.0,False
12,6445,2025-04-21T18:40:05+00:00,1.0,22,True,True,True,True,True,1.0,1.0,1.0,1.0,0.0,False
12,6446,2025-04-21T19:35:03+00:00,1.0,22,False,False,False,False,True,0.0,0.0,0.928,0.977,0.0,False
12,6447,2025-04-21T20:30:05+00:00,1.0,22,False,True,True,True,False,0.0,0.0,0.0,0.114,0.0,False
12,6448,2025-04-21T21:25:03+00:00,1.0,22,False,False,True,True,False,0.0,0.0,0.0,0.188,0.0,False
12,6449,2025-04-21T22:20:05+00:00,1.0,22,False,False,False,False,False,0.0,0.0,0.054,0.054,0.0,False
12,6450,2025-04-21T23:15:02+00:00,1.0,22,False,False,False,False,False,0.0,0.0,0.0,0.0,0.0,False
12,6451,2025-04-22T00:10:08+00:00,1.0,13,False,False,False,False,False,0.0,0.0,0.0,0.0,0.0,False
12,6452,2025-04-22T01:05:02+00:00,1.0,2,False,False,False,False,False,0.0,0.0,0.0,0.0,0.0,False
12,6453,2025-04-22T07:30:05+00:00,1.0,2,False,False,False,False,False,0.0,0.0,0.0,0.0,0.0,False
12,6454,2025-04-22T08:25:03+00:00,1.0,13,False,False,False,False,False,0.0,0.0,0.0,0.0,0.0,False
12,6455,2025-04-22T09:20:05+00:00,1.0,22,False,False,False,False,False,0.0,0.0,0.0,0.0,0.0,False
12,6456,2025-04-22T10:15:02+00:00,1.0,22,False,False,False,False,False,0.0,0.005,0.02,0.02,0.0,False
12,6457,2025-04-22T11:10:05+00:00,1.0,22,False,False,False,False,False,0.0,0.0,0.173,0.29,0.0,False
12,6458,2025-04-22T12:05:03+00:00,1.0,22,False,False,False,True,True,0.046,0.388,0.388,0.388,0.0,False
12,6459,2025-04-22T13:00:05+00:00,1.0,22,True,True,True,True,False,0.0,0.0,0.0,0.002,0.0,False
12,6460,2025-04-22T13:55:02+00:00,1.0,22,False,False,False,True,True,1.0,1.0,1.0,1.0,0.0,False
12,6461,2025-04-22T14:50:05+00:00,1.0,22,True,True,True,True,True,1.0,1.0,1.0,1.0,0.0,False
12,6462,2025-04-22T15:45:02+00:00,1.0,22,True,True,True,True,False,0.054,0.054,0.054,0.054,0.0,False
12,6463,2025-04-22T16:40:05+00:00,1.0,22,True,True,True,True,False,0.0,0.0,0.0,0.0,0.0,False
12,6464,2025-04-22T17:35:03+00:00,1.0,22,True,True,True,True,True,0.846,0.847,0.847,0.847,0.0,False
12,6465,2025-04-22T18:30:05+00:00,1.0,22,True,True,True,True,True,1.0,1.0,1.0,1.0,0.0,False
12,6466,2025-04-22T19:25:02+00:00,1.0,22,True,True,True,True,True,1.0,1.0,1.0,1.0,0.0,False
12,6467,2025-04-22T20:20:06+00:00,1.0,12,False,False,False,False,False,0.0,0.0,0.0,0.0,0.0,False
12,6468,2025-04-22T21:15:02+00:00,1.0,1,False,False,False,False,False,0.0,0.0,0.0,0.0,0.0,False
12,6469,2025-04-22T23:05:03+00:00,20.0,0,False,False,False,False,False,0.0,0.0,0.0,0.0,0.0,False
12,6470,2025-04-23T00:55:03+00:00,1.0,1,False,False,False,False,False,0.0,0.0,0.0,0.0,0.0,False
12,6471,2025-04-23T01:50:05+00:00,1.0,12,False,False,False,False,False,0.0,0.0,0.0,0.0,0.0,False
12,6472,2025-04-23T02:45:03+00:00,1.0,22,False,False,False,False,False,0.0,0.0,0.0,0.0,0.0,False
12,6473,2025-04-23T03:40:05+00:00,1.0,22,False,False,False,False,False,0.0,0.0,0.016,0.049,0.06680555555555556,False
12,6474,2025-04-23T04:35:03+00:00,1.0,22,False,False,False,False,False,0.0,0.012,0.046,0.046,0.04158333333333333,False
12,6475,2025-04-23T05:30:05+00:00,1.0,22,False,False,False,False,False,0.0,0.151,0.403,0.415,0.0,False
12,6476,2025-04-23T06:25:02+00:00,1.0,16,False,False,False,False,True,0.0,0.253,0.299,0.299,0.0,False
12,6477,2025-04-23T07:20:05+00:00,1.0,13,False,False,False,False,False,0.0,0.0,0.0,0.0,0.33472222222222225,True
12,6478,2025-04-23T08:15:03+00:00,1.0,19,False,False,False,False,False,0.0,0.0,0.0,0.0,1.3260833333333333,True
12,6479,2025-04-23T09:10:04+00:00,1.0,22,False,False,False,True,False,0.0,0.0,0.0,0.0,1.9141111111111109,True
12,6480,2025-04-23T10:05:03+00:00,1.0,22,False,False,False,False,False,0.0,0.0,0.02,0.073,0.0,False
12,6481,2025-04-23T11:00:05+00:00,1.0,22,False,False,False,False,False,0.0,0.153,0.244,0.245,0.0,False
12,6482,2025-04-23T11:55:03+00:00,1.0,22,False,False,False,False,True,0.801,0.908,0.908,0.908,0.0,False
12,6483,2025-04-23T12:50:05+00:00,1.0,22,False,False,False,False,True,0.0,0.605,0.946,0.946,0.0,False
12,6484,2025-04-23T13:45:02+00:00,1.0,22,False,False,False,False,False,0.0,0.0,0.0,0.02,0.0,False
12,6485,2025-04-23T14:40:05+00:00,1.0,22,False,False,False,False,False,0.0,0.0,0.0,0.0,0.0,False
12,6486,2025-04-23T15:35:03+00:00,1.0,22,False,False,False,False,False,0.0,0.0,0.244,0.244,0.0,False
12,6487,2025-04-23T16:30:05+00:00,1.0,22,False,False,False,False,False,0.0,0.0,0.0,0.403,0.0,False
12,6488,2025-04-23T17:25:03+00:00,1.0,22,False,False,False,False,False,0.0,0.0,0.0,0.0,0.0,False
12,6489,2025-04-23T18:20:05+00:00,1.0,22,False,False,False,False,False,0.0,0.0,0.0,0.0,0.0,False
12,6490,2025-04-23T19:15:02+00:00,1.0,17,False,False,False,False,False,0.0,0.0,0.0,0.0,0.0,False
12,6491,2025-04-23T20:10:07+00:00,1.0,6,False,False,False,False,False,0.0,0.0,0.0,0.0,0.0,False
12,6492,2025-04-24T06:15:03+00:00,20.0,0,False,False,False,False,False,0.0,0.0,0.0,0.0,0.025083333333333336,False
12,6493,2025-04-24T07:10:05+00:00,1.0,7,False,False,False,False,False,0.0,0.0,0.0,0.0,0.08319444444444446,False
12,6494,2025-04-24T08:05:02+00:00,1.0,18,False,False,False,False,False,0.0,0.0,0.054,0.054,0.0,False
12,6495,2025-04-24T09:00:05+00:00,1.0,22,False,False,False,False,False,0.0,0.0,0.0,0.0,0.0,False
12,6496,2025-04-24T09:55:03+00:00,1.0,22,False,False,False,False,True,0.0,0.854,0.98,0.98,0.0,False
12,6497,2025-04-24T10:50:05+00:00,1.0,22,False,False,False,False,True,0.793,1.0,1.0,1.0,0.0,False
12,6498,2025-04-24T11:45:03+00:00,1.0,22,False,False,False,False,False,0.0,0.0,0.001,0.001,0.0,False
12,6499,2025-04-24T12:40:05+00:00,1.0,22,False,True,True,True,False,0.0,0.0,0.0,0.0,0.0,False
13,6500,2025-04-24T13:35:03+00:00,1.0,22,False,True,True,True,True,1.0,1.0,1.0,1.0,0.0,False
13,6501,2025-04-24T14:30:05+00:00,1.0,22,False,False,False,False,False,0.0,0.0,0.092,0.092,0.0,False
13,6502,2025-04-24T15:25:03+00:00,1.0,22,False,False,False,False,True,0.161,0.675,0.969,0.982,0.0,False
13,6503,2025-04-24T16:20:05+00:00,1.0,22,False,False,False,False,False,0.0,0.085,0.116,0.116,0.0,False
13,6504,2025-04-24T17:15:03+00:00,1.0,22,False,False,False,False,False,0.0,0.0,0.001,0.001,0.0,False
13,6505,2025-04-24T18:10:07+00:00,1.0,22,False,False,False,False,False,0.0,0.0,0.021,0.021,0.0,False
13,6506,2025-04-24T19:05:03+00:00,1.0,22,False,False,False,False,False,0.0,0.054,0.054,0.054,0.00841666666666666,False
13,6507,2025-04-24T20:00:05+00:00,1.0,22,False,False,False,True,False,0.0,0.0,0.091,0.091,0.1,True
13,6508,2025-04-24T20:55:03+00:00,1.0,22,False,True,True,True,True,0.511,0.511,0.533,0.854,0.1,True
13,6509,2025-04-24T21:50:05+00:00,1.0,22,True,True,True,True,True,0.099,0.966,1.0,1.0,0.016527777777777777,False
13,6510,2025-04-24T22:45:02+00:00,1.0,15,True,True,True,True,True,1.0,1.0,1.0,1.0,0.0,False
13,6511,2025-04-24T23:40:05+00:00,1.0,4,True,True,True,True,True,1.0,1.0,1.0,1.0,0.0,False
13,6512,2025-04-25T04:15:03+00:00,1.0,3,False,False,False,False,False,0.0,0.0,0.0,0.0,0.0,False
13,6513,2025-04-25T05:10:05+00:00,1.0,14,False,False,False,False,False,0.0,0.0,0.0,0.0,0.0,False
13,6514,2025-04-25T06:05:02+00:00,1.0,22,False,False,False,False,False,0.0,0.0,0.0,0.0,0.0,False
13,6515,2025-04-25T07:00:05+00:00,1.0,22,False,False,False,False,False,0.0,0.0,0.01,0.01,0.0001388888888888884,False
13,6516,2025-04-25T07:55:02+00:00,1.0,22,False,False,True,True,True,0.0,0.008,0.701,0.701,0.09172222222222222,False
13,6517,2025-04-25T08:50:05+00:00,1.0,22,True,True,True,True,True,1.0,1.0,1.0,1.0,0.4338888888888889,True
13,6518,2025-04-25T09:45:02+00:00,1.0,22,True,True,True,True,True,1.0,1.0,1.0,1.0,0.2748333333333333,True
13,6519,2025-04-25T10:40:05+00:00,1.0,22,True,True,True,True,False,0.0,0.0,0.0,0.0,0.06638888888888889,False
13,6520,2025-04-25T11:35:03+00:00,1.0,22,True,False,False,False,False,0.0,0.0,0.0,0.0,0.0,False
13,6521,2025-04-25T12:30:05+00:00,1.0,22,False,False,False,False,False,0.0,0.0,0.0,0.0,0.0,False
13,6522,2025-04-25T13:25:03+00:00,1.0,22,False,False,False,False,False,0.0,0.0,0.003,0.078,0.0,False
13,6523,2025-04-25T14:20:05+00:00,1.0,22,False,False,False,False,False,0.0,0.0,0.027,0.047,0.0,False
13,6524,2025-04-25T15:15:03+00:00,1.0,22,False,False,False,False,False,0.0,0.0,0.0,0.0,0.0,False
13,6525,2025-04-25T16:10:07+00:00,1.0,22,False,False,False,False,False,0.0,0.0,0.07,0.089,0.0,False
13,6526,2025-04-25T17:05:02+00:00,1.0,22,False,False,False,False,False,0.0,0.0,0.0,0.026,0.0,False
13,6527,2025-04-25T18:00:05+00:00,1.0,22,False,False,False,False,False,0.0,0.0,0.0,0.207,0.0,False
13,6528,2025-04-25T18:55:03+00:00,1.0,22,False,False,False,False,False,0.0,0.0,0.0,0.0,0.0,False
13,6529,2025-04-25T19:50:05+00:00,1.0,22,False,False,True,True,False,0.0,0.0,0.0,0.0,0.0,False
13,6530,2025-04-25T20:45:02+00:00,1.0,22,False,False,False,False,False,0.0,0.0,0.236,0.408,0.0,False
13,6531,2025-04-25T21:40:05+00:00,1.0,22,False,False,False,False,False,0.0,0.0,0.054,0.099,0.0,False
13,6532,2025-04-25T22:35:03+00:00,1.0,22,False,True,True,True,True,0.717,0.717,0.717,0.717,0.0,False
13,6533,2025-04-25T23:30:05+00:00,1.0,22,True,True,True,True,True,1.0,1.0,1.0,1.0,0.0,False
13,6534,2025-04-26T00:25:03+00:00,1.0,22,True,True,True,True,True,1.0,1.0,1.0,1.0,0.0,False
13,6535,2025-04-26T01:20:05+00:00,1.0,22,True,True,True,True,True,1.0,1.0,1.0,1.0,0.0,False
13,6536,2025-04-26T02:15:03+00:00,1.0,22,False,False,False,True,False,0.0,0.151,0.584,0.641,0.12541666666666668,True
13,6537,2025-04-26T03:10:05+00:00,1.0,22,True,True,True,True,True,1.0,1.0,1.0,1.0,0.4327777777777778,True
13,6538,2025-04-26T04:05:02+00:00,1.0,22,True,True,True,True,False,0.0,0.0,0.0,0.0,0.1,True
13,6539,2025-04-26T05:00:05+00:00,1.0,22,True,True,True,True,True,1.0,1.0,1.0,1.0,0.1,True
13,6540,2025-04-26T05:55:02+00:00,1.0,22,True,True,True,True,True,1.0,1.0,1.0,1.0,0.09999999999999999,False
13,6541,2025-04-26T06:50:05+00:00,1.0,22,True,True,True,True,False,0.0,0.002,0.335,0.682,0.1,True
13,6542,2025-04-26T07:45:03+00:00,1.0,22,True,True,True,True,True,1.0,1.0,1.0,1.0,0.1,True
13,6543,2025-04-26T08:40:05+00:00,1.0,22,False,False,False,False,False,0.0,0.105,0.105,0.28,0.1,True
13,6544,2025-04-26T09:35:03+00:00,1.0,22,False,False,False,False,False,0.0,0.0,0.0,0.0,0.04158333333333333,False
13,6545,2025-04-26T10:30:05+00:00,1.0,22,False,False,False,False,False,0.0,0.0,0.0,0.0,0.0,False
13,6546,2025-04-26T11:25:03+00:00,1.0,22,False,False,False,False,False,0.0,0.0,0.0,0.0,0.0,False
13,6547,2025-04-26T12:20:05+00:00,1.0,22,False,False,False,False,False,0.0,0.0,0.0,0.0,0.0,False
13,6548,2025-04-26T13:15:02+00:00,1.0,22,False,False,False,False,False,0.0,0.0,0.0,0.161,0.0,False
13,6549,2025-04-26T14:10:07+00:00,1.0,22,False,False,False,False,False,0.0,0.151,0.403,0.415,0.016861111111111115,False
13,6550,2025-04-26T15:05:02+00:00,1.0,22,False,False,False,False,False,0.0,0.0,0.0,0.398,0.09161111111111112,False
13,6551,2025-04-26T16:00:05+00:00,1.0,22,False,False,False,False,False,0.0,0.0,0.0,0.0,0.0,False
13,6552,2025-04-26T16:55:03+00:00,1.0,22,False,False,False,False,False,0.0,0.0,0.0,0.0,0.0,False
13,6553,2025-04-26T17:50:05+00:00,1.0,22,False,False,False,False,True,0.0,0.908,0.946,0.991,0.0,False
13,6554,2025-04-26T18:45:03+00:00,1.0,22,False,False,False,False,False,0.0,0.0,0.046,0.284,0.0,False
13,6555,2025-04-26T19:40:05+00:00,1.0,19,False,False,False,False,False,0.0,0.0,0.4,0.428,0.06680555555555556,False
13,6556,2025-04-26T20:35:03+00:00,1.0,8,False,False,False,False,False,0.0,0.0,0.0,0.0,0.39208333333333334,True
13,6557,2025-04-27T09:25:02+00:00,1.0,2,False,False,False,False,False,0.0,0.0,0.0,0.0,0.0,False
13,6558,2025-04-27T10:20:05+00:00,1.0,13,False,False,False,False,False,0.0,0.0,0.0,0.0,0.0,False
13,6559,2025-04-27T11:15:02+00:00,1.0,22,False,False,False,False,False,0.0,0.0,0.0,0.0,0.0,False
13,6560,2025-04-27T12:10:07+00:00,1.0,22,False,False,False,False,False,0.0,0.0,0.0,0.0,0.0,False
13,6561,2025-04-27T13:05:02+00:00,1.0,22,False,False,False,False,False,0.0,0.0,0.0,0.0,0.0,False
13,6562,2025-04-27T14:00:05+00:00,1.0,22,False,False,False,False,False,0.0,0.0,0.0,0.0,0.0,False
13,6563,2025-04-27T14:55:02+00:00,1.0,22,False,False,False,False,False,0.0,0.0,0.0,0.0,0.0,False
13,6564,2025-04-27T15:50:05+00:00,1.0,22,False,False,False,False,False,0.0,0.153,0.65,0.666,0.0,False
13,6565,2025-04-27T16:45:03+00:00,1.0,22,False,False,False,False,False,0.0,0.0,0.0,0.0,0.0,False
13,6566,2025-04-27T17:40:05+00:00,1.0,22,False,False,False,False,True,0.0,0.891,0.891,0.891,0.0,False
13,6567,2025-04-27T18:35:02+00:00,1.0,22,False,False,False,False,False,0.0,0.0,0.0,0.0,0.0,False
13,6568,2025-04-27T19:30:05+00:00,1.0,19,False,False,False,True,False,0.0,0.0,0.0,0.0,0.0,False
13,6569,2025-04-27T20:25:03+00:00,1.0,8,False,False,False,False,False,0.0,0.0,0.0,0.0,0.0,False
13,6570,2025-04-28T01:00:05+00:00,1.0,6,False,False,False,False,False,0.0,0.0,0.0,0.0,0.0,False
13,6571,2025-04-28T01:55:03+00:00,1.0,17,False,False,False,False,False,0.0,0.0,0.0,0.0,0.0,False
13,6572,2025-04-28T02:50:05+00:00,1.0,22,False,False,False,False,False,0.0,0.0,0.0,0.0,0.0,False
13,6573,2025-04-28T03:45:03+00:00,1.0,20,False,False,False,False,False,0.0,0.0,0.0,0.0,0.0,False
13,6574,2025-04-28T04:40:05+00:00,1.0,9,False,False,False,False,False,0.0,0.0,0.0,0.0,0.0,False
13,6575,2025-04-28T09:15:03+00:00,1.0,11,False,False,False,False,False,0.0,0.0,0.0,0.0,0.0,False
13,6576,2025-04-28T10:10:07+00:00,1.0,22,False,False,False,False,False,0.0,0.0,0.0,0.02,0.0,False
13,6577,2025-04-28T11:05:03+00:00,1.0,22,False,False,False,False,False,0.0,0.0,0.0,0.0,0.0,False
13,6578,2025-04-28T12:00:05+00:00,1.0,22,False,False,False,False,False,0.0,0.0,0.0,0.034,0.0,False
13,6579,2025-04-28T12:55:03+00:00,1.0,22,False,False,False,False,False,0.0,0.0,0.0,0.0,0.0,False
13,6580,2025-04-28T13:50:05+00:00,1.0,22,False,False,False,False,False,0.0,0.0,0.0,0.0,0.0,False
13,6581,2025-04-28T14:45:02+00:00,1.0,22,False,False,False,False,False,0.0,0.0,0.0,0.0,0.0,False
13,6582,2025-04-28T15:40:05+00:00,1.0,22,False,False,False,False,False,0.0,0.0,0.0,0.0,0.0,False
13,6583,2025-04-28T16:35:02+00:00,1.0,22,False,False,False,False,False,0.0,0.0,0.0,0.0,0.0,False
13,6584,2025-04-28T17:30:05+00:00,1.0,18,False,False,False,False,False,0.0,0.0,0.0,0.0,0.0,False
13,6585,2025-04-28T18:25:03+00:00,1.0,7,False,False,False,False,True,0.0,0.0,0.582,0.701,0.0,False
13,6586,2025-05-05T14:10:07+00:00,1.0,10,False,False,False,False,False,0.0,0.0,0.0,0.0,0.0,False
13,6587,2025-05-05T15:05:03+00:00,1.0,21,False,False,False,False,False,0.0,0.0,0.0,0.004,0.0,False
13,6588,2025-05-05T16:00:05+00:00,1.0,22,False,False,False,False,False,0.0,0.0,0.0,0.341,0.0001388888888888884,False
13,6589,2025-05-05T16:55:03+00:00,1.0,22,False,False,False,False,False,0.0,0.0,0.0,0.0,0.09175,False
13,6590,2025-05-05T17:50:05+00:00,1.0,22,False,False,False,False,False,0.0,0.0,0.0,0.0,0.016527777777777777,False
13,6591,2025-05-05T18:45:03+00:00,1.0,22,False,False,False,False,False,0.0,0.0,0.0,0.0,0.0,False
13,6592,2025-05-05T19:40:05+00:00,1.0,22,False,False,False,False,False,0.0,0.0,0.0,0.0,0.0,False
13,6593,2025-05-05T20:35:03+00:00,1.0,22,False,False,False,False,False,0.0,0.0,0.0,0.053,0.0,False
13,6594,2025-05-05T21:30:05+00:00,1.0,22,False,False,False,False,True,0.207,0.299,0.299,0.323,0.05013888888888889,False
13,6595,2025-05-05T22:25:03+00:00,1.0,22,False,False,False,False,False,0.0,0.0,0.017,0.025,0.6845,True
13,6596,2025-05-05T23:20:05+00:00,1.0,22,False,False,False,False,False,0.0,0.008,0.048,0.048,1.064861111111111,True
13,6597,2025-05-06T00:15:03+00:00,1.0,21,False,False,False,False,False,0.0,0.0,0.008,0.227,0.14983333333333335,True
13,6598,2025-05-06T01:10:05+00:00,1.0,10,False,False,False,False,False,0.0,0.0,0.0,0.0,0.0,False
13,6599,2025-05-06T06:40:05+00:00,1.0,9,False,False,False,False,False,0.0,0.0,0.0,0.0,0.0,False
13,6600,2025-05-06T07:35:02+00:00,1.0,17,False,False,False,False,True,0.0,0.058,0.363,0.47,0.0,False
13,6601,2025-05-06T08:30:05+00:00,1.0,19,False,False,False,False,False,0.0,0.0,0.0,0.0,0.0,False
13,6602,2025-05-06T09:25:03+00:00,1.0,22,False,False,False,False,True,0.0,0.299,0.299,0.299,0.0,False
13,6603,2025-05-06T10:20:05+00:00,1.0,22,False,False,False,False,False,0.0,0.0,0.0,0.0,0.0,False
13,6604,2025-05-06T11:15:03+00:00,1.0,22,False,False,False,False,False,0.0,0.0,0.0,0.0,0.0,False
13,6605,2025-05-06T12:10:07+00:00,1.0,22,False,False,False,False,False,0.0,0.0,0.0,0.0,0.0,False
13,6606,2025-05-06T13:05:02+00:00,1.0,22,False,False,False,False,False,0.0,0.0,0.0,0.0,0.0,False
13,6607,2025-05-06T14:00:05+00:00,1.0,22,False,False,False,False,False,0.0,0.0,0.0,0.0,0.0,False
13,6608,2025-05-06T14:55:03+00:00,1.0,22,False,False,False,False,False,0.0,0.0,0.0,0.549,0.0,False
13,6609,2025-05-06T15:50:05+00:00,1.0,22,False,False,False,False,False,0.0,0.0,0.054,0.685,0.0,False
13,6610,2025-05-06T16:45:03+00:00,1.0,22,False,False,True,True,False,0.0,0.0,0.038,0.406,0.0,False
13,6611,2025-05-06T17:40:05+00:00,1.0,22,False,False,False,False,False,0.0,0.223,0.3,0.339,0.06680555555555556,False
13,6612,2025-05-06T18:35:03+00:00,1.0,22,False,False,False,True,False,0.0,0.0,0.0,0.315,0.04158333333333333,False
13,6613,2025-05-06T19:30:05+00:00,1.0,22,False,True,True,True,True,0.0,0.801,0.948,0.982,0.0,False
13,6614,2025-05-06T20:25:03+00:00,1.0,22,False,False,False,False,False,0.0,0.02,0.054,0.153,0.0,False
13,6615,2025-05-06T21:20:05+00:00,1.0,22,False,False,False,False,False,0.0,0.0,0.008,0.083,0.0,False
13,6616,2025-05-06T22:15:03+00:00,1.0,22,False,False,False,True,False,0.0,0.0,0.0,0.064,0.0,False
13,6617,2025-05-06T23:10:05+00:00,1.0,22,True,True,True,True,True,1.0,1.0,1.0,1.0,0.0,False
13,6618,2025-05-07T00:05:02+00:00,1.0,22,False,False,False,False,False,0.0,0.0,0.0,0.146,0.0,False
13,6619,2025-05-07T01:00:05+00:00,1.0,22,False,False,False,False,False,0.0,0.0,0.146,0.313,0.0,False
13,6620,2025-05-07T01:55:03+00:00,1.0,22,False,True,True,True,False,0.0,0.0,0.0,0.034,0.0,False
13,6621,2025-05-07T02:50:05+00:00,1.0,22,True,True,True,True,True,0.124,0.249,0.387,0.387,0.0,False
13,6622,2025-05-07T03:45:02+00:00,1.0,22,False,False,False,False,False,0.0,0.0,0.29,0.549,0.0,False
13,6623,2025-05-07T04:40:05+00:00,1.0,22,False,False,False,False,False,0.0,0.0,0.0,0.0,0.0,False
13,6624,2025-05-07T05:35:02+00:00,1.0,22,False,False,False,False,False,0.0,0.0,0.0,0.091,0.0,False
13,6625,2025-05-07T06:30:04+00:00,1.0,13,False,False,False,False,False,0.0,0.0,0.0,0.0,0.0,False
13,6626,2025-05-07T07:25:03+00:00,1.0,3,False,False,False,False,False,0.0,0.0,0.0,0.0,0.0,False
13,6627,2025-05-07T08:20:05+00:00,1.0,12,False,False,False,False,False,0.0,0.0,0.0,0.0,0.0,False
13,6628,2025-05-07T09:15:02+00:00,1.0,22,False,False,False,False,False,0.0,0.0,0.0,0.054,0.0,False
13,6629,2025-05-07T10:10:07+00:00,1.0,22,False,False,False,False,False,0.0,0.0,0.0,0.07,0.0,False
13,6630,2025-05-07T11:05:03+00:00,1.0,22,False,False,False,False,False,0.0,0.0,0.054,0.086,0.0,False
13,6631,2025-05-07T12:00:05+00:00,1.0,22,False,False,False,False,False,0.0,0.0,0.435,0.435,0.0,False
13,6632,2025-05-07T12:55:03+00:00,1.0,22,False,False,False,False,False,0.0,0.0,0.0,0.0,0.0,False
13,6633,2025-05-07T13:50:05+00:00,1.0,22,False,True,True,True,False,0.0,0.02,0.02,0.02,0.0,False
13,6634,2025-05-07T14:45:03+00:00,1.0,22,False,False,False,False,False,0.0,0.0,0.138,0.138,0.0,False
13,6635,2025-05-07T15:40:05+00:00,1.0,19,False,False,False,False,False,0.0,0.0,0.0,0.0,0.0,False
13,6636,2025-05-07T16:35:03+00:00,1.0,8,False,False,False,False,False,0.0,0.0,0.0,0.0,0.0,False
13,6637,2025-05-07T18:25:03+00:00,1.0,8,False,False,False,False,False,0.0,0.0,0.0,0.0,0.0,False
13,6638,2025-05-07T19:20:05+00:00,1.0,19,False,False,False,False,False,0.0,0.0,0.0,0.098,0.0,False
13,6639,2025-05-07T20:15:03+00:00,1.0,22,False,False,False,False,False,0.0,0.244,0.273,0.279,0.0,False
13,6640,2025-05-07T21:10:05+00:00,1.0,22,False,False,False,True,False,0.0,0.0,0.07,0.083,0.0,False
13,6641,2025-05-07T22:05:02+00:00,1.0,22,False,False,False,True,True,0.0,0.153,0.647,0.652,0.0,False
13,6642,2025-05-07T23:00:05+00:00,1.0,22,True,True,True,True,True,1.0,1.0,1.0,1.0,0.0,False
13,6643,2025-05-07T23:55:02+00:00,1.0,22,False,False,False,True,False,0.0,0.0,0.0,0.035,0.0,False
13,6644,2025-05-08T00:50:05+00:00,1.0,22,False,False,False,False,False,0.0,0.0,0.0,0.0,0.0,False
13,6645,2025-05-08T01:45:03+00:00,1.0,22,False,False,False,False,False,0.0,0.0,0.0,0.0,0.0,False
13,6646,2025-05-08T02:40:06+00:00,1.0,22,False,False,False,False,False,0.0,0.0,0.0,0.0,0.0,False
13,6647,2025-05-08T03:35:03+00:00,1.0,22,False,False,False,False,False,0.0,0.0,0.0,0.001,0.0,False
13,6648,2025-05-08T04:30:05+00:00,1.0,22,False,False,False,False,False,0.0,0.0,0.0,0.0,0.0,False
13,6649,2025-05-08T05:25:02+00:00,1.0,22,False,False,False,False,False,0.0,0.0,0.004,0.004,0.0,False
13,6650,2025-05-08T06:20:05+00:00,1.0,22,False,False,False,False,False,0.0,0.0,0.0,0.0,0.0,False
13,6651,2025-05-08T07:15:02+00:00,1.0,22,False,False,False,False,False,0.0,0.0,0.0,0.155,0.0,False
13,6652,2025-05-08T08:10:07+00:00,1.0,22,False,False,False,False,False,0.0,0.0,0.0,0.0,0.0,False
13,6653,2025-05-08T09:05:02+00:00,1.0,22,False,False,False,False,False,0.0,0.0,0.0,0.0,0.0,False
13,6654,2025-05-08T10:00:05+00:00,1.0,22,False,False,False,False,False,0.0,0.0,0.0,0.0,0.0,False
13,6655,2025-05-08T10:55:03+00:00,1.0,22,False,False,False,False,False,0.0,0.0,0.0,0.0,0.0,False
13,6656,2025-05-08T11:50:05+00:00,1.0,22,False,False,False,False,False,0.0,0.0,0.0,0.0,0.08347222222222223,False
13,6657,2025-05-08T12:45:02+00:00,1.0,22,False,False,False,False,False,0.0,0.0,0.0,0.0,0.024944444444444446,False
13,6658,2025-05-08T13:40:05+00:00,1.0,22,False,False,False,False,False,0.0,0.0,0.0,0.0,0.0,False
13,6659,2025-05-08T14:35:03+00:00,1.0,22,False,False,False,False,False,0.0,0.0,0.0,0.0,0.0,False
13,6660,2025-05-08T15:30:05+00:00,1.0,22,False,False,False,False,False,0.0,0.0,0.0,0.0,0.0,False
13,6661,2025-05-08T16:25:03+00:00,1.0,14,False,False,False,False,False,0.0,0.0,0.091,0.091,0.0,False
13,6662,2025-05-08T17:20:05+00:00,1.0,3,False,False,False,False,False,0.0,0.0,0.0,0.0,0.0,False
13,6663,2025-05-09T08:55:03+00:00,20.0,0,False,False,False,False,False,0.0,0.0,0.0,0.0,0.0,False
13,6664,2025-05-09T13:30:05+00:00,1.0,6,False,False,False,False,False,0.0,0.0,0.0,0.0,0.0,False
13,6665,2025-05-09T14:25:03+00:00,1.0,17,False,False,False,False,False,0.0,0.0,0.0,0.0,0.0,False
13,6666,2025-05-09T15:20:05+00:00,1.0,22,False,False,False,False,False,0.0,0.0,0.0,0.0,0.0,False
13,6667,2025-05-09T16:15:03+00:00,1.0,20,False,False,False,False,False,0.0,0.0,0.0,0.0,0.0,False
13,6668,2025-05-09T17:10:05+00:00,1.0,9,False,False,False,False,False,0.0,0.0,0.0,0.0,0.0,False
13,6669,2025-05-09T19:00:05+00:00,20.0,0,False,False,False,False,False,0.0,0.0,0.0,0.0,0.0,False
13,6670,2025-05-10T02:20:05+00:00,20.0,0,False,False,False,False,False,0.0,0.0,0.0,0.0,0.0,False
13,6671,2025-05-10T12:25:03+00:00,1.0,4,False,False,False,False,False,0.0,0.0,0.0,0.0,0.0,False
13,6672,2025-05-10T13:20:05+00:00,1.0,15,False,False,False,False,False,0.0,0.0,0.0,0.0,0.0,False
13,6673,2025-05-10T14:15:03+00:00,1.0,22,False,False,False,True,False,0.0,0.0,0.0,0.0,0.0,False
13,6674,2025-05-10T15:10:05+00:00,1.0,12,False,False,False,False,False,0.0,0.02,0.054,0.054,0.0,False
13,6675,2025-05-10T16:05:03+00:00,1.0,1,False,False,False,False,False,0.0,0.0,0.0,0.0,0.0,False
13,6676,2025-05-11T01:15:03+00:00,20.0,0,False,False,False,False,False,0.0,0.0,0.0,0.0,0.0,False
13,6677,2025-05-11T10:25:03+00:00,1.0,5,False,False,False,False,False,0.0,0.0,0.0,0.0,0.0,False
13,6678,2025-05-11T11:20:05+00:00,1.0,16,False,False,False,False,False,0.0,0.0,0.0,0.0,0.0,False
13,6679,2025-05-11T12:15:02+00:00,1.0,22,False,False,False,False,False,0.0,0.0,0.0,0.0,0.0,False
13,6680,2025-05-11T13:10:05+00:00,1.0,22,False,False,False,False,False,0.0,0.0,0.0,0.03,0.0,False
13,6681,2025-05-11T14:05:02+00:00,1.0,22,False,False,False,False,False,0.0,0.0,0.403,0.403,0.0,False
13,6682,2025-05-11T15:00:05+00:00,1.0,22,False,False,False,False,False,0.0,0.0,0.0,0.0,0.0,False
13,6683,2025-05-11T15:55:02+00:00,1.0,22,False,False,False,False,False,0.0,0.0,0.0,0.0,0.0,False
13,6684,2025-05-11T16:50:05+00:00,1.0,22,False,False,False,False,False,0.0,0.0,0.0,0.0,0.0,False
13,6685,2025-05-11T17:45:02+00:00,1.0,22,False,False,False,False,False,0.0,0.0,0.0,0.0,0.0,False
13,6686,2025-05-11T18:40:05+00:00,1.0,22,False,False,False,False,False,0.0,0.0,0.0,0.0,0.0,False
13,6687,2025-05-11T19:35:03+00:00,1.0,22,False,False,False,False,False,0.0,0.0,0.0,0.0,0.0,False
13,6688,2025-05-11T20:30:05+00:00,1.0,12,False,False,False,False,False,0.0,0.0,0.0,0.0,0.0,False
13,6689,2025-05-11T21:25:03+00:00,1.0,1,False,False,False,False,False,0.0,0.0,0.0,0.0,0.0,False
13,6690,2025-05-11T23:15:03+00:00,20.0,0,False,False,False,False,False,0.0,0.0,0.0,0.0,0.0,False
13,6691,2025-05-12T08:25:03+00:00,1.0,3,True,True,True,True,False,0.0,0.0,0.0,0.0,2.75525,True
13,6692,2025-05-12T09:20:05+00:00,1.0,14,True,True,True,True,True,1.0,1.0,1.0,1.0,0.5665277777777777,True
13,6693,2025-05-12T10:15:03+00:00,1.0,22,True,True,True,True,False,0.0,0.0,0.0,0.035,0.3745833333333333,True
13,6694,2025-05-12T11:10:05+00:00,1.0,22,True,True,True,True,True,0.096,0.432,0.576,0.664,0.033611111111111105,False
13,6695,2025-05-12T12:05:02+00:00,1.0,22,False,False,True,True,False,0.0,0.008,0.02,0.02,0.2167777777777778,True
13,6696,2025-05-12T13:00:05+00:00,1.0,22,True,True,True,True,False,0.008,0.017,0.017,0.017,0.3994444444444445,True
13,6697,2025-05-12T13:55:02+00:00,1.0,22,False,False,False,False,False,0.0,0.0,0.02,0.37,0.03311111111111111,False
13,6698,2025-05-12T14:50:05+00:00,1.0,22,False,False,False,False,False,0.0,0.0,0.055,0.098,0.0,False
13,6699,2025-05-12T15:45:02+00:00,1.0,22,False,False,False,False,False,0.0,0.0,0.0,0.152,0.0,False
13,6700,2025-05-12T16:40:05+00:00,1.0,22,False,False,False,False,False,0.0,0.0,0.0,0.0,0.0,False
13,6701,2025-05-12T17:35:03+00:00,1.0,22,False,False,False,False,True,0.598,1.0,1.0,1.0,0.0,False
13,6702,2025-05-12T18:30:05+00:00,1.0,22,False,False,False,False,False,0.0,0.0,0.046,0.146,0.0,False
13,6703,2025-05-12T19:25:02+00:00,1.0,22,False,False,False,False,False,0.0,0.0,0.0,0.0,0.0,False
13,6704,2025-05-12T20:20:05+00:00,1.0,22,False,False,False,False,False,0.0,0.0,0.0,0.0,0.0,False
13,6705,2025-05-12T21:15:03+00:00,1.0,22,False,False,False,False,False,0.0,0.0,0.0,0.0,0.0,False
13,6706,2025-05-12T22:10:07+00:00,1.0,22,False,False,False,False,False,0.0,0.0,0.0,0.0,0.0,False
13,6707,2025-05-12T23:05:03+00:00,1.0,22,False,False,False,False,False,0.0,0.0,0.0,0.0,0.0,False
13,6708,2025-05-13T00:00:05+00:00,1.0,22,False,False,False,False,False,0.0,0.0,0.0,0.0,0.0,False
13,6709,2025-05-13T00:55:03+00:00,1.0,22,False,False,False,False,False,0.0,0.0,0.0,0.0,0.0,False
13,6710,2025-05-13T01:50:05+00:00,1.0,18,False,False,False,False,False,0.0,0.0,0.0,0.0,0.0,False
13,6711,2025-05-13T02:45:03+00:00,1.0,7,False,False,False,False,False,0.0,0.0,0.0,0.0,0.0,False
13,6712,2025-05-13T08:20:05+00:00,1.0,8,False,False,False,True,False,0.0,0.0,0.0,0.0,0.0,False
13,6713,2025-05-13T09:15:02+00:00,1.0,19,False,True,True,True,True,0.966,0.969,0.978,0.978,0.0,False
13,6714,2025-05-13T10:10:07+00:00,1.0,22,True,True,True,True,True,1.0,1.0,1.0,1.0,0.0,False
13,6715,2025-05-13T11:05:03+00:00,1.0,22,False,False,False,False,False,0.0,0.046,0.054,0.541,0.6228333333333329,True
13,6716,2025-05-13T12:00:05+00:00,1.0,22,False,True,True,True,False,0.0,0.0,0.0,0.268,7.394305555555556,True
13,6717,2025-05-13T12:55:03+00:00,1.0,22,True,True,True,True,False,0.0,0.0,0.156,0.649,3.6382499999999998,True
13,6718,2025-05-13T13:50:05+00:00,1.0,18,True,True,True,True,True,0.0,0.0,0.355,0.368,1.8809722222222223,True
13,6719,2025-05-13T14:45:02+00:00,1.0,7,True,True,True,True,True,1.0,1.0,1.0,1.0,0.4741666666666667,True
13,6720,2025-05-15T06:10:07+00:00,20.0,0,False,False,False,False,False,0.0,0.0,0.0,0.0,0.0,False
13,6721,2025-05-15T07:05:03+00:00,1.0,7,False,False,False,False,False,0.0,0.0,0.0,0.0,0.0,False
13,6722,2025-05-15T08:00:05+00:00,1.0,18,False,False,False,False,False,0.0,0.0,0.0,0.0,0.0,False
13,6723,2025-05-15T08:55:03+00:00,1.0,22,False,False,False,False,False,0.0,0.0,0.0,0.0,0.0,False
13,6724,2025-05-15T09:50:05+00:00,1.0,22,False,False,False,False,False,0.0,0.0,0.0,0.091,0.0,False
13,6725,2025-05-15T10:45:03+00:00,1.0,22,False,False,False,True,False,0.0,0.0,0.0,0.0,0.0,False
13,6726,2025-05-15T11:40:05+00:00,1.0,22,True,True,True,True,True,1.0,1.0,1.0,1.0,0.0,False
13,6727,2025-05-15T12:35:02+00:00,1.0,22,True,True,True,True,True,1.0,1.0,1.0,1.0,0.0,False
13,6728,2025-05-15T13:30:05+00:00,1.0,22,True,True,True,True,True,1.0,1.0,1.0,1.0,0.0,False
13,6729,2025-05-15T14:25:03+00:00,1.0,21,False,False,False,True,False,0.0,0.0,0.0,0.0,0.0,False
13,6730,2025-05-15T15:20:05+00:00,1.0,21,False,False,False,False,False,0.0,0.0,0.0,0.0,0.0,False
13,6731,2025-05-15T16:15:02+00:00,1.0,22,False,False,False,False,False,0.0,0.0,0.0,0.207,0.0,False
13,6732,2025-05-15T17:10:05+00:00,1.0,22,False,False,False,False,False,0.0,0.0,0.006,0.054,0.0,False
13,6733,2025-05-15T18:05:03+00:00,1.0,22,False,False,True,True,False,0.0,0.0,0.0,0.647,0.01683333333333332,False
13,6734,2025-05-15T19:00:05+00:00,1.0,22,False,False,True,True,True,0.203,0.207,0.748,0.913,0.20222222222222225,True
13,6735,2025-05-15T19:55:03+00:00,1.0,22,True,True,True,True,True,1.0,1.0,1.0,1.0,1.668,True
13,6736,2025-05-15T20:50:05+00:00,1.0,22,True,True,True,True,True,1.0,1.0,1.0,1.0,3.5529166666666665,True
13,6737,2025-05-15T21:45:02+00:00,1.0,22,True,True,True,True,True,1.0,1.0,1.0,1.0,2.7741666666666664,True
13,6738,2025-05-15T22:40:05+00:00,1.0,22,False,False,False,False,True,0.876,1.0,1.0,1.0,1.7319444444444443,True
13,6739,2025-05-15T23:35:02+00:00,1.0,22,False,False,False,True,False,0.0,0.0,0.036,0.047,1.2248333333333332,True
13,6740,2025-05-16T00:30:05+00:00,1.0,22,True,True,True,True,True,1.0,1.0,1.0,1.0,0.5986111111111111,True
13,6741,2025-05-16T01:25:03+00:00,1.0,22,True,True,True,True,True,1.0,1.0,1.0,1.0,0.14175000000000001,True
13,6742,2025-05-16T02:20:06+00:00,1.0,22,True,True,True,True,True,1.0,1.0,1.0,1.0,0.36749999999999994,True
13,6743,2025-05-16T03:15:02+00:00,1.0,22,True,True,True,True,True,0.0,0.25,0.667,0.667,0.6248333333333334,True
13,6744,2025-05-16T04:10:07+00:00,1.0,22,True,True,True,True,True,1.0,1.0,1.0,1.0,0.34941666666666665,True
13,6745,2025-05-16T05:05:03+00:00,1.0,22,False,True,True,True,True,0.058,0.509,0.624,0.903,0.09158333333333335,False
13,6746,2025-05-16T06:00:05+00:00,1.0,22,True,True,True,True,True,1.0,1.0,1.0,1.0,0.0,False
13,6747,2025-05-16T06:55:03+00:00,1.0,22,True,True,True,True,True,1.0,1.0,1.0,1.0,0.0,False
13,6748,2025-05-16T07:50:05+00:00,1.0,22,True,True,True,True,True,1.0,1.0,1.0,1.0,0.0,False
13,6749,2025-05-16T08:45:03+00:00,1.0,14,False,False,False,False,False,0.0,0.0,0.0,0.0,0.3754166666666667,True
13,6750,2025-05-16T09:40:05+00:00,1.0,3,False,False,False,False,False,0.0,0.0,0.0,0.0,0.16597222222222222,True
13,6751,2025-05-16T14:15:02+00:00,1.0,11,False,False,False,False,False,0.0,0.0,0.0,0.0,0.0,False
13,6752,2025-05-16T15:10:05+00:00,1.0,19,False,False,False,False,False,0.0,0.0,0.0,0.0,0.0,False
13,6753,2025-05-16T16:05:03+00:00,1.0,8,False,False,False,False,False,0.0,0.0,0.0,0.0,0.0,False
13,6754,2025-05-16T19:45:03+00:00,20.0,0,False,False,False,False,False,0.0,0.0,0.0,0.0,0.0,False
13,6755,2025-05-17T09:30:05+00:00,1.0,2,False,False,False,False,False,0.0,0.0,0.0,0.046,0.0,False
13,6756,2025-05-17T10:25:03+00:00,1.0,13,False,False,False,False,False,0.0,0.0,0.0,0.019,0.0,False
13,6757,2025-05-17T11:20:05+00:00,1.0,22,False,False,False,False,False,0.0,0.0,0.0,0.0,0.0,False
13,6758,2025-05-17T12:15:03+00:00,1.0,22,False,False,False,False,False,0.0,0.0,0.0,0.0,0.0,False
13,6759,2025-05-17T13:10:05+00:00,1.0,22,False,False,False,False,False,0.0,0.0,0.0,0.002,0.0,False
13,6760,2025-05-17T14:05:02+00:00,1.0,22,False,False,False,False,False,0.0,0.0,0.0,0.038,0.0,False
13,6761,2025-05-17T15:00:05+00:00,1.0,22,False,False,False,False,False,0.0,0.023,0.12,0.269,0.0,False
13,6762,2025-05-17T15:55:03+00:00,1.0,22,False,False,False,False,False,0.0,0.0,0.0,0.0,0.0,False
13,6763,2025-05-17T16:50:05+00:00,1.0,22,False,False,False,False,False,0.0,0.0,0.002,0.002,0.0,False
13,6764,2025-05-17T17:45:02+00:00,1.0,22,False,False,False,False,False,0.0,0.0,0.0,0.0,0.0,False
13,6765,2025-05-17T18:40:05+00:00,1.0,22,False,False,False,False,False,0.0,0.0,0.0,0.0,0.0,False
13,6766,2025-05-17T19:35:02+00:00,1.0,15,False,False,False,False,False,0.0,0.0,0.0,0.0,0.0,False
13,6767,2025-05-17T20:30:05+00:00,1.0,4,False,False,False,False,False,0.0,0.0,0.0,0.0,0.0,False
13,6768,2025-05-17T23:15:03+00:00,20.0,0,False,False,False,False,False,0.0,0.0,0.0,0.0,0.0,False
13,6769,2025-05-18T02:55:03+00:00,20.0,0,False,False,True,True,True,1.0,1.0,1.0,1.0,0.0,False
13,6770,2025-05-18T06:35:03+00:00,20.0,0,False,False,False,False,True,0.0,0.337,0.524,0.524,0.0,False
13,6771,2025-05-18T09:20:05+00:00,1.0,7,False,False,False,False,False,0.0,0.0,0.0,0.0,0.0,False
13,6772,2025-05-18T10:15:03+00:00,1.0,18,False,False,False,False,False,0.0,0.0,0.0,0.0,0.0,False
13,6773,2025-05-18T11:10:05+00:00,1.0,22,False,False,False,False,False,0.0,0.0,0.0,0.0,0.0,False
13,6774,2025-05-18T12:05:03+00:00,1.0,11,False,False,False,False,False,0.0,0.02,0.054,0.054,0.0,False
13,6775,2025-05-18T14:50:05+00:00,20.0,0,False,False,False,False,False,0.0,0.0,0.0,0.0,0.0,False
13,6776,2025-05-18T18:30:05+00:00,1.0,7,False,False,False,False,False,0.0,0.0,0.0,0.0,0.0,False
13,6777,2025-05-18T19:25:03+00:00,1.0,18,False,False,False,False,False,0.0,0.0,0.0,0.02,0.0,False
13,6778,2025-05-18T20:20:05+00:00,1.0,22,False,False,False,False,False,0.003,0.062,0.062,0.062,0.0,False
13,6779,2025-05-18T21:15:03+00:00,1.0,22,False,False,False,False,False,0.0,0.0,0.0,0.0,0.0,False
13,6780,2025-05-18T22:10:07+00:00,1.0,22,False,False,False,False,False,0.0,0.0,0.091,0.244,0.0,False
13,6781,2025-05-18T23:05:02+00:00,1.0,22,False,False,False,False,False,0.0,0.0,0.0,0.0,0.0,False
13,6782,2025-05-19T00:00:05+00:00,1.0,22,False,False,False,False,False,0.0,0.0,0.0,0.0,0.0,False
13,6783,2025-05-19T00:55:03+00:00,1.0,22,False,False,True,True,True,0.741,0.741,0.741,0.742,0.0,False
13,6784,2025-05-19T01:50:05+00:00,1.0,22,True,True,True,True,True,1.0,1.0,1.0,1.0,0.0,False
13,6785,2025-05-19T02:45:02+00:00,1.0,22,True,True,True,True,False,0.299,0.542,0.711,0.787,0.1501111111111111,True
13,6786,2025-05-19T03:40:05+00:00,1.0,22,True,True,True,True,True,1.0,1.0,1.0,1.0,0.06638888888888889,False
13,6787,2025-05-19T04:35:03+00:00,1.0,22,False,False,False,False,True,0.887,0.892,0.897,0.899,0.9930833333333334,True
13,6788,2025-05-19T05:30:05+00:00,1.0,22,False,False,False,False,False,0.0,0.0,0.0,0.0,1.8002777777777776,True
13,6789,2025-05-19T06:25:03+00:00,1.0,22,False,False,False,False,False,0.0,0.0,0.241,0.701,1.10675,True
13,6790,2025-05-19T07:20:05+00:00,1.0,22,False,False,False,False,False,0.0,0.02,0.054,0.096,0.0,False
13,6791,2025-05-19T08:15:02+00:00,1.0,22,False,False,False,True,False,0.071,0.071,0.071,0.091,0.0,False
13,6792,2025-05-19T09:10:05+00:00,1.0,22,True,True,True,True,True,0.793,0.946,0.946,0.946,0.0,False
13,6793,2025-05-19T10:05:03+00:00,1.0,22,False,False,False,False,False,0.0,0.013,0.058,0.058,0.0,False
13,6794,2025-05-19T11:00:05+00:00,1.0,22,False,False,False,False,True,0.0,0.0,0.261,0.299,0.0,False
13,6795,2025-05-19T11:55:02+00:00,1.0,22,False,False,False,False,False,0.0,0.0,0.252,0.403,0.0,False
13,6796,2025-05-19T12:50:05+00:00,1.0,22,False,False,False,False,False,0.0,0.0,0.207,0.246,0.0,False
13,6797,2025-05-19T13:45:03+00:00,1.0,22,False,False,False,False,False,0.0,0.0,0.0,0.0,0.0,False
13,6798,2025-05-19T14:40:05+00:00,1.0,22,False,False,False,False,False,0.0,0.0,0.0,0.002,0.0,False
13,6799,2025-05-19T15:35:03+00:00,1.0,22,False,False,False,False,False,0.0,0.0,0.0,0.25,0.0,False
13,6800,2025-05-19T16:30:05+00:00,1.0,22,False,False,False,False,False,0.0,0.0,0.0,0.0,0.0,False
13,6801,2025-05-19T17:25:03+00:00,1.0,22,False,False,False,False,False,0.0,0.0,0.0,0.0,0.0,False
13,6802,2025-05-19T18:20:05+00:00,1.0,22,False,False,False,False,False,0.0,0.0,0.0,0.0,0.0,False
13,6803,2025-05-19T19:15:03+00:00,1.0,22,False,False,False,False,False,0.0,0.0,0.012,0.02,0.0,False
13,6804,2025-05-19T20:10:07+00:00,1.0,12,False,False,False,False,False,0.0,0.0,0.0,0.034,0.0,False
13,6805,2025-05-19T21:05:02+00:00,1.0,1,False,False,False,False,False,0.0,0.0,0.0,0.0,0.0,False
13,6806,2025-05-20T08:05:03+00:00,20.0,0,False,False,False,False,False,0.0,0.0,0.0,0.0,0.0,False
13,6807,2025-05-20T09:00:05+00:00,20.0,0,False,False,False,False,False,0.0,0.0,0.0,0.0,0.0,False
13,6808,2025-05-20T13:35:02+00:00,1.0,1,False,False,False,False,False,0.0,0.0,0.0,0.0,0.0,False
13,6809,2025-05-20T14:30:05+00:00,1.0,12,False,False,False,False,False,0.0,0.0,0.0,0.0,0.0,False
13,6810,2025-05-20T15:25:03+00:00,1.0,22,False,False,False,False,False,0.0,0.0,0.0,0.403,0.0,False
13,6811,2025-05-20T16:20:05+00:00,1.0,22,False,False,False,False,False,0.0,0.0,0.0,0.0,0.0,False
13,6812,2025-05-20T17:15:03+00:00,1.0,22,False,False,False,False,False,0.0,0.0,0.0,0.0,0.0,False
13,6813,2025-05-20T18:10:07+00:00,1.0,22,False,False,False,False,False,0.0,0.0,0.009,0.015,0.0,False
13,6814,2025-05-20T19:05:02+00:00,1.0,22,False,False,False,True,False,0.0,0.0,0.153,0.193,0.02516666666666667,False
13,6815,2025-05-20T20:00:05+00:00,1.0,22,True,True,True,True,True,1.0,1.0,1.0,1.0,0.2998611111111111,True
13,6816,2025-05-20T20:55:03+00:00,1.0,22,False,False,False,False,False,0.0,0.0,0.0,0.0,0.20825,True
13,6817,2025-05-20T21:50:05+00:00,1.0,22,False,False,False,False,False,0.0,0.0,0.0,0.211,0.03305555555555555,False
13,6818,2025-05-20T22:45:03+00:00,1.0,22,False,False,False,False,False,0.0,0.0,0.224,0.388,0.0,False
13,6819,2025-05-20T23:40:06+00:00,1.0,22,False,True,True,True,True,0.701,0.701,0.717,0.811,0.0,False
13,6820,2025-05-21T00:35:03+00:00,1.0,22,False,False,True,True,True,1.0,1.0,1.0,1.0,2.6871666666666667,True
13,6821,2025-05-21T01:30:05+00:00,1.0,22,True,True,True,True,True,1.0,1.0,1.0,1.0,4.650138888888889,True
13,6822,2025-05-21T02:25:02+00:00,1.0,22,True,True,True,True,True,1.0,1.0,1.0,1.0,3.4066111111111113,True
13,6823,2025-05-21T03:20:05+00:00,1.0,22,True,True,True,True,False,0.0,0.0,0.0,0.001,1.0644444444444445,True
13,6824,2025-05-21T04:15:02+00:00,1.0,22,False,False,False,False,False,0.0,0.0,0.003,0.011,0.0,False
13,6825,2025-05-21T05:10:05+00:00,1.0,22,False,False,False,False,False,0.0,0.0,0.013,0.014,0.0,False
13,6826,2025-05-21T06:05:02+00:00,1.0,12,False,False,False,False,False,0.0,0.0,0.0,0.0,0.0,False
13,6827,2025-05-21T07:00:05+00:00,1.0,11,False,False,False,False,False,0.0,0.0,0.0,0.0,0.0,False
13,6828,2025-05-21T07:55:02+00:00,1.0,21,False,False,False,False,False,0.0,0.0,0.403,0.403,0.0,False
13,6829,2025-05-21T08:50:05+00:00,1.0,22,False,False,False,True,True,0.046,0.64,0.693,0.693,0.0,False
13,6830,2025-05-21T09:45:03+00:00,1.0,22,False,True,True,True,False,0.0,0.0,0.0,0.047,0.0,False
13,6831,2025-05-21T10:40:05+00:00,1.0,22,False,False,False,False,False,0.0,0.0,0.173,0.29,0.0,False
13,6832,2025-05-21T11:35:02+00:00,1.0,22,False,False,False,False,False,0.0,0.0,0.0,0.0,0.0,False
13,6833,2025-05-21T12:30:05+00:00,1.0,22,False,False,False,False,False,0.0,0.0,0.009,0.021,0.0,False
13,6834,2025-05-21T13:25:03+00:00,1.0,22,False,False,False,False,False,0.0,0.03,0.03,0.267,0.0,False
13,6835,2025-05-21T14:20:05+00:00,1.0,22,False,False,False,True,True,0.462,0.73,0.815,0.848,0.3681944444444445,True
13,6836,2025-05-21T15:15:02+00:00,1.0,22,False,False,True,True,False,0.0,0.0,0.538,0.646,2.5532222222222223,True
13,6837,2025-05-21T16:10:07+00:00,1.0,22,True,True,True,True,True,1.0,1.0,1.0,1.0,5.804027777777778,True
13,6838,2025-05-21T17:05:02+00:00,1.0,22,True,False,True,True,False,0.003,0.062,0.165,0.414,2.0526111111111116,True
13,6839,2025-05-21T18:00:05+00:00,1.0,22,False,False,False,False,False,0.0,0.0,0.264,0.504,20.072083333333335,True
13,6840,2025-05-21T18:55:02+00:00,1.0,22,False,False,False,True,True,0.0,0.002,0.293,0.671,1.6638333333333335,True
13,6841,2025-05-21T19:50:05+00:00,1.0,22,True,False,False,True,True,0.516,0.516,0.802,0.863,1.2520833333333334,True
13,6842,2025-05-21T20:45:02+00:00,1.0,22,True,True,True,True,True,1.0,1.0,1.0,1.0,0.5242777777777777,True
13,6843,2025-05-21T21:40:05+00:00,1.0,22,True,True,True,True,False,0.0,0.0,0.09,0.105,0.06638888888888889,False
13,6844,2025-05-21T22:35:03+00:00,1.0,22,False,False,False,True,False,0.0,0.0,0.0,0.023,0.0,False
13,6845,2025-05-21T23:30:05+00:00,1.0,22,True,True,True,True,True,1.0,1.0,1.0,1.0,0.0,False
13,6846,2025-05-22T00:25:03+00:00,1.0,22,False,False,True,True,False,0.0,0.046,0.054,0.073,0.0,False
13,6847,2025-05-22T01:20:05+00:00,1.0,22,False,True,True,True,True,0.332,0.332,0.332,0.332,0.0,False
13,6848,2025-05-22T02:15:03+00:00,1.0,22,True,True,True,True,True,1.0,1.0,1.0,1.0,0.0,False
13,6849,2025-05-22T03:10:05+00:00,1.0,22,False,False,False,False,True,0.817,0.818,0.82,0.82,0.0,False
13,6850,2025-05-22T04:05:03+00:00,1.0,16,False,True,True,True,False,0.0,0.0,0.0,0.0,0.0,False
13,6851,2025-05-22T05:00:05+00:00,1.0,5,False,False,False,False,False,0.0,0.0,0.091,0.259,0.0,False
13,6852,2025-05-22T06:50:05+00:00,20.0,0,False,False,False,False,False,0.0,0.0,0.0,0.0,0.0,False
13,6853,2025-05-22T10:30:05+00:00,1.0,7,False,False,False,False,False,0.0,0.0,0.0,0.0,0.0,False
13,6854,2025-05-22T11:25:03+00:00,1.0,18,False,False,False,False,False,0.0,0.0,0.0,0.0,0.0,False
13,6855,2025-05-22T12:20:05+00:00,1.0,18,False,False,False,False,False,0.0,0.0,0.0,0.0,0.0,False
13,6856,2025-05-22T13:15:03+00:00,1.0,7,False,False,False,False,False,0.0,0.0,0.014,0.014,0.0,False
13,6857,2025-05-22T21:30:05+00:00,20.0,0,False,False,False,False,False,0.0,0.0,0.0,0.0,0.0,False
13,6858,2025-05-23T02:05:03+00:00,1.0,2,False,False,False,False,False,0.0,0.0,0.0,0.0,0.0,False
13,6859,2025-05-23T03:00:05+00:00,1.0,12,False,False,False,False,False,0.0,0.0,0.0,0.0,0.0,False
13,6860,2025-05-23T03:55:03+00:00,1.0,19,False,False,False,False,False,0.0,0.0,0.0,0.0,0.0,False
13,6861,2025-05-23T04:50:05+00:00,1.0,20,False,False,True,True,False,0.0,0.0,0.0,0.0,0.0,False
13,6862,2025-05-23T05:45:02+00:00,1.0,22,True,False,False,True,False,0.0,0.0,0.0,0.0,0.0,False
13,6863,2025-05-23T06:40:05+00:00,1.0,22,False,True,True,True,False,0.0,0.0,0.003,0.003,0.0,False
13,6864,2025-05-23T07:35:03+00:00,1.0,22,False,False,True,True,False,0.0,0.0,0.0,0.008,0.0,False
13,6865,2025-05-23T08:30:05+00:00,1.0,22,False,False,False,False,False,0.0,0.0,0.0,0.004,0.0,False
13,6866,2025-05-23T09:25:03+00:00,1.0,22,False,False,False,True,True,0.387,1.0,1.0,1.0,0.0,False
13,6867,2025-05-23T10:20:05+00:00,1.0,22,True,True,True,True,True,1.0,1.0,1.0,1.0,0.0,False
13,6868,2025-05-23T11:15:03+00:00,1.0,22,False,False,False,False,False,0.299,0.299,0.486,0.59,0.0,False
13,6869,2025-05-23T12:10:07+00:00,1.0,22,False,False,False,False,False,0.0,0.0,0.0,0.0,0.0,False
13,6870,2025-05-23T13:05:02+00:00,1.0,22,False,False,False,False,False,0.0,0.0,0.0,0.0,0.0,False
13,6871,2025-05-23T14:00:05+00:00,1.0,22,False,False,False,False,False,0.0,0.0,0.0,0.0,0.0,False
13,6872,2025-05-23T14:55:02+00:00,1.0,22,False,False,False,False,False,0.0,0.0,0.054,0.285,0.0,False
13,6873,2025-05-23T15:50:05+00:00,1.0,22,False,False,False,False,False,0.0,0.0,0.0,0.0,0.0,False
13,6874,2025-05-23T16:45:03+00:00,1.0,22,False,False,False,False,False,0.0,0.0,0.0,0.352,0.0,False
13,6875,2025-05-23T17:40:05+00:00,1.0,22,False,False,False,False,False,0.0,0.0,0.034,0.035,0.0,False
13,6876,2025-05-23T18:35:03+00:00,1.0,22,False,True,True,True,False,0.0,0.0,0.0,0.0,0.0,False
13,6877,2025-05-23T19:30:05+00:00,1.0,22,False,False,False,False,False,0.0,0.0,0.0,0.054,0.0,False
13,6878,2025-05-23T20:25:03+00:00,1.0,22,False,False,False,True,False,0.0,0.008,0.033,0.033,0.0,False
13,6879,2025-05-23T21:20:06+00:00,1.0,22,False,False,False,False,False,0.224,0.224,0.224,0.697,0.0,False
13,6880,2025-05-23T22:15:02+00:00,1.0,13,False,False,False,False,False,0.0,0.0,0.0,0.0,0.0,False
13,6881,2025-05-23T23:10:05+00:00,1.0,4,False,False,False,False,False,0.0,0.0,0.0,0.0,0.0,False
13,6882,2025-05-24T00:05:02+00:00,1.0,12,False,False,False,False,False,0.0,0.0,0.0,0.0,0.0,False
13,6883,2025-05-24T01:00:05+00:00,1.0,21,False,False,False,False,False,0.0,0.0,0.0,0.0,0.0,False
13,6884,2025-05-24T01:55:03+00:00,1.0,22,False,False,False,False,False,0.0,0.0,0.0,0.0,0.0,False
13,6885,2025-05-24T02:50:05+00:00,1.0,22,False,False,False,False,False,0.0,0.0,0.0,0.0,0.0,False
13,6886,2025-05-24T03:45:03+00:00,1.0,22,False,False,False,False,False,0.0,0.022,0.022,0.075,0.0,False
13,6887,2025-05-24T04:40:05+00:00,1.0,22,False,False,False,False,False,0.0,0.103,0.256,0.256,0.0,False
13,6888,2025-05-24T05:35:03+00:00,1.0,22,False,False,False,False,False,0.0,0.0,0.0,0.054,0.0,False
13,6889,2025-05-24T06:30:04+00:00,1.0,22,False,False,False,False,True,0.0,0.299,0.299,0.43,0.0,False
13,6890,2025-05-24T07:25:03+00:00,1.0,22,False,False,False,True,False,0.0,0.0,0.037,0.103,0.0,False
13,6891,2025-05-24T08:20:05+00:00,1.0,21,False,False,False,False,False,0.0,0.005,0.007,0.007,0.0,False
13,6892,2025-05-24T09:15:03+00:00,1.0,21,False,False,False,True,False,0.0,0.0,0.0,0.0,0.0,False
13,6893,2025-05-24T10:10:07+00:00,1.0,22,True,True,True,True,True,1.0,1.0,1.0,1.0,0.0,False
13,6894,2025-05-24T11:05:03+00:00,1.0,22,True,True,True,True,False,0.0,0.0,0.0,0.0,0.0,False
13,6895,2025-05-24T12:00:05+00:00,1.0,22,False,False,False,False,False,0.0,0.0,0.0,0.0,0.0,False
13,6896,2025-05-24T12:55:03+00:00,1.0,22,False,True,True,True,False,0.0,0.0,0.0,0.0,0.0,False
13,6897,2025-05-24T13:50:05+00:00,1.0,22,False,False,False,False,False,0.0,0.0,0.0,0.0,0.0,False
13,6898,2025-05-24T14:45:02+00:00,1.0,17,False,False,False,False,False,0.0,0.0,0.0,0.0,0.0,False
13,6899,2025-05-24T15:40:05+00:00,1.0,6,False,False,False,False,False,0.0,0.0,0.0,0.0,0.0,False
13,6900,2025-05-25T02:40:05+00:00,20.0,0,False,False,False,False,False,0.0,0.0,0.0,0.0,0.0,False
13,6901,2025-05-25T15:30:05+00:00,20.0,0,False,False,False,False,False,0.0,0.0,0.0,0.0,0.0,False
13,6902,2025-05-26T18:05:03+00:00,20.0,0,False,False,False,False,False,0.0,0.0,0.0,0.0,0.0,False
13,6903,2025-05-26T23:35:02+00:00,1.0,2,False,False,False,False,False,0.0,0.0,0.0,0.0,0.0,False
13,6904,2025-05-27T00:30:05+00:00,1.0,2,False,False,False,False,False,0.0,0.0,0.0,0.0,0.0,False
13,6905,2025-05-27T02:20:05+00:00,20.0,0,False,False,False,False,False,0.0,0.0,0.0,0.0,0.0,False
13,6906,2025-05-27T09:40:05+00:00,1.0,4,False,False,False,False,False,0.0,0.0,0.0,0.0,0.0,False
13,6907,2025-05-27T10:35:02+00:00,1.0,15,False,False,True,True,False,0.0,0.0,0.0,0.246,0.0,False
13,6908,2025-05-27T11:30:05+00:00,1.0,22,True,True,True,True,True,1.0,1.0,1.0,1.0,0.05013888888888889,False
13,6909,2025-05-27T12:25:02+00:00,1.0,22,True,True,True,True,False,0.0,0.0,0.0,0.0,0.2668888888888889,True
13,6910,2025-05-27T13:20:05+00:00,1.0,22,False,False,False,True,True,0.0,0.0,0.551,0.704,0.3326388888888889,True
13,6911,2025-05-27T14:15:03+00:00,1.0,22,True,True,True,True,False,0.0,0.0,0.112,0.299,0.0,False
13,6912,2025-05-27T15:10:05+00:00,1.0,21,False,False,False,False,False,0.0,0.0,0.0,0.0,0.0,False
13,6913,2025-05-27T16:05:02+00:00,1.0,10,False,False,False,False,False,0.0,0.0,0.0,0.0,0.0,False
13,6914,2025-05-27T19:45:02+00:00,1.0,7,False,False,False,False,False,0.0,0.0,0.0,0.0,0.0,False
13,6915,2025-05-27T20:40:05+00:00,1.0,15,False,False,False,False,False,0.0,0.0,0.0,0.0,0.0,False
13,6916,2025-05-27T21:35:03+00:00,1.0,8,False,False,False,False,False,0.0,0.0,0.0,0.0,0.0,False
13,6917,2025-05-28T19:35:03+00:00,20.0,0,False,False,False,False,False,0.0,0.0,0.0,0.0,0.0,False
13,6918,2025-05-28T23:55:03+00:00,1.0,5,False,False,False,False,False,0.0,0.0,0.0,0.0,,
13,6919,2025-05-29T00:50:05+00:00,1.0,16,False,False,False,False,False,0.0,0.0,0.0,0.0,,
13,6920,2025-05-29T01:45:02+00:00,1.0,22,False,False,False,False,False,0.0,0.0,0.0,0.0,,
13,6921,2025-05-29T02:40:05+00:00,1.0,22,False,False,False,False,False,0.0,0.0,0.0,0.0,,
13,6922,2025-05-29T03:35:03+00:00,1.0,22,False,False,False,False,False,0.0,0.0,0.02,0.046,,
13,6923,2025-05-29T04:30:05+00:00,1.0,22,False,False,False,False,False,0.0,0.0,0.0,0.037,,
13,6924,2025-05-29T05:25:02+00:00,1.0,22,False,False,False,True,False,0.0,0.0,0.192,0.916,,
13,6925,2025-05-29T06:20:05+00:00,1.0,22,True,True,True,True,True,1.0,1.0,1.0,1.0,,
13,6926,2025-05-29T07:15:03+00:00,1.0,22,True,True,True,True,True,1.0,1.0,1.0,1.0,,
13,6927,2025-05-29T08:10:07+00:00,1.0,22,True,True,True,True,False,0.0,0.0,0.003,0.246,,
13,6928,2025-05-29T09:05:03+00:00,1.0,22,True,True,True,True,True,1.0,1.0,1.0,1.0,,
13,6929,2025-05-29T10:00:05+00:00,1.0,22,True,True,True,True,False,0.0,0.071,0.683,0.753,,
13,6930,2025-05-29T10:55:03+00:00,1.0,22,True,True,True,True,True,1.0,1.0,1.0,1.0,,
13,6931,2025-05-29T11:50:05+00:00,1.0,22,True,True,True,True,True,1.0,1.0,1.0,1.0,,
13,6932,2025-05-29T12:45:02+00:00,1.0,22,True,True,True,True,True,1.0,1.0,1.0,1.0,,
13,6933,2025-05-29T13:40:05+00:00,1.0,22,False,False,False,False,False,0.0,0.0,0.0,0.0,,
13,6934,2025-05-29T14:35:03+00:00,1.0,22,False,False,False,False,False,0.0,0.0,0.0,0.0,,
13,6935,2025-05-29T15:30:05+00:00,1.0,16,False,False,False,False,False,0.0,0.0,0.0,0.037,,
13,6936,2025-05-29T16:25:03+00:00,1.0,9,False,False,False,True,False,0.0,0.0,0.0,0.0,,
13,6937,2025-05-29T17:20:05+00:00,1.0,5,True,False,False,False,True,0.717,0.717,0.717,0.717,,
13,6938,2025-05-29T18:15:02+00:00,1.0,1,False,False,False,False,False,0.0,0.0,0.0,0.037,,
13,6939,2025-05-29T21:55:03+00:00,20.0,0,False,False,False,False,False,0.0,0.0,0.0,0.0,,
13,6940,2025-06-01T05:50:05+00:00,20.0,0,False,False,False,False,False,0.0,0.0,0.0,0.0,0.0,False
13,6941,2025-06-01T08:35:02+00:00,20.0,0,False,False,False,False,False,0.0,0.0,0.0,0.0,0.0,False
13,6942,2025-06-02T01:05:02+00:00,20.0,0,False,False,False,False,False,0.0,0.0,0.0,0.0,0.0,False
13,6943,2025-06-02T03:50:05+00:00,20.0,0,False,False,False,False,False,0.0,0.0,0.0,0.0,0.0,False
13,6944,2025-06-02T16:20:05+00:00,1.0,14,False,False,False,False,False,0.0,0.0,0.0,0.0,0.0,False
13,6945,2025-06-02T17:15:03+00:00,1.0,3,False,False,False,False,False,0.0,0.0,0.0,0.0,0.0,False
13,6946,2025-06-03T00:35:03+00:00,20.0,0,False,False,False,False,False,0.0,0.0,0.0,0.0,0.0,False
13,6947,2025-06-03T15:15:02+00:00,20.0,0,False,False,False,False,False,0.0,0.0,0.0,0.0,0.0,False
13,6948,2025-06-03T23:30:05+00:00,20.0,0,False,False,False,False,False,0.0,0.0,0.0,0.0,0.0,False
13,6949,2025-06-04T13:15:02+00:00,20.0,0,False,False,False,False,False,0.0,0.0,0.0,0.0,0.0,False
13,6950,2025-06-05T01:10:05+00:00,20.0,0,False,False,False,False,False,0.0,0.0,0.0,0.0,0.0,False
13,6951,2025-06-05T12:10:07+00:00,20.0,0,False,False,False,False,False,0.0,0.0,0.0,0.0,0.0,False
13,6952,2025-06-06T17:30:05+00:00,20.0,0,False,False,False,False,False,0.0,0.0,0.0,0.0,0.0,False
13,6953,2025-06-06T21:10:04+00:00,20.0,0,False,False,False,False,False,0.0,0.0,0.0,0.0,0.0,False
13,6954,2025-06-07T03:35:03+00:00,20.0,0,False,False,False,False,False,0.0,0.0,0.0,0.0,0.0,False
13,6955,2025-06-07T16:25:03+00:00,20.0,0,False,False,False,False,False,0.0,0.0,0.0,0.0,0.0,False
13,6956,2025-06-08T05:15:03+00:00,20.0,0,False,False,False,False,False,0.0,0.0,0.0,0.0,0.0,False
13,6957,2025-06-10T01:15:03+00:00,20.0,0,False,False,False,False,False,0.0,0.0,0.0,0.0,0.0,False
13,6958,2025-06-11T02:55:03+00:00,20.0,0,False,False,False,False,False,0.0,0.0,0.0,0.0,0.0,False
13,6959,2025-06-11T04:45:02+00:00,20.0,0,False,False,False,False,False,0.0,0.0,0.0,0.0,0.0,False
13,6960,2025-06-16T01:40:05+00:00,20.0,0,False,False,False,False,False,0.0,0.0,0.0,0.0,0.0,False
13,6961,2025-06-16T16:20:05+00:00,20.0,0,False,False,False,False,False,0.0,0.0,0.0,0.0,0.0,False
13,6962,2025-06-16T23:40:05+00:00,1.0,5,False,False,False,False,False,0.0,0.0,0.0,0.0,0.0,False
13,6963,2025-06-17T00:35:02+00:00,1.0,16,False,False,False,False,False,0.0,0.0,0.153,0.244,0.0,False
13,6964,2025-06-17T01:30:05+00:00,1.0,22,False,False,False,False,False,0.0,0.0,0.0,0.055,0.0,False
13,6965,2025-06-17T02:25:03+00:00,1.0,22,False,False,True,True,False,0.0,0.0,0.0,0.0,0.0,False
13,6966,2025-06-17T03:20:05+00:00,1.0,22,False,False,False,False,False,0.0,0.0,0.0,0.0,0.0,False
13,6967,2025-06-17T04:15:03+00:00,1.0,22,False,False,False,True,True,0.0,0.162,0.552,0.552,0.0,False
13,6968,2025-06-17T05:10:05+00:00,1.0,22,True,True,True,True,True,0.701,0.701,0.708,0.775,0.0,False
13,6969,2025-06-17T06:05:02+00:00,1.0,22,True,False,False,False,False,0.0,0.0,0.0,0.0,0.0,False
13,6970,2025-06-17T07:00:05+00:00,1.0,22,False,False,True,True,True,0.037,0.908,0.948,0.949,0.0,False
13,6971,2025-06-17T07:55:03+00:00,1.0,22,True,True,True,True,True,1.0,1.0,1.0,1.0,0.0,False
13,6972,2025-06-17T08:50:05+00:00,1.0,22,False,False,False,False,False,0.0,0.0,0.0,0.001,0.0,False
13,6973,2025-06-17T09:45:03+00:00,1.0,22,False,False,False,False,False,0.0,0.0,0.0,0.0,0.0,False
13,6974,2025-06-17T10:40:05+00:00,1.0,22,False,False,False,False,False,0.0,0.0,0.0,0.054,0.0,False
13,6975,2025-06-17T11:35:03+00:00,1.0,22,False,False,False,False,False,0.0,0.0,0.0,0.0,0.0,False
13,6976,2025-06-17T12:30:05+00:00,1.0,22,False,False,False,False,False,0.0,0.0,0.0,0.0,0.0,False
13,6977,2025-06-17T13:25:02+00:00,1.0,22,False,False,False,False,False,0.0,0.0,0.0,0.0,0.0,False
13,6978,2025-06-17T14:20:05+00:00,1.0,22,False,False,False,False,False,0.0,0.0,0.004,0.005,0.0,False
13,6979,2025-06-17T15:15:02+00:00,1.0,22,False,False,False,False,False,0.0,0.0,0.0,0.0,0.0,False
13,6980,2025-06-17T16:10:07+00:00,1.0,22,False,False,False,False,False,0.0,0.0,0.0,0.0,0.0,False
13,6981,2025-06-17T17:05:02+00:00,1.0,22,False,False,False,False,False,0.0,0.0,0.0,0.0,0.0,False
13,6982,2025-06-17T18:00:04+00:00,1.0,22,False,False,False,False,False,0.0,0.0,0.0,0.0,0.0,False
13,6983,2025-06-17T18:55:02+00:00,1.0,22,False,False,False,False,False,0.0,0.0,0.0,0.0,0.0,False
13,6984,2025-06-17T19:50:05+00:00,1.0,14,False,False,False,False,False,0.0,0.0,0.0,0.0,0.0,False
13,6985,2025-06-17T20:45:03+00:00,1.0,3,False,False,False,False,False,0.0,0.0,0.0,0.0,0.0,False
13,6986,2025-06-18T01:20:05+00:00,1.0,6,False,False,False,False,False,0.0,0.0,0.0,0.0,0.0,False
13,6987,2025-06-18T02:15:03+00:00,1.0,17,False,False,False,False,False,0.0,0.0,0.0,0.0,0.0,False
13,6988,2025-06-18T03:10:05+00:00,1.0,22,False,False,False,False,False,0.0,0.0,0.153,0.244,0.0,False
13,6989,2025-06-18T04:05:03+00:00,1.0,18,False,False,False,False,False,0.0,0.0,0.0,0.0,0.0,False
13,6990,2025-06-18T05:00:05+00:00,1.0,7,False,False,False,False,False,0.0,0.0,0.0,0.0,0.0,False
13,6991,2025-06-18T08:40:05+00:00,1.0,2,False,False,False,False,False,0.0,0.0,0.0,0.0,0.0,False
13,6992,2025-06-18T09:35:03+00:00,1.0,13,False,False,False,False,False,0.0,0.0,0.0,0.0,0.0,False
13,6993,2025-06-18T10:30:05+00:00,1.0,22,False,False,False,False,False,0.0,0.0,0.0,0.0,0.0,False
13,6994,2025-06-18T11:25:02+00:00,1.0,22,False,False,False,False,False,0.0,0.0,0.0,0.037,0.0,False
13,6995,2025-06-18T12:20:05+00:00,1.0,22,False,False,False,False,False,0.0,0.0,0.005,0.005,0.0,False
13,6996,2025-06-18T13:15:02+00:00,1.0,22,False,False,False,False,False,0.0,0.0,0.008,0.278,0.0,False
13,6997,2025-06-18T14:10:07+00:00,1.0,22,False,False,True,True,False,0.0,0.0,0.0,0.001,0.0,False
13,6998,2025-06-18T16:50:05+00:00,1.0,22,False,False,False,False,False,0.0,0.0,0.0,0.151,0.0,False
13,6999,2025-06-18T17:45:03+00:00,1.0,22,False,False,False,False,False,0.0,0.0,0.0,0.0,0.0,False
14,7000,2025-06-18T18:40:05+00:00,1.0,13,False,False,False,False,False,0.0,0.0,0.0,0.0,0.0,False
14,7001,2025-06-18T19:35:02+00:00,1.0,2,False,False,False,False,False,0.0,0.0,0.0,0.0,0.0,False
14,7002,2025-06-19T12:05:03+00:00,1.0,1,False,False,False,False,False,0.0,0.0,0.0,0.0,0.0,False
14,7003,2025-06-19T13:00:05+00:00,1.0,12,False,False,False,False,False,0.0,0.0,0.0,0.0,0.0,False
14,7004,2025-06-19T13:55:03+00:00,1.0,22,False,False,False,False,False,0.0,0.0,0.0,0.0,0.0,False
14,7005,2025-06-19T14:50:05+00:00,1.0,22,False,False,False,False,False,0.0,0.0,0.0,0.0,0.0,False
14,7006,2025-06-19T15:45:02+00:00,1.0,22,False,False,False,False,False,0.0,0.0,0.0,0.016,0.0,False
14,7007,2025-06-19T16:40:05+00:00,1.0,22,False,False,False,False,False,0.0,0.0,0.0,0.0,0.0,False
14,7008,2025-06-19T17:35:02+00:00,1.0,22,False,False,False,False,False,0.0,0.0,0.0,0.0,0.0,False
14,7009,2025-06-19T18:30:05+00:00,1.0,22,False,False,False,False,False,0.0,0.0,0.0,0.0,0.0,False
14,7010,2025-06-19T19:25:03+00:00,1.0,22,False,False,False,False,False,0.0,0.0,0.151,0.403,0.0,False
14,7011,2025-06-19T20:20:05+00:00,1.0,22,False,False,False,False,False,0.0,0.0,0.0,0.091,0.0,False
14,7012,2025-06-19T21:15:03+00:00,1.0,13,False,False,False,False,False,0.0,0.0,0.0,0.0,0.0,False
14,7013,2025-06-19T22:10:07+00:00,1.0,9,False,False,False,False,False,0.0,0.0,0.0,0.0,0.0,False
14,7014,2025-06-19T23:05:03+00:00,1.0,18,False,False,False,False,False,0.0,0.0,0.0,0.0,0.0,False
14,7015,2025-06-20T00:00:05+00:00,1.0,22,False,False,False,False,False,0.0,0.0,0.0,0.0,0.0,False
14,7016,2025-06-20T00:55:03+00:00,1.0,22,False,False,False,False,False,0.0,0.0,0.0,0.0,0.0,False
14,7017,2025-06-20T01:50:05+00:00,1.0,22,False,False,False,False,False,0.0,0.0,0.0,0.0,0.0,False
14,7018,2025-06-20T02:45:03+00:00,1.0,22,False,False,False,False,False,0.0,0.0,0.0,0.0,0.0,False
14,7019,2025-06-20T03:40:05+00:00,1.0,22,False,False,False,False,False,0.0,0.0,0.0,0.061,0.0,False
14,7020,2025-06-20T04:35:02+00:00,1.0,22,False,False,False,False,False,0.0,0.0,0.037,0.244,0.0,False
14,7021,2025-06-20T05:30:05+00:00,1.0,22,False,False,False,False,False,0.0,0.0,0.0,0.0,0.0,False
14,7022,2025-06-20T06:25:03+00:00,1.0,22,False,False,False,False,False,0.0,0.0,0.0,0.555,0.0,False
14,7023,2025-06-20T07:20:05+00:00,1.0,12,False,False,False,False,False,0.0,0.0,0.112,0.29,0.0,False
14,7024,2025-06-20T08:15:03+00:00,1.0,1,False,False,False,False,False,0.0,0.0,0.0,0.0,0.07525,False
14,7025,2025-06-20T11:00:05+00:00,1.0,3,False,False,False,False,False,0.0,0.0,0.0,0.0,0.0,False
14,7026,2025-06-20T11:55:03+00:00,1.0,14,False,False,False,False,False,0.0,0.0,0.0,0.0,0.0,False
14,7027,2025-06-20T12:50:05+00:00,1.0,22,False,False,False,False,False,0.0,0.0,0.0,0.0,0.0,False
14,7028,2025-06-20T13:45:03+00:00,1.0,22,False,False,False,False,True,0.0,0.0,0.253,0.308,0.0,False
14,7029,2025-06-20T14:40:05+00:00,1.0,22,False,False,False,False,False,0.0,0.0,0.034,0.045,0.0,False
14,7030,2025-06-20T15:35:02+00:00,1.0,22,False,True,True,True,True,1.0,1.0,1.0,1.0,1.1093888888888888,True
14,7031,2025-06-20T16:30:05+00:00,1.0,22,True,True,True,True,True,1.0,1.0,1.0,1.0,0.9473611111111111,True
14,7032,2025-06-20T17:25:03+00:00,1.0,22,True,True,True,True,False,0.0,0.0,0.0,0.0,0.0,False
14,7033,2025-06-20T18:20:05+00:00,1.0,17,False,False,False,False,False,0.0,0.0,0.0,0.0,0.0,False
14,7034,2025-06-20T19:15:02+00:00,1.0,6,False,False,False,False,False,0.0,0.0,0.0,0.0,0.0,False
14,7035,2025-06-21T08:05:03+00:00,20.0,0,False,False,False,False,False,0.0,0.0,0.0,0.0,0.0,False
14,7036,2025-06-21T19:05:02+00:00,20.0,0,False,False,False,False,False,0.0,0.0,0.0,0.0,0.0,False
14,7037,2025-06-22T06:05:03+00:00,20.0,0,False,False,False,False,False,0.0,0.0,0.0,0.0,0.0,False
14,7038,2025-06-22T13:25:03+00:00,20.0,0,False,False,False,False,False,0.0,0.0,0.0,0.0,0.0,False
14,7039,2025-06-23T00:25:02+00:00,20.0,0,False,False,False,False,False,0.0,0.0,0.0,0.0,0.0,False
14,7040,2025-06-24T07:35:02+00:00,20.0,0,False,False,False,False,False,0.0,0.0,0.0,0.0,0.0,False
14,7041,2025-06-25T11:05:03+00:00,20.0,0,False,False,False,False,False,0.0,0.0,0.0,0.0,0.0,False
14,7042,2025-06-26T10:55:02+00:00,20.0,0,False,False,False,False,False,0.0,0.0,0.0,0.0,0.0,False
14,7043,2025-06-26T12:45:03+00:00,1.0,8,False,False,False,False,False,0.0,0.0,0.0,0.0,0.0,False
14,7044,2025-06-26T13:40:05+00:00,1.0,19,False,False,False,False,False,0.0,0.0,0.0,0.0,0.0,False
14,7045,2025-06-26T14:35:02+00:00,1.0,22,False,False,False,False,False,0.0,0.0,0.0,0.0,0.0,False
14,7046,2025-06-26T15:30:05+00:00,1.0,22,False,False,False,False,False,0.0,0.0,0.0,0.0,0.0,False
14,7047,2025-06-26T16:25:03+00:00,1.0,22,False,False,False,False,False,0.0,0.0,0.0,0.0,0.0,False
14,7048,2025-06-26T17:20:05+00:00,1.0,22,False,False,False,False,False,0.0,0.0,0.0,0.0,0.0,False
14,7049,2025-06-26T18:15:03+00:00,1.0,11,False,False,False,False,False,0.0,0.0,0.0,0.0,0.0,False
14,7050,2025-06-27T02:30:05+00:00,20.0,0,False,False,False,False,False,0.0,0.0,0.0,0.0,0.0,False
14,7051,2025-06-27T08:55:02+00:00,1.0,11,False,False,False,False,False,0.0,0.0,0.0,0.0,0.0,False
14,7052,2025-06-27T09:50:04+00:00,1.0,22,False,False,False,False,False,0.0,0.0,0.0,0.0,0.0,False
14,7053,2025-06-27T10:45:03+00:00,1.0,22,False,False,False,False,False,0.0,0.0,0.0,0.02,0.0,False
14,7054,2025-06-27T11:40:05+00:00,1.0,22,False,False,False,False,False,0.0,0.0,0.0,0.0,0.0,False
14,7055,2025-06-27T12:35:03+00:00,1.0,22,False,False,False,False,False,0.0,0.0,0.0,0.0,0.0,False
14,7056,2025-06-27T13:30:05+00:00,1.0,22,False,False,False,False,False,0.0,0.0,0.0,0.0,0.0,False
14,7057,2025-06-27T14:25:02+00:00,1.0,22,False,False,False,False,False,0.0,0.0,0.0,0.0,0.0,False
14,7058,2025-06-27T15:20:05+00:00,1.0,22,False,False,False,False,False,0.0,0.0,0.0,0.099,0.0,False
14,7059,2025-06-27T16:15:03+00:00,1.0,22,False,False,False,False,True,0.0,0.299,0.299,0.299,0.0,False
14,7060,2025-06-27T17:10:05+00:00,1.0,12,False,False,False,False,False,0.0,0.0,0.0,0.0,0.0,False
14,7061,2025-06-27T18:05:02+00:00,1.0,1,False,False,False,False,False,0.0,0.0,0.0,0.0,0.0,False
14,7062,2025-06-27T19:00:05+00:00,20.0,0,False,False,False,False,False,0.0,0.0,0.0,0.0,0.0,False
14,7063,2025-06-29T02:10:07+00:00,20.0,0,False,False,False,False,False,0.0,0.0,0.0,0.0,0.0,False
14,7064,2025-06-29T07:40:05+00:00,20.0,0,False,False,False,False,False,0.0,0.0,0.0,0.0,0.0,False
14,7065,2025-06-29T08:35:02+00:00,20.0,0,False,False,False,False,False,0.0,0.0,0.0,0.0,0.0,False
14,7066,2025-06-29T12:15:03+00:00,20.0,0,False,False,False,False,False,0.0,0.0,0.0,0.0,0.0,False
14,7067,2025-06-29T14:05:03+00:00,20.0,0,False,False,False,False,False,0.0,0.0,0.0,0.0,0.0,False
14,7068,2025-06-29T16:50:05+00:00,20.0,0,False,False,False,False,False,0.0,0.0,0.0,0.0,0.0,False
14,7069,2025-06-29T17:45:02+00:00,20.0,0,False,False,False,False,False,0.0,0.0,0.0,0.0,0.0,False
14,7070,2025-06-30T17:35:02+00:00,20.0,0,False,False,False,False,False,0.0,0.0,0.0,0.0,0.0,False
14,7071,2025-07-01T00:55:02+00:00,20.0,0,False,False,False,False,False,0.0,0.0,0.0,0.0,0.0,False
14,7072,2025-07-02T01:40:05+00:00,20.0,0,False,False,False,False,False,0.0,0.0,0.0,0.0,0.0,False
14,7073,2025-07-02T10:50:05+00:00,20.0,0,False,False,False,False,False,0.0,0.0,0.0,0.0,0.0,False
14,7074,2025-07-03T04:15:02+00:00,20.0,0,False,False,False,False,False,0.0,0.0,0.0,0.0,0.0,False
14,7075,2025-07-03T17:05:03+00:00,20.0,0,False,False,False,False,False,0.0,0.0,0.0,0.0,0.0,False
14,7076,2025-07-04T01:20:05+00:00,20.0,0,False,False,False,False,False,0.0,0.0,0.0,0.0,0.0,False
14,7077,2025-07-04T09:35:02+00:00,20.0,0,False,False,False,False,False,0.0,0.0,0.0,0.0,0.0,False
14,7078,2025-07-04T21:30:05+00:00,20.0,0,False,False,False,False,False,0.0,0.0,0.0,0.0,0.0,False
14,7079,2025-07-05T10:20:05+00:00,1.0,4,False,False,False,False,False,0.0,0.0,0.0,0.0,0.0,False
14,7080,2025-07-05T11:15:02+00:00,1.0,15,False,False,False,False,False,0.0,0.0,0.0,0.0,0.0,False
14,7081,2025-07-05T12:10:08+00:00,1.0,22,False,False,False,False,False,0.0,0.0,0.0,0.0,0.0,False
14,7082,2025-07-05T13:05:03+00:00,1.0,22,False,False,False,False,False,0.0,0.0,0.0,0.0,0.0,False
14,7083,2025-07-05T14:00:05+00:00,1.0,22,False,False,False,False,False,0.0,0.0,0.0,0.0,0.0,False
14,7084,2025-07-05T14:55:02+00:00,1.0,22,False,False,False,False,False,0.0,0.0,0.0,0.0,0.0,False
14,7085,2025-07-05T15:50:05+00:00,1.0,15,False,False,False,False,False,0.0,0.0,0.0,0.0,0.0,False
14,7086,2025-07-05T16:45:02+00:00,1.0,4,False,False,False,False,False,0.0,0.0,0.0,0.0,0.0,False
14,7087,2025-07-06T01:00:05+00:00,20.0,0,False,False,False,False,False,0.0,0.0,0.0,0.0,0.0,False
14,7088,2025-07-06T11:05:03+00:00,1.0,8,False,False,False,False,False,0.0,0.0,0.0,0.0,0.0,False
14,7089,2025-07-06T12:00:05+00:00,1.0,19,False,False,False,False,False,0.0,0.0,0.0,0.299,0.0,False
14,7090,2025-07-06T12:55:02+00:00,1.0,22,False,False,False,False,False,0.0,0.0,0.0,0.0,0.0,False
14,7091,2025-07-06T13:50:05+00:00,1.0,22,False,False,False,False,False,0.0,0.0,0.031,0.032,0.0,False
14,7092,2025-07-06T14:45:02+00:00,1.0,22,False,False,False,False,False,0.0,0.0,0.0,0.0,0.0,False
14,7093,2025-07-06T15:40:05+00:00,1.0,13,False,False,False,False,False,0.0,0.0,0.0,0.0,0.0,False
14,7094,2025-07-06T16:35:03+00:00,1.0,2,False,False,False,False,False,0.0,0.0,0.0,0.0,0.0,False
14,7095,2025-07-06T22:05:03+00:00,1.0,1,False,False,False,False,False,0.0,0.0,0.0,0.0,0.0,False
14,7096,2025-07-06T23:00:05+00:00,1.0,1,False,False,False,False,False,0.0,0.0,0.0,0.0,0.0,False
14,7097,2025-07-08T03:25:03+00:00,1.0,1,False,False,False,False,False,0.0,0.0,0.0,0.0,0.0,False
14,7098,2025-07-08T04:20:05+00:00,1.0,12,False,False,False,False,False,0.0,0.0,0.0,0.0,0.0,False
14,7099,2025-07-08T05:15:03+00:00,1.0,22,False,False,False,False,False,0.0,0.0,0.0,0.0,0.0,False
14,7100,2025-07-08T06:10:07+00:00,1.0,18,False,False,False,False,False,0.0,0.0,0.02,0.17,0.0,False
14,7101,2025-07-08T07:05:03+00:00,1.0,18,False,False,False,False,False,0.0,0.0,0.0,0.0,0.13466666666666657,True
14,7102,2025-07-08T08:00:05+00:00,1.0,22,False,False,False,False,False,0.0,0.0,0.054,0.054,1.597777777777778,True
14,7103,2025-07-08T08:55:03+00:00,1.0,22,False,False,False,False,False,0.0,0.0,0.0,0.0,0.132,True
14,7104,2025-07-08T09:50:05+00:00,1.0,22,False,False,False,False,False,0.0,0.0,0.343,0.343,0.0,False
14,7105,2025-07-08T10:45:02+00:00,1.0,22,False,False,False,True,True,0.299,0.299,0.299,0.299,1.351,True
14,7106,2025-07-08T11:40:05+00:00,1.0,22,False,False,False,False,False,0.0,0.0,0.0,0.0,5.87513888888889,True
14,7107,2025-07-08T12:35:03+00:00,1.0,22,False,False,False,False,False,0.0,0.0,0.0,0.0,3.2850833333333336,True
14,7108,2025-07-08T13:30:05+00:00,1.0,22,False,False,False,False,False,0.0,0.0,0.0,0.585,0.0,False
14,7109,2025-07-08T14:25:03+00:00,1.0,22,False,False,False,False,False,0.0,0.0,0.0,0.008,0.0,False
14,7110,2025-07-08T15:20:05+00:00,1.0,20,False,False,False,False,False,0.0,0.0,0.0,0.0,0.0,False
14,7111,2025-07-08T16:15:03+00:00,1.0,9,False,False,False,False,False,0.0,0.0,0.0,0.0,0.0,False
14,7112,2025-07-08T17:10:05+00:00,1.0,2,False,False,False,False,False,0.0,0.0,0.0,0.0,0.0,False
14,7113,2025-07-08T18:05:03+00:00,1.0,4,False,False,False,False,False,0.0,0.0,0.0,0.0,0.0,False
14,7114,2025-07-08T19:00:05+00:00,1.0,5,False,False,False,False,False,0.0,0.0,0.008,0.054,0.0,False
14,7115,2025-07-08T19:55:03+00:00,1.0,14,False,False,False,False,False,0.0,0.0,0.0,0.0,0.0,False
14,7116,2025-07-08T20:50:05+00:00,1.0,22,False,False,False,False,False,0.0,0.0,0.0,0.0,0.0,False
14,7117,2025-07-08T21:45:03+00:00,1.0,22,False,False,False,False,False,0.0,0.0,0.0,0.026,0.0,False
14,7118,2025-07-08T22:40:05+00:00,1.0,22,False,False,False,False,False,0.0,0.0,0.002,0.002,0.0,False
14,7119,2025-07-08T23:35:03+00:00,1.0,22,False,False,False,False,False,0.0,0.0,0.0,0.025,0.0,False
14,7120,2025-07-09T00:30:05+00:00,1.0,22,False,False,False,False,False,0.0,0.0,0.0,0.0,0.0,False
14,7121,2025-07-09T01:25:03+00:00,1.0,22,False,False,False,False,True,0.299,0.299,0.299,0.299,0.0,False
14,7122,2025-07-09T02:20:05+00:00,1.0,22,False,False,False,False,False,0.0,0.0,0.0,0.008,0.0,False
14,7123,2025-07-09T03:15:02+00:00,1.0,22,False,False,False,False,False,0.0,0.0,0.0,0.0,0.0,False
14,7124,2025-07-09T04:10:07+00:00,1.0,22,False,False,False,False,False,0.0,0.0,0.0,0.0,0.0,False
14,7125,2025-07-09T05:05:03+00:00,1.0,22,False,False,False,False,False,0.0,0.0,0.0,0.0,0.0,False
14,7126,2025-07-09T06:00:05+00:00,1.0,22,False,False,False,False,False,0.0,0.0,0.0,0.0,0.0,False
14,7127,2025-07-09T06:55:02+00:00,1.0,22,False,False,False,False,False,0.0,0.0,0.0,0.0,0.0,False
14,7128,2025-07-09T07:50:05+00:00,1.0,22,False,False,False,False,False,0.0,0.0,0.0,0.0,0.0,False
14,7129,2025-07-09T08:45:02+00:00,1.0,19,False,False,False,False,False,0.0,0.046,0.054,0.054,0.0,False
14,7130,2025-07-09T09:40:05+00:00,1.0,19,False,False,False,False,False,0.0,0.0,0.0,0.0,0.0,False
14,7131,2025-07-09T10:35:03+00:00,1.0,12,False,False,False,False,False,0.0,0.0,0.0,0.0,0.0,False
14,7132,2025-07-09T11:30:05+00:00,1.0,1,False,False,False,False,False,0.0,0.0,0.0,0.0,0.0,False
14,7133,2025-07-09T15:10:05+00:00,20.0,0,False,False,False,False,False,0.0,0.0,0.0,0.0,0.0,False
14,7134,2025-07-11T18:30:05+00:00,20.0,0,False,False,False,False,False,0.0,0.0,0.0,0.0,0.0,False
14,7135,2025-07-11T21:15:03+00:00,20.0,0,False,False,False,False,False,0.0,0.0,0.0,0.0,0.0,False
14,7136,2025-07-11T22:10:07+00:00,20.0,0,False,False,False,False,False,0.0,0.0,0.0,0.0,0.0,False
14,7137,2025-07-12T00:55:03+00:00,20.0,0,False,False,False,False,False,0.0,0.0,0.0,0.0,0.0,False
14,7138,2025-07-12T11:55:02+00:00,20.0,0,False,False,False,False,False,0.0,0.0,0.0,0.0,0.0,False
14,7139,2025-07-12T18:20:05+00:00,20.0,0,False,False,False,False,False,0.0,0.0,0.0,0.0,0.0,False
14,7140,2025-07-13T05:20:05+00:00,20.0,0,False,False,False,False,False,0.0,0.0,0.0,0.0,0.0,False
14,7141,2025-07-13T14:30:04+00:00,20.0,0,False,False,False,False,False,0.0,0.0,0.0,0.0,0.0,False
14,7142,2025-07-13T18:10:07+00:00,1.0,1,False,False,False,False,False,0.0,0.0,0.0,0.0,0.0,False
14,7143,2025-07-13T19:05:03+00:00,1.0,12,False,False,False,False,False,0.0,0.0,0.0,0.0,0.0,False
14,7144,2025-07-13T20:00:05+00:00,1.0,14,False,False,False,False,False,0.0,0.0,0.0,0.497,0.0,False
14,7145,2025-07-13T20:55:02+00:00,1.0,3,False,False,False,False,False,0.0,0.001,0.076,0.086,0.0,False
14,7146,2025-07-15T09:35:03+00:00,1.0,2,False,False,False,False,False,0.0,0.0,0.0,0.0,0.0,False
14,7147,2025-07-15T10:30:05+00:00,1.0,13,False,False,False,False,False,0.0,0.0,0.0,0.0,0.10027777777777779,True
14,7148,2025-07-15T11:25:03+00:00,1.0,20,False,True,True,True,True,0.0,0.071,0.4,0.515,0.1165,True
14,7149,2025-07-15T12:20:05+00:00,1.0,15,True,True,True,True,False,0.0,0.003,0.33,0.499,0.0,False
14,7150,2025-07-15T13:15:02+00:00,1.0,6,False,False,False,False,True,0.0,0.908,0.946,0.954,0.0,False
14,7151,2025-07-15T20:35:03+00:00,20.0,0,False,False,False,False,False,0.0,0.0,0.0,0.0,0.0,False
14,7152,2025-07-16T13:35:02+00:00,20.0,0,False,False,False,False,False,0.0,0.0,0.242,0.647,0.0,False
14,7153,2025-07-16T14:30:05+00:00,1.0,1,False,False,False,False,False,0.0,0.0,0.0,0.0,0.0,False
14,7154,2025-07-16T15:25:03+00:00,1.0,1,False,False,False,False,False,0.0,0.0,0.0,0.0,0.0,False
14,7155,2025-07-17T00:35:03+00:00,1.0,1,False,False,False,False,False,0.0,0.0,0.0,0.0,0.0,False
14,7156,2025-07-17T01:30:05+00:00,1.0,12,False,False,False,False,False,0.0,0.0,0.0,0.0,0.0,False
14,7157,2025-07-17T02:25:03+00:00,1.0,22,False,False,False,False,False,0.0,0.0,0.0,0.253,0.0,False
14,7158,2025-07-17T03:20:05+00:00,1.0,22,False,False,False,False,False,0.0,0.0,0.004,0.083,0.0,False
14,7159,2025-07-17T04:15:03+00:00,1.0,22,False,False,False,False,True,0.0,0.15,0.461,0.634,0.0,False
14,7160,2025-07-17T05:10:05+00:00,1.0,22,False,False,False,True,True,0.006,0.965,0.99,0.991,0.0,False
14,7161,2025-07-17T06:05:02+00:00,1.0,22,False,False,False,False,False,0.0,0.0,0.037,0.244,0.0,False
14,7162,2025-07-17T07:00:05+00:00,1.0,22,False,False,False,False,False,0.0,0.026,0.034,0.034,0.0,False
14,7163,2025-07-17T07:55:02+00:00,1.0,22,False,False,False,False,False,0.0,0.0,0.0,0.003,0.0,False
14,7164,2025-07-17T08:50:05+00:00,1.0,22,False,False,False,False,False,0.0,0.0,0.0,0.0,0.0,False
14,7165,2025-07-17T09:45:03+00:00,1.0,22,False,False,False,False,False,0.0,0.0,0.0,0.0,0.0,False
14,7166,2025-07-17T10:40:05+00:00,1.0,22,False,False,False,False,False,0.0,0.0,0.0,0.08,0.0,False
14,7167,2025-07-17T11:35:03+00:00,1.0,22,False,False,False,False,False,0.0,0.0,0.0,0.256,0.0,False
14,7168,2025-07-17T12:30:05+00:00,1.0,22,False,False,False,False,False,0.0,0.0,0.0,0.0,0.0,False
14,7169,2025-07-17T13:25:03+00:00,1.0,22,False,False,False,False,False,0.0,0.0,0.0,0.403,0.0,False
14,7170,2025-07-17T14:20:05+00:00,1.0,22,False,False,False,False,False,0.0,0.0,0.153,0.25,0.0,False
14,7171,2025-07-17T15:15:02+00:00,1.0,16,False,False,False,False,False,0.0,0.0,0.0,0.0,0.0,False
14,7172,2025-07-17T16:10:07+00:00,1.0,8,False,False,False,False,False,0.0,0.0,0.0,0.0,0.0,False
14,7173,2025-07-18T05:10:05+00:00,20.0,0,False,False,False,False,False,0.0,0.0,0.0,0.0,0.0,False
14,7174,2025-07-20T00:15:03+00:00,1.0,2,False,False,False,False,False,0.0,0.0,0.0,0.0,0.0,False
14,7175,2025-07-20T01:10:05+00:00,1.0,13,False,False,False,False,False,0.0,0.0,0.0,0.0,0.0,False
14,7176,2025-07-20T02:05:02+00:00,1.0,22,False,False,False,False,False,0.0,0.0,0.0,0.0,0.0,False
14,7177,2025-07-20T03:00:05+00:00,1.0,22,False,False,False,False,False,0.0,0.0,0.034,0.086,0.0,False
14,7178,2025-07-20T03:55:03+00:00,1.0,22,False,False,True,True,False,0.0,0.0,0.074,0.363,0.0,False
14,7179,2025-07-20T04:50:05+00:00,1.0,22,False,False,False,True,False,0.0,0.0,0.096,0.359,0.0,False
14,7180,2025-07-20T05:45:03+00:00,1.0,22,True,True,True,True,True,1.0,1.0,1.0,1.0,0.0,False
14,7181,2025-07-20T06:40:05+00:00,1.0,22,False,False,False,False,False,0.0,0.0,0.0,0.037,0.0,False
14,7182,2025-07-20T07:35:02+00:00,1.0,11,False,False,False,False,False,0.0,0.0,0.004,0.014,0.0,False
14,7183,2025-07-20T10:20:05+00:00,1.0,4,False,False,False,False,False,0.0,0.0,0.0,0.0,0.0,False
14,7184,2025-07-20T11:15:02+00:00,1.0,15,False,False,False,False,False,0.0,0.0,0.0,0.0,0.0,False
14,7185,2025-07-20T12:10:07+00:00,1.0,22,False,False,False,False,False,0.0,0.0,0.0,0.0,0.0,False
14,7186,2025-07-20T13:05:03+00:00,1.0,22,False,False,False,False,False,0.0,0.0,0.0,0.0,0.0,False
14,7187,2025-07-20T14:00:05+00:00,1.0,22,False,False,False,False,False,0.0,0.0,0.0,0.0,0.0,False
14,7188,2025-07-20T14:55:03+00:00,1.0,22,False,False,False,False,False,0.0,0.0,0.0,0.034,0.0,False
14,7189,2025-07-20T15:50:05+00:00,1.0,22,False,False,False,False,False,0.0,0.0,0.0,0.0,0.0,False
14,7190,2025-07-20T16:45:03+00:00,1.0,17,False,False,False,False,False,0.0,0.0,0.0,0.0,0.0,False
14,7191,2025-07-20T17:40:05+00:00,1.0,6,False,False,False,False,False,0.0,0.0,0.0,0.0,0.0,False
14,7192,2025-07-21T11:05:03+00:00,20.0,0,False,False,False,False,False,0.0,0.0,0.0,0.0,0.0,False
14,7193,2025-07-21T16:35:03+00:00,20.0,0,False,False,False,False,False,0.0,0.0,0.0,0.0,0.0,False
14,7194,2025-07-21T18:25:02+00:00,20.0,0,False,False,False,False,False,0.0,0.0,0.0,0.0,0.0,False
14,7195,2025-07-22T00:50:05+00:00,20.0,0,False,False,False,False,False,0.0,0.0,0.0,0.0,0.0,False
14,7196,2025-07-24T09:05:03+00:00,20.0,0,False,False,False,False,False,0.0,0.0,0.0,0.0,0.0,False
14,7197,2025-07-24T20:55:02+00:00,20.0,0,False,False,False,False,False,0.0,0.0,0.0,0.0,0.0,False
14,7198,2025-07-25T10:40:05+00:00,20.0,0,False,False,False,False,False,0.0,0.0,0.0,0.0,0.0,False
14,7199,2025-07-26T05:55:03+00:00,1.0,2,False,False,False,False,False,0.0,0.0,0.0,0.0,0.0,False
14,7200,2025-07-26T06:50:05+00:00,1.0,13,False,False,False,False,False,0.0,0.0,0.0,0.0,0.0,False
14,7201,2025-07-26T07:45:03+00:00,1.0,19,False,False,False,False,False,0.0,0.0,0.0,0.0,0.0,False
14,7202,2025-07-26T08:40:05+00:00,1.0,8,False,False,False,False,False,0.0,0.0,0.0,0.0,0.0,False
14,7203,2025-07-26T09:35:03+00:00,1.0,9,False,False,False,False,False,0.0,0.0,0.0,0.0,0.0,False
14,7204,2025-07-26T10:30:05+00:00,1.0,20,False,False,False,False,False,0.0,0.0,0.0,0.0,0.0,False
14,7205,2025-07-26T11:25:03+00:00,1.0,22,False,False,False,False,False,0.0,0.0,0.0,0.0,0.0,False
14,7206,2025-07-26T12:20:05+00:00,1.0,22,False,False,False,False,False,0.0,0.0,0.0,0.0,0.0,False
14,7207,2025-07-26T13:15:03+00:00,1.0,22,False,False,False,False,False,0.0,0.0,0.0,0.0,0.0,False
14,7208,2025-07-26T14:10:07+00:00,1.0,22,False,False,False,False,False,0.0,0.0,0.0,0.034,0.0,False
14,7209,2025-07-26T15:05:03+00:00,1.0,22,False,False,False,False,False,0.0,0.0,0.0,0.288,0.0,False
14,7210,2025-07-26T16:00:05+00:00,1.0,22,False,False,False,False,False,0.0,0.0,0.064,0.459,0.0,False
14,7211,2025-07-26T16:55:02+00:00,1.0,22,False,False,False,False,False,0.0,0.0,0.0,0.0,0.0,False
14,7212,2025-07-26T17:50:05+00:00,1.0,22,False,False,True,True,False,0.0,0.0,0.091,0.244,0.0,False
14,7213,2025-07-26T18:45:02+00:00,1.0,22,True,False,False,False,False,0.0,0.091,0.362,0.525,0.0,False
14,7214,2025-07-26T19:40:05+00:00,1.0,22,False,False,False,False,True,0.219,0.236,0.742,0.864,0.0,False
14,7215,2025-07-26T20:35:02+00:00,1.0,22,False,False,False,False,False,0.008,0.054,0.054,0.054,0.0,False
14,7216,2025-07-26T21:30:05+00:00,1.0,22,False,False,True,True,False,0.0,0.0,0.287,0.657,0.0,False
14,7217,2025-07-26T22:25:02+00:00,1.0,22,False,False,True,True,True,1.0,1.0,1.0,1.0,0.0,False
14,7218,2025-07-26T23:20:05+00:00,1.0,22,True,True,True,True,True,1.0,1.0,1.0,1.0,0.9037500000000002,True
14,7219,2025-07-27T00:15:02+00:00,1.0,22,False,True,True,True,True,1.0,1.0,1.0,1.0,2.5997777777777777,True
14,7220,2025-07-27T01:10:05+00:00,1.0,22,False,False,False,False,False,0.0,0.0,0.091,0.244,2.3168055555555553,True
14,7221,2025-07-27T02:05:02+00:00,1.0,22,False,True,True,True,False,0.0,0.0,0.0,0.0,2.4419444444444443,True
14,7222,2025-07-27T03:00:05+00:00,1.0,22,False,True,True,True,False,0.0,0.0,0.0,0.0,2.895972222222222,True
14,7223,2025-07-27T03:55:02+00:00,1.0,22,False,True,True,True,False,0.0,0.0,0.0,0.0,0.24005555555555558,True
14,7224,2025-07-27T04:50:05+00:00,1.0,22,False,False,False,False,False,0.0,0.0,0.02,0.054,0.0,False
14,7225,2025-07-27T05:45:02+00:00,1.0,13,False,False,False,False,False,0.0,0.0,0.0,0.0,0.0,False
14,7226,2025-07-27T06:40:05+00:00,1.0,2,False,False,False,False,False,0.0,0.0,0.0,0.0,0.0,False
14,7227,2025-07-28T03:45:03+00:00,20.0,0,False,False,False,False,False,0.0,0.0,0.0,0.0,0.0,False
14,7228,2025-07-28T04:40:05+00:00,1.0,2,False,False,False,False,False,0.0,0.0,0.0,0.0,0.0,False
14,7229,2025-07-28T05:35:02+00:00,1.0,13,False,False,False,False,False,0.0,0.0,0.0,0.0,0.0,False
14,7230,2025-07-28T06:30:05+00:00,1.0,22,False,False,False,False,False,0.0,0.0,0.0,0.0,0.0,False
14,7231,2025-07-28T07:25:02+00:00,1.0,22,False,False,False,False,False,0.0,0.0,0.0,0.0,0.0,False
14,7232,2025-07-28T08:20:05+00:00,1.0,22,False,False,False,False,False,0.0,0.0,0.0,0.0,0.0,False
14,7233,2025-07-28T09:15:03+00:00,1.0,22,False,False,False,True,False,0.0,0.0,0.0,0.0,0.0,False
14,7234,2025-07-28T10:10:07+00:00,1.0,22,False,True,True,True,False,0.0,0.0,0.0,0.091,0.0,False
14,7235,2025-07-28T11:05:03+00:00,1.0,22,False,True,True,True,False,0.0,0.0,0.0,0.0,0.0,False
14,7236,2025-07-28T12:00:05+00:00,1.0,22,False,False,False,False,False,0.0,0.0,0.0,0.0,0.0,False
14,7237,2025-07-28T12:55:02+00:00,1.0,22,False,False,False,False,False,0.0,0.0,0.034,0.054,0.0,False
14,7238,2025-07-28T13:50:05+00:00,1.0,22,False,False,False,False,False,0.0,0.0,0.0,0.091,0.0,False
14,7239,2025-07-28T14:45:03+00:00,1.0,22,False,False,False,False,False,0.0,0.0,0.0,0.004,0.0,False
14,7240,2025-07-28T15:40:05+00:00,1.0,22,False,False,False,False,False,0.0,0.0,0.0,0.112,0.0,False
14,7241,2025-07-28T16:35:02+00:00,1.0,22,False,False,False,True,True,0.0,0.908,0.946,0.968,0.0,False
14,7242,2025-07-28T17:30:05+00:00,1.0,22,True,True,True,True,True,0.84,0.84,0.841,0.883,0.05013888888888889,False
14,7243,2025-07-28T18:25:03+00:00,1.0,22,True,True,True,True,True,1.0,1.0,1.0,1.0,0.434,True
14,7244,2025-07-28T19:20:05+00:00,1.0,22,True,True,True,True,True,1.0,1.0,1.0,1.0,3.9794444444444443,True
14,7245,2025-07-28T20:15:02+00:00,1.0,22,True,True,True,True,True,1.0,1.0,1.0,1.0,9.448555555555554,True
14,7246,2025-07-28T21:10:05+00:00,1.0,22,False,False,False,True,True,0.0,0.023,0.459,0.694,6.239583333333334,True
14,7247,2025-07-28T22:05:03+00:00,1.0,22,False,True,True,True,True,0.263,0.263,0.273,0.281,0.0,False
14,7248,2025-07-28T23:00:05+00:00,1.0,22,True,True,True,True,True,1.0,1.0,1.0,1.0,0.005694444444444424,False
14,7249,2025-07-28T23:55:02+00:00,1.0,22,False,False,False,False,True,0.261,0.261,0.261,0.303,3.7606111111111105,True
14,7250,2025-07-29T00:50:05+00:00,1.0,22,False,True,True,True,True,0.0,0.174,0.306,0.467,0.6776388888888888,True
14,7251,2025-07-29T01:45:03+00:00,1.0,22,True,True,True,True,True,0.046,0.528,0.594,0.658,9.01,True
14,7252,2025-07-29T02:40:05+00:00,1.0,22,True,True,True,True,False,0.0,0.0,0.054,0.054,9.72861111111111,True
14,7253,2025-07-29T03:35:03+00:00,1.0,22,False,False,True,True,False,0.0,0.0,0.244,0.244,3.5761666666666665,True
14,7254,2025-07-29T04:30:05+00:00,1.0,22,False,True,True,True,True,0.3,1.0,1.0,1.0,0.0,False
14,7255,2025-07-29T05:25:03+00:00,1.0,22,True,True,True,True,True,1.0,1.0,1.0,1.0,0.0,False
14,7256,2025-07-29T06:20:05+00:00,1.0,22,True,True,True,True,True,1.0,1.0,1.0,1.0,0.0,False
14,7257,2025-07-29T07:15:03+00:00,1.0,22,False,False,False,False,False,0.0,0.0,0.0,0.034,0.0,False
14,7258,2025-07-29T08:10:07+00:00,1.0,22,False,False,False,False,False,0.0,0.0,0.0,0.098,0.0,False
14,7259,2025-07-29T09:05:03+00:00,1.0,22,False,False,False,False,False,0.0,0.0,0.244,0.244,0.0,False
14,7260,2025-07-29T10:00:05+00:00,1.0,22,False,True,True,True,False,0.0,0.0,0.02,0.053,0.0,False
14,7261,2025-07-29T10:55:02+00:00,1.0,22,False,True,True,True,False,0.0,0.0,0.004,0.005,0.0,False
14,7262,2025-07-29T11:50:05+00:00,1.0,22,False,True,True,True,False,0.0,0.0,0.173,0.333,0.0,False
14,7263,2025-07-29T12:45:03+00:00,1.0,22,False,True,True,True,True,0.134,0.716,0.764,0.764,0.3754166666666667,True
14,7264,2025-07-29T13:40:05+00:00,1.0,22,False,False,False,False,False,0.0,0.0,0.0,0.0,11.923750000000004,True
14,7265,2025-07-29T14:35:03+00:00,1.0,22,False,False,False,False,True,0.0,0.0,0.735,0.946,7.377083333333334,True
14,7266,2025-07-29T15:30:04+00:00,1.0,22,False,False,False,False,False,0.0,0.0,0.0,0.0,0.04988888888888889,False
14,7267,2025-07-29T16:25:02+00:00,1.0,22,False,True,True,True,True,0.392,0.635,0.635,0.635,0.0,False
14,7268,2025-07-29T17:20:05+00:00,1.0,22,False,False,False,False,False,0.0,0.0,0.008,0.1,0.0,False
14,7269,2025-07-29T18:15:02+00:00,1.0,21,False,False,False,False,False,0.0,0.0,0.0,0.0,0.0,False
14,7270,2025-07-29T19:10:05+00:00,1.0,10,False,False,False,False,False,0.0,0.0,0.0,0.0,0.0,False
14,7271,2025-07-29T21:00:05+00:00,1.0,1,False,False,False,False,False,0.0,0.0,0.0,0.0,0.0,False
14,7272,2025-07-29T21:55:03+00:00,1.0,8,False,False,False,False,False,0.0,0.0,0.0,0.0,0.0,False
14,7273,2025-07-29T22:50:05+00:00,1.0,18,False,False,False,False,False,0.0,0.0,0.0,0.0,0.0,False
14,7274,2025-07-29T23:45:02+00:00,1.0,15,False,False,False,False,False,0.0,0.0,0.0,0.0,0.0,False
14,7275,2025-07-30T00:40:05+00:00,1.0,4,False,False,False,False,False,0.0,0.0,0.0,0.0,0.0,False
14,7276,2025-07-31T04:10:07+00:00,20.0,0,False,False,False,False,False,0.0,0.0,0.0,0.0,0.0,False
14,7277,2025-08-01T09:30:05+00:00,20.0,0,False,False,False,False,False,0.0,0.0,0.0,0.0,0.0,False
14,7278,2025-08-01T12:15:03+00:00,20.0,0,False,False,False,False,False,0.0,0.0,0.0,0.0,0.0,False
14,7279,2025-08-02T14:50:05+00:00,1.0,6,False,False,False,False,False,0.0,0.0,0.0,0.0,0.0,False
14,7280,2025-08-02T15:45:02+00:00,1.0,6,False,False,False,False,False,0.0,0.0,0.0,0.0,0.0,False
14,7281,2025-08-02T20:20:05+00:00,20.0,0,False,False,False,False,False,0.0,0.0,0.0,0.0,0.0,False
14,7282,2025-08-02T21:15:03+00:00,20.0,0,False,False,False,False,False,0.0,0.0,0.0,0.0,0.0,False
14,7283,2025-08-03T03:40:05+00:00,20.0,0,False,False,False,False,False,0.0,0.0,0.0,0.0,0.0,False
14,7284,2025-08-03T16:30:05+00:00,1.0,1,False,False,False,False,False,0.0,0.0,0.0,0.0,0.0,False
14,7285,2025-08-03T17:25:03+00:00,1.0,12,False,False,False,False,False,0.0,0.0,0.0,0.0,0.0,False
14,7286,2025-08-03T18:20:05+00:00,1.0,22,False,False,False,False,False,0.0,0.0,0.0,0.0,0.0,False
14,7287,2025-08-03T19:15:03+00:00,1.0,22,False,False,False,False,False,0.0,0.0,0.0,0.077,0.0,False
14,7288,2025-08-03T20:10:08+00:00,1.0,22,False,False,False,False,False,0.0,0.0,0.0,0.054,0.0,False
14,7289,2025-08-03T21:05:03+00:00,1.0,22,False,False,False,True,False,0.0,0.054,0.266,0.348,0.03366666666666664,False
14,7290,2025-08-03T22:00:05+00:00,1.0,22,True,True,True,True,False,0.0,0.034,0.158,0.203,0.3995833333333334,True
14,7291,2025-08-03T22:55:03+00:00,1.0,22,False,False,False,True,False,0.0,0.0,0.0,0.275,0.12475,True
14,7292,2025-08-03T23:50:05+00:00,1.0,22,True,True,True,True,True,1.0,1.0,1.0,1.0,0.4338888888888889,True
14,7293,2025-08-04T00:45:02+00:00,1.0,22,True,True,True,True,True,1.0,1.0,1.0,1.0,8.681055555555556,True
14,7294,2025-08-04T01:40:05+00:00,1.0,22,False,True,True,True,True,0.0,0.0,0.456,0.498,5.454305555555556,True
14,7295,2025-08-04T02:35:03+00:00,1.0,22,True,True,True,True,False,0.0,0.172,0.477,0.477,1.3900833333333333,True
14,7296,2025-08-04T03:30:05+00:00,1.0,22,True,True,True,True,True,0.0,0.766,0.845,0.845,2.1543055555555557,True
14,7297,2025-08-04T04:25:02+00:00,1.0,22,True,True,True,True,True,0.0,0.045,0.373,0.498,2.406611111111111,True
14,7298,2025-08-04T05:20:05+00:00,1.0,22,False,False,False,True,True,0.0,0.405,0.65,0.671,0.43263888888888885,True
14,7299,2025-08-04T06:15:03+00:00,1.0,22,True,False,True,True,False,0.0,0.0,0.0,0.207,0.07491666666666667,False
14,7300,2025-08-04T07:10:05+00:00,1.0,22,True,True,True,True,True,1.0,1.0,1.0,1.0,0.0,False
14,7301,2025-08-04T08:05:03+00:00,1.0,22,False,False,False,False,False,0.0,0.0,0.024,0.033,0.0,False
14,7302,2025-08-04T09:00:05+00:00,1.0,22,False,False,False,False,False,0.0,0.132,0.55,0.55,0.0,False
14,7303,2025-08-04T09:55:03+00:00,1.0,22,False,True,True,True,False,0.0,0.0,0.046,0.054,0.0,False
14,7304,2025-08-04T10:50:05+00:00,1.0,22,False,True,True,True,True,0.979,0.979,0.985,0.986,0.0,False
14,7305,2025-08-04T11:45:02+00:00,1.0,22,False,False,False,False,False,0.0,0.0,0.0,0.0,0.0,False
14,7306,2025-08-04T12:40:05+00:00,1.0,22,False,False,False,False,False,0.0,0.0,0.0,0.008,0.0,False
14,7307,2025-08-04T13:35:02+00:00,1.0,22,False,False,False,False,False,0.0,0.0,0.0,0.0,0.0,False
14,7308,2025-08-04T14:30:05+00:00,1.0,22,False,False,False,False,False,0.0,0.0,0.0,0.0,0.0,False
14,7309,2025-08-04T15:25:02+00:00,1.0,22,False,False,False,False,False,0.0,0.0,0.048,0.048,0.0,False
14,7310,2025-08-04T16:20:05+00:00,1.0,22,False,False,False,False,False,0.0,0.0,0.0,0.0,0.0,False
14,7311,2025-08-04T17:15:02+00:00,1.0,12,False,False,False,False,False,0.0,0.0,0.0,0.0,0.0,False
14,7312,2025-08-04T18:10:07+00:00,1.0,1,False,False,False,False,False,0.0,0.0,0.0,0.0,0.0,False
14,7313,2025-08-05T05:10:05+00:00,20.0,0,False,False,False,False,False,0.0,0.0,0.0,0.0,0.0,False
14,7314,2025-08-05T15:15:03+00:00,1.0,6,False,False,False,False,False,0.0,0.0,0.0,0.0,0.0,False
14,7315,2025-08-05T16:10:07+00:00,1.0,17,False,False,False,False,False,0.0,0.0,0.0,0.0,0.0,False
14,7316,2025-08-05T17:05:03+00:00,1.0,16,False,False,False,False,False,0.0,0.0,0.0,0.0,0.0,False
14,7317,2025-08-05T18:00:05+00:00,1.0,5,False,False,False,False,False,0.0,0.0,0.0,0.0,0.0,False
14,7318,2025-08-08T11:05:03+00:00,20.0,0,False,False,False,False,False,0.0,0.0,0.0,0.0,0.0,False
14,7319,2025-08-08T15:40:05+00:00,20.0,0,False,False,False,False,False,0.0,0.0,0.0,0.0,0.0,False
14,7320,2025-08-09T18:15:03+00:00,20.0,0,False,False,False,False,False,0.0,0.0,0.0,0.0,0.0,False
14,7321,2025-08-11T03:15:03+00:00,20.0,0,False,False,False,False,False,0.0,0.0,0.0,0.0,0.0,False
14,7322,2025-08-11T08:45:03+00:00,20.0,0,False,False,False,False,False,0.0,0.0,0.0,0.0,0.0,False
14,7323,2025-08-11T15:10:05+00:00,20.0,0,False,False,False,False,False,0.0,0.0,0.0,0.0,0.0,False
14,7324,2025-08-12T04:00:05+00:00,20.0,0,False,False,False,False,False,0.0,0.0,0.0,0.0,0.0,False
14,7325,2025-08-13T18:15:02+00:00,1.0,1,False,False,False,False,False,0.0,0.0,0.0,0.0,0.0,False
14,7326,2025-08-13T19:10:05+00:00,1.0,2,False,False,False,False,False,0.0,0.0,0.0,0.0,0.0,False
14,7327,2025-08-13T20:05:03+00:00,1.0,1,False,False,False,False,False,0.0,0.0,0.0,0.0,0.0,False
14,7328,2025-08-13T22:50:05+00:00,20.0,0,False,False,False,False,False,0.0,0.0,0.0,0.0,0.0,False
14,7329,2025-08-14T03:25:03+00:00,1.0,5,False,False,False,False,False,0.0,0.0,0.0,0.0,0.0,False
14,7330,2025-08-14T04:20:05+00:00,1.0,16,False,False,False,False,False,0.0,0.0,0.0,0.0,0.0,False
14,7331,2025-08-14T05:15:03+00:00,1.0,22,False,False,False,False,False,0.0,0.0,0.0,0.0,0.0,False
14,7332,2025-08-14T07:50:05+00:00,1.0,22,False,False,False,False,False,0.0,0.0,0.0,0.0,0.0,False
14,7333,2025-08-14T08:45:03+00:00,1.0,22,False,False,False,False,False,0.0,0.0,0.002,0.003,0.0,False
14,7334,2025-08-14T09:40:04+00:00,1.0,17,False,False,False,False,False,0.0,0.0,0.008,0.054,0.0,False
14,7335,2025-08-14T10:35:03+00:00,1.0,14,False,False,False,False,False,0.0,0.0,0.0,0.0,0.0,False
14,7336,2025-08-14T11:30:05+00:00,1.0,19,False,False,False,False,False,0.0,0.0,0.0,0.0,0.0,False
14,7337,2025-08-14T12:25:03+00:00,1.0,22,False,False,False,False,False,0.0,0.0,0.0,0.0,0.0,False
14,7338,2025-08-14T13:20:05+00:00,1.0,22,False,False,False,False,False,0.0,0.0,0.054,0.054,0.0,False
14,7339,2025-08-14T14:15:03+00:00,1.0,22,False,False,False,False,False,0.0,0.0,0.0,0.252,0.0,False
14,7340,2025-08-14T15:10:05+00:00,1.0,22,False,False,False,False,False,0.0,0.0,0.0,0.0,0.0,False
14,7341,2025-08-14T16:05:02+00:00,1.0,22,False,False,False,False,False,0.0,0.0,0.0,0.0,0.0,False
14,7342,2025-08-14T17:00:05+00:00,1.0,22,False,False,False,False,False,0.0,0.0,0.0,0.244,0.0,False
14,7343,2025-08-14T17:55:03+00:00,1.0,22,False,False,False,False,False,0.0,0.0,0.209,0.272,0.0,False
14,7344,2025-08-14T18:50:05+00:00,1.0,22,False,False,False,False,False,0.0,0.0,0.054,0.054,0.0,False
14,7345,2025-08-14T19:45:03+00:00,1.0,17,False,False,False,False,False,0.0,0.0,0.0,0.0,0.0,False
14,7346,2025-08-14T20:40:05+00:00,1.0,7,False,False,False,False,False,0.0,0.0,0.0,0.0,0.0,False
14,7347,2025-08-14T21:35:02+00:00,1.0,12,False,False,False,False,False,0.0,0.0,0.0,0.0,0.0,False
14,7348,2025-08-14T22:30:05+00:00,1.0,22,False,False,False,False,False,0.0,0.0,0.0,0.0,0.0,False
14,7349,2025-08-14T23:25:03+00:00,1.0,22,False,False,False,False,False,0.0,0.0,0.0,0.341,0.0,False
14,7350,2025-08-15T00:20:05+00:00,1.0,22,False,False,False,False,False,0.117,0.117,0.117,0.147,0.0,False
14,7351,2025-08-15T01:15:03+00:00,1.0,22,False,False,False,False,False,0.0,0.0,0.053,0.141,0.0,False
14,7352,2025-08-15T02:10:07+00:00,1.0,22,False,False,False,True,False,0.0,0.0,0.0,0.008,0.0,False
14,7353,2025-08-15T03:05:02+00:00,1.0,22,False,False,False,False,False,0.0,0.015,0.029,0.03,0.0,False
14,7354,2025-08-15T04:00:05+00:00,1.0,22,False,False,False,False,False,0.0,0.0,0.296,0.324,0.0,False
14,7355,2025-08-15T04:55:03+00:00,1.0,22,False,False,False,False,False,0.0,0.0,0.0,0.0,0.0,False
14,7356,2025-08-15T05:50:05+00:00,1.0,17,False,False,False,False,False,0.0,0.0,0.0,0.0,0.0,False
14,7357,2025-08-15T06:45:02+00:00,1.0,17,False,False,False,False,False,0.0,0.0,0.0,0.0,0.0,False
14,7358,2025-08-15T07:40:05+00:00,1.0,22,False,False,False,False,False,0.0,0.0,0.0,0.207,0.0,False
14,7359,2025-08-15T08:35:03+00:00,1.0,22,False,False,False,False,True,0.041,0.361,0.398,0.552,0.0,False
14,7360,2025-08-15T09:30:05+00:00,1.0,22,False,True,True,True,True,0.0,1.0,1.0,1.0,0.0,False
14,7361,2025-08-15T10:25:03+00:00,1.0,22,False,False,False,False,False,0.0,0.0,0.0,0.173,0.0,False
14,7362,2025-08-15T11:20:05+00:00,1.0,22,False,False,False,False,False,0.0,0.005,0.073,0.753,0.0,False
14,7363,2025-08-15T12:15:03+00:00,1.0,22,False,False,False,False,False,0.0,0.0,0.0,0.236,0.0,False
14,7364,2025-08-15T13:10:05+00:00,1.0,22,False,False,False,False,False,0.0,0.008,0.008,0.008,0.0,False
14,7365,2025-08-15T14:05:03+00:00,1.0,22,False,False,False,False,False,0.0,0.0,0.0,0.0,0.0,False
14,7366,2025-08-15T15:00:05+00:00,1.0,22,False,False,False,False,False,0.0,0.0,0.0,0.0,0.0,False
14,7367,2025-08-15T15:55:03+00:00,1.0,20,False,False,False,False,False,0.0,0.0,0.0,0.0,0.0,False
14,7368,2025-08-15T16:50:05+00:00,1.0,10,False,False,False,False,False,0.0,0.0,0.0,0.0,0.0,False
14,7369,2025-08-15T17:45:03+00:00,1.0,8,False,False,False,False,False,0.0,0.0,0.0,0.0,0.0,False
14,7370,2025-08-15T18:40:05+00:00,1.0,18,False,False,False,False,False,0.0,0.0,0.0,0.0,0.0,False
14,7371,2025-08-15T19:35:02+00:00,1.0,22,False,False,False,False,False,0.0,0.0,0.0,0.0,0.0,False
14,7372,2025-08-15T20:30:05+00:00,1.0,22,False,False,False,False,False,0.0,0.0,0.25,0.474,0.0,False
14,7373,2025-08-15T21:25:03+00:00,1.0,20,False,False,False,False,False,0.0,0.0,0.0,0.0,0.0,False
14,7374,2025-08-15T22:20:05+00:00,1.0,20,False,False,False,False,False,0.0,0.0,0.0,0.0,0.0,False
14,7375,2025-08-15T23:15:03+00:00,1.0,22,False,False,False,False,False,0.0,0.0,0.0,0.0,0.0,False
14,7376,2025-08-16T00:10:07+00:00,1.0,22,False,False,False,False,False,0.0,0.0,0.0,0.0,0.0,False
14,7377,2025-08-16T01:05:03+00:00,1.0,22,False,False,False,False,False,0.0,0.0,0.0,0.0,0.0,False
14,7378,2025-08-16T02:00:05+00:00,1.0,22,False,False,False,False,False,0.0,0.0,0.0,0.0,0.0,False
14,7379,2025-08-16T02:55:03+00:00,1.0,22,False,False,True,True,False,0.0,0.0,0.001,0.002,0.0,False
14,7380,2025-08-16T03:50:05+00:00,1.0,22,False,False,False,False,False,0.0,0.0,0.0,0.146,0.0,False
14,7381,2025-08-16T04:45:02+00:00,1.0,22,False,False,False,False,False,0.0,0.0,0.0,0.0,0.0,False
14,7382,2025-08-16T05:40:05+00:00,1.0,22,False,False,False,False,False,0.0,0.0,0.0,0.0,0.0,False
14,7383,2025-08-16T06:35:02+00:00,1.0,16,False,False,False,False,False,0.0,0.0,0.0,0.0,0.0,False
14,7384,2025-08-16T07:30:05+00:00,1.0,16,False,False,False,False,False,0.0,0.0,0.0,0.02,0.0,False
14,7385,2025-08-16T08:25:02+00:00,1.0,22,False,False,False,False,False,0.0,0.0,0.0,0.0,0.0,False
14,7386,2025-08-16T09:20:05+00:00,1.0,22,False,False,False,False,False,0.0,0.0,0.0,0.0,0.0,False
14,7387,2025-08-16T10:15:02+00:00,1.0,22,False,False,False,False,False,0.0,0.0,0.0,0.0,0.0,False
14,7388,2025-08-16T11:10:05+00:00,1.0,22,False,False,False,False,False,0.0,0.0,0.0,0.0,0.0,False
14,7389,2025-08-16T12:05:02+00:00,1.0,22,False,False,False,False,False,0.0,0.0,0.0,0.0,0.0,False
14,7390,2025-08-16T13:00:06+00:00,1.0,22,False,False,False,False,False,0.0,0.0,0.0,0.0,0.0,False
14,7391,2025-08-16T13:55:03+00:00,1.0,22,False,False,False,False,False,0.0,0.0,0.046,0.054,0.0,False
14,7392,2025-08-16T14:50:05+00:00,1.0,22,False,False,False,False,False,0.0,0.0,0.0,0.0,0.0,False
14,7393,2025-08-16T15:45:03+00:00,1.0,22,False,False,False,False,False,0.0,0.0,0.046,0.095,0.0,False
14,7394,2025-08-16T16:40:05+00:00,1.0,22,False,False,False,False,False,0.0,0.0,0.0,0.0,0.0,False
14,7395,2025-08-16T17:35:02+00:00,1.0,22,False,False,False,True,False,0.0,0.0,0.0,0.0,0.0,False
14,7396,2025-08-16T18:30:05+00:00,1.0,22,False,False,False,False,False,0.0,0.0,0.042,0.086,0.0,False
14,7397,2025-08-16T19:25:02+00:00,1.0,22,False,False,False,False,False,0.0,0.0,0.034,0.038,0.0,False
14,7398,2025-08-16T20:20:05+00:00,1.0,22,False,False,False,False,False,0.0,0.0,0.425,0.581,0.0,False
14,7399,2025-08-16T21:15:03+00:00,1.0,22,False,False,False,False,False,0.0,0.0,0.0,0.046,0.0,False
14,7400,2025-08-16T22:10:08+00:00,1.0,22,False,False,False,False,True,0.0,0.046,0.696,0.955,0.0,False
14,7401,2025-08-16T23:05:02+00:00,1.0,22,False,False,False,False,False,0.0,0.0,0.0,0.006,0.0,False
14,7402,2025-08-17T00:00:05+00:00,1.0,22,False,False,True,True,True,0.111,1.0,1.0,1.0,0.0,False
14,7403,2025-08-17T00:55:02+00:00,1.0,22,True,True,True,True,True,1.0,1.0,1.0,1.0,0.0,False
14,7404,2025-08-17T01:50:05+00:00,1.0,22,False,False,False,False,True,1.0,1.0,1.0,1.0,0.0,False
14,7405,2025-08-17T02:45:03+00:00,1.0,22,False,False,False,False,True,0.114,0.816,0.817,0.821,0.0,False
14,7406,2025-08-17T03:40:05+00:00,1.0,22,False,False,False,False,False,0.0,0.149,0.172,0.19,0.0,False
14,7407,2025-08-17T04:35:03+00:00,1.0,22,False,False,False,False,False,0.0,0.0,0.0,0.341,0.0,False
14,7408,2025-08-17T05:30:05+00:00,1.0,22,False,False,False,False,False,0.0,0.0,0.0,0.0,0.0,False
14,7409,2025-08-17T06:25:03+00:00,1.0,22,False,True,True,True,False,0.352,0.399,0.745,0.745,0.0,False
14,7410,2025-08-17T07:20:05+00:00,1.0,22,False,False,False,False,False,0.0,0.0,0.0,0.0,0.0,False
14,7411,2025-08-17T08:15:03+00:00,1.0,22,False,False,False,False,False,0.0,0.0,0.0,0.0,0.0,False
14,7412,2025-08-17T09:10:05+00:00,1.0,22,False,False,False,False,False,0.0,0.0,0.0,0.0,0.0,False
14,7413,2025-08-17T10:05:03+00:00,1.0,22,False,False,False,False,False,0.0,0.0,0.0,0.0,0.0,False
14,7414,2025-08-17T11:00:05+00:00,1.0,22,False,False,False,False,False,0.0,0.0,0.0,0.114,0.0,False
14,7415,2025-08-17T11:55:03+00:00,1.0,22,False,False,False,False,False,0.0,0.0,0.0,0.227,0.0,False
14,7416,2025-08-17T12:50:05+00:00,1.0,22,False,False,False,False,True,0.0,0.521,0.672,0.672,0.0,False
14,7417,2025-08-17T13:45:03+00:00,1.0,22,False,False,False,False,True,1.0,1.0,1.0,1.0,0.0,False
14,7418,2025-08-17T14:40:05+00:00,1.0,22,False,False,False,True,True,1.0,1.0,1.0,1.0,0.0,False
14,7419,2025-08-17T15:35:03+00:00,1.0,22,False,False,False,False,False,0.0,0.227,0.227,0.227,0.0,False
14,7420,2025-08-17T16:30:05+00:00,1.0,20,False,False,False,False,False,0.0,0.0,0.061,0.959,0.0,False
14,7421,2025-08-17T17:25:02+00:00,1.0,15,False,False,False,False,False,0.0,0.0,0.0,0.0,0.0,False
14,7422,2025-08-17T18:20:05+00:00,1.0,17,False,False,False,False,False,0.0,0.0,0.0,0.0,0.0,False
14,7423,2025-08-17T19:15:02+00:00,1.0,19,False,False,False,False,False,0.0,0.0,0.0,0.0,0.0,False
14,7424,2025-08-17T20:10:08+00:00,1.0,8,False,False,False,False,False,0.0,0.0,0.0,0.0,0.0,False
14,7425,2025-08-18T00:45:03+00:00,1.0,7,False,False,False,False,False,0.0,0.0,0.0,0.0,0.0,False
14,7426,2025-08-18T01:40:06+00:00,1.0,15,False,False,False,False,False,0.0,0.0,0.0,0.0,0.0,False
14,7427,2025-08-18T02:35:03+00:00,1.0,18,False,False,False,False,False,0.0,0.0,0.0,0.0,0.0,False
14,7428,2025-08-18T03:30:04+00:00,1.0,21,False,False,False,False,False,0.0,0.0,0.0,0.0,0.0,False
14,7429,2025-08-18T04:25:02+00:00,1.0,22,False,False,False,False,False,0.0,0.0,0.0,0.0,0.0,False
14,7430,2025-08-18T05:20:05+00:00,1.0,22,False,False,False,False,False,0.0,0.0,0.0,0.013,0.0,False
14,7431,2025-08-18T06:15:03+00:00,1.0,22,False,False,False,False,False,0.0,0.0,0.0,0.0,0.0,False
14,7432,2025-08-18T07:10:05+00:00,1.0,22,False,False,False,False,False,0.0,0.0,0.0,0.0,0.0,False
14,7433,2025-08-18T08:05:03+00:00,1.0,22,False,False,False,False,False,0.0,0.0,0.0,0.0,0.0,False
14,7434,2025-08-18T09:00:05+00:00,1.0,22,False,False,False,False,False,0.0,0.0,0.0,0.012,0.020416666666666593,False
14,7435,2025-08-18T09:55:02+00:00,1.0,22,False,False,False,False,False,0.0,0.0,0.0,0.0,13.483166666666666,True
14,7436,2025-08-18T10:50:05+00:00,1.0,22,False,False,False,True,False,0.0,0.0,0.0,0.61,2.429583333333333,True
14,7437,2025-08-18T11:45:02+00:00,1.0,22,False,False,True,True,False,0.0,0.0,0.229,0.274,0.0,False
14,7438,2025-08-18T12:40:05+00:00,1.0,22,False,True,True,True,False,0.0,0.0,0.033,0.704,0.0,False
14,7439,2025-08-18T13:35:02+00:00,1.0,22,False,False,False,False,False,0.0,0.0,0.0,0.0,0.0,False
14,7440,2025-08-18T14:30:05+00:00,1.0,21,False,False,False,False,False,0.0,0.0,0.0,0.0,0.0,False
14,7441,2025-08-18T15:25:03+00:00,1.0,10,False,False,False,False,False,0.0,0.0,0.0,0.0,0.0,False
14,7442,2025-08-19T13:25:02+00:00,1.0,1,False,False,False,False,False,0.0,0.0,0.0,0.0,0.0,False
14,7443,2025-08-19T14:20:06+00:00,1.0,12,False,False,False,False,False,0.0,0.0,0.0,0.0,0.0,False
14,7444,2025-08-19T15:15:03+00:00,1.0,22,False,False,False,False,False,0.0,0.0,0.0,0.034,0.0,False
14,7445,2025-08-19T16:10:07+00:00,1.0,22,False,False,False,False,False,0.0,0.0,0.0,0.0,0.0,False
14,7446,2025-08-19T17:05:03+00:00,1.0,22,False,False,False,False,False,0.0,0.0,0.0,0.0,0.0,False
14,7447,2025-08-19T18:00:05+00:00,1.0,17,False,False,False,False,False,0.0,0.0,0.0,0.0,0.0,False
14,7448,2025-08-19T18:55:03+00:00,1.0,6,False,False,False,False,False,0.0,0.0,0.0,0.0,0.0,False
14,7449,2025-08-20T01:20:05+00:00,20.0,0,False,False,False,False,False,0.0,0.0,0.0,0.0,0.0,False
14,7450,2025-08-20T19:40:05+00:00,20.0,0,False,False,False,False,False,0.0,0.0,0.0,0.0,0.0,False
14,7451,2025-08-21T03:00:05+00:00,20.0,0,False,False,False,False,False,0.0,0.0,0.0,0.0,0.0,False
14,7452,2025-08-21T13:05:02+00:00,1.0,6,False,False,False,False,False,0.0,0.0,0.0,0.0,0.0,False
14,7453,2025-08-21T14:00:05+00:00,1.0,12,False,False,False,False,False,0.0,0.0,0.0,0.0,0.0,False
14,7454,2025-08-21T14:55:03+00:00,1.0,10,False,False,False,False,False,0.0,0.0,0.0,0.0,0.0,False
14,7455,2025-08-21T15:50:05+00:00,1.0,15,False,False,False,False,False,0.0,0.0,0.0,0.0,0.0,False
14,7456,2025-08-21T16:45:03+00:00,1.0,22,False,False,False,False,False,0.0,0.0,0.0,0.0,0.0,False
14,7457,2025-08-21T17:40:05+00:00,1.0,22,False,False,False,False,False,0.0,0.0,0.0,0.0,0.0,False
14,7458,2025-08-21T18:35:03+00:00,1.0,22,False,False,False,False,False,0.0,0.0,0.028,0.028,0.0,False
14,7459,2025-08-21T19:30:05+00:00,1.0,22,False,False,True,True,True,0.0,0.735,0.946,0.946,0.0,False
14,7460,2025-08-21T20:25:02+00:00,1.0,22,True,True,True,True,True,0.0,0.191,0.442,0.686,0.0,False
14,7461,2025-08-21T21:20:05+00:00,1.0,22,False,True,True,True,False,0.0,0.0,0.0,0.02,0.0,False
14,7462,2025-08-21T22:15:03+00:00,1.0,22,False,False,False,False,True,0.0,0.0,0.29,0.299,0.0,False
14,7463,2025-08-21T23:10:05+00:00,1.0,22,False,False,False,False,False,0.0,0.0,0.008,0.438,0.0,False
14,7464,2025-08-22T00:05:03+00:00,1.0,22,False,False,False,False,False,0.0,0.0,0.0,0.0,0.0,False
14,7465,2025-08-22T01:00:05+00:00,1.0,22,False,False,False,False,False,0.0,0.0,0.0,0.0,0.0,False
14,7466,2025-08-22T01:55:03+00:00,1.0,22,False,False,False,False,False,0.0,0.0,0.0,0.0,0.0,False
14,7467,2025-08-22T02:50:05+00:00,1.0,22,False,False,False,False,False,0.0,0.0,0.0,0.0,0.0,False
14,7468,2025-08-22T03:45:02+00:00,1.0,22,False,False,False,False,False,0.0,0.0,0.0,0.037,0.0,False
14,7469,2025-08-22T04:40:05+00:00,1.0,22,False,False,False,False,False,0.0,0.0,0.0,0.0,0.0,False
14,7470,2025-08-22T05:35:02+00:00,1.0,22,False,False,False,False,False,0.0,0.0,0.0,0.419,0.0,False
14,7471,2025-08-22T06:30:05+00:00,1.0,22,False,False,False,True,False,0.0,0.02,0.666,0.666,0.0,False
14,7472,2025-08-22T07:25:02+00:00,1.0,22,False,True,True,True,True,1.0,1.0,1.0,1.0,0.29205555555555557,True
14,7473,2025-08-22T08:20:05+00:00,1.0,22,False,False,False,False,False,0.0,0.0,0.0,0.0,10.038750000000002,True
14,7474,2025-08-22T09:15:03+00:00,1.0,22,False,False,False,False,False,0.0,0.0,0.0,0.0,21.476333333333333,True
14,7475,2025-08-22T10:10:07+00:00,1.0,22,False,False,False,False,False,0.0,0.0,0.0,0.0,0.16627777777777777,True
14,7476,2025-08-22T11:05:02+00:00,1.0,22,False,False,False,False,False,0.0,0.0,0.0,0.0,0.0,False
14,7477,2025-08-22T12:00:05+00:00,1.0,22,False,False,False,False,False,0.0,0.244,0.244,0.244,0.0,False
14,7478,2025-08-22T12:55:03+00:00,1.0,22,False,False,False,False,False,0.0,0.0,0.0,0.007,0.0,False
14,7479,2025-08-22T13:50:05+00:00,1.0,22,False,False,False,False,False,0.0,0.0,0.0,0.054,0.0,False
14,7480,2025-08-22T14:45:03+00:00,1.0,22,False,False,False,False,False,0.0,0.0,0.0,0.0,0.0,False
14,7481,2025-08-22T15:40:05+00:00,1.0,19,False,False,False,False,False,0.0,0.0,0.0,0.02,0.0,False
14,7482,2025-08-22T16:35:02+00:00,1.0,8,False,False,False,False,False,0.0,0.0,0.0,0.0,0.0,False
14,7483,2025-08-22T20:15:02+00:00,20.0,0,False,False,False,False,False,0.0,0.0,0.0,0.0,0.0,False
14,7484,2025-08-23T18:15:03+00:00,20.0,0,False,False,False,False,False,0.0,0.0,0.0,0.0,0.0,False
14,7485,2025-08-24T08:55:02+00:00,1.0,1,False,False,False,False,False,0.0,0.0,0.0,0.046,0.0,False
14,7486,2025-08-24T09:50:05+00:00,1.0,12,False,True,True,True,False,0.0,0.0,0.0,0.0,0.0,False
14,7487,2025-08-24T10:45:03+00:00,1.0,22,True,True,True,True,False,0.0,0.0,0.0,0.004,0.0,False
14,7488,2025-08-24T11:40:05+00:00,1.0,22,False,False,False,False,True,0.739,0.739,0.741,0.753,0.0,False
14,7489,2025-08-24T12:35:03+00:00,1.0,15,False,False,False,False,False,0.0,0.0,0.008,0.008,0.0,False
14,7490,2025-08-24T13:30:05+00:00,1.0,11,False,False,False,False,False,0.0,0.0,0.0,0.0,0.0,False
14,7491,2025-08-24T14:25:03+00:00,1.0,7,False,False,False,False,False,0.0,0.0,0.0,0.0,0.0,False
14,7492,2025-08-24T22:40:05+00:00,1.0,10,False,False,False,False,False,0.0,0.0,0.0,0.0,0.0,False
14,7493,2025-08-24T23:35:03+00:00,1.0,14,False,False,False,False,False,0.0,0.0,0.0,0.0,0.0,False
14,7494,2025-08-25T00:30:05+00:00,1.0,15,False,False,False,False,False,0.0,0.0,0.0,0.0,0.0,False
14,7495,2025-08-25T01:25:03+00:00,1.0,16,False,False,False,False,False,0.0,0.0,0.0,0.0,0.0,False
14,7496,2025-08-25T02:20:05+00:00,1.0,5,False,False,False,False,False,0.0,0.0,0.0,0.034,0.0,False
14,7497,2025-08-25T03:15:03+00:00,1.0,1,False,False,False,False,False,0.0,0.0,0.0,0.0,0.0,False
14,7498,2025-08-25T04:10:07+00:00,1.0,1,False,False,False,False,False,0.0,0.0,0.0,0.028,0.0,False
14,7499,2025-08-26T11:20:05+00:00,20.0,0,False,False,False,False,False,0.0,0.0,0.0,0.0,0.0,False
15,7500,2025-08-26T14:05:02+00:00,20.0,0,False,False,False,False,False,0.0,0.0,0.0,0.0,0.0,False
15,7501,2025-08-28T06:25:03+00:00,20.0,0,False,False,False,False,False,0.0,0.0,0.0,0.0,0.0,False
15,7502,2025-08-28T22:55:03+00:00,20.0,0,False,False,False,False,False,0.0,0.0,0.0,0.0,0.0,False
15,7503,2025-08-29T08:05:02+00:00,20.0,0,False,False,False,False,False,0.0,0.0,0.0,0.0,0.0,False
15,7504,2025-08-29T14:30:05+00:00,1.0,4,False,False,False,False,False,0.0,0.0,0.0,0.0,0.0,False
15,7505,2025-08-29T15:25:03+00:00,1.0,15,False,False,False,False,False,0.0,0.0,0.0,0.0,0.0,False
15,7506,2025-08-30T06:25:02+00:00,1.0,22,False,False,True,True,True,0.0,0.505,0.701,0.72,0.0,False
15,7507,2025-08-30T07:20:05+00:00,1.0,22,False,False,False,True,False,0.017,0.087,0.79,0.833,0.0,False
15,7508,2025-08-30T08:15:02+00:00,1.0,22,False,True,True,True,True,1.0,1.0,1.0,1.0,0.0,False
15,7509,2025-08-30T09:10:05+00:00,1.0,22,True,True,True,True,True,1.0,1.0,1.0,1.0,0.0,False
15,7510,2025-08-30T10:05:03+00:00,1.0,22,True,True,True,True,True,1.0,1.0,1.0,1.0,0.10099999999999994,True
15,7511,2025-08-30T11:00:05+00:00,1.0,22,True,True,True,True,True,1.0,1.0,1.0,1.0,1.1983333333333333,True
15,7512,2025-08-30T11:55:03+00:00,1.0,22,True,True,True,True,True,1.0,1.0,1.0,1.0,0.099,False
15,7513,2025-08-30T12:50:05+00:00,1.0,22,True,False,True,True,True,1.0,1.0,1.0,1.0,1.0016666666666667,True
15,7514,2025-08-30T13:45:03+00:00,1.0,22,False,False,False,False,False,0.0,0.0,0.028,0.073,0.5993333333333333,True
15,7515,2025-08-30T14:40:05+00:00,1.0,22,False,False,False,False,False,0.0,0.0,0.0,0.091,0.13277777777777777,True
15,7516,2025-08-30T15:35:03+00:00,1.0,22,False,False,False,False,False,0.0,0.0,0.0,0.054,0.0,False
15,7517,2025-08-30T16:30:05+00:00,1.0,22,False,False,False,False,False,0.0,0.006,0.07,0.219,0.0,False
15,7518,2025-08-30T17:25:03+00:00,1.0,22,False,False,False,False,False,0.0,0.0,0.0,0.143,0.0,False
15,7519,2025-08-30T18:20:05+00:00,1.0,22,False,False,False,False,True,0.0,0.196,0.621,0.699,3.815833333333334,True
15,7520,2025-08-30T19:15:02+00:00,1.0,22,False,False,False,False,False,0.0,0.0,0.024,0.024,8.543666666666667,True
15,7521,2025-08-30T20:10:07+00:00,1.0,22,False,False,True,True,False,0.054,0.151,0.302,0.302,0.0,False
15,7522,2025-08-30T21:05:02+00:00,1.0,22,True,True,True,True,True,0.255,0.723,0.826,0.872,0.0,False
15,7523,2025-08-30T22:00:05+00:00,1.0,22,True,True,True,True,True,1.0,1.0,1.0,1.0,0.0,False
15,7524,2025-08-30T22:55:03+00:00,1.0,22,False,False,False,False,False,0.0,0.046,0.093,0.452,0.0,False
15,7525,2025-08-30T23:50:05+00:00,1.0,22,False,False,True,True,True,0.0,0.513,0.701,0.701,0.0,False
15,7526,2025-08-31T00:45:03+00:00,1.0,21,True,True,True,True,True,0.0,0.596,0.992,0.992,0.0,False
15,7527,2025-08-31T01:40:05+00:00,1.0,12,False,False,False,False,False,0.0,0.0,0.0,0.005,0.0,False
15,7528,2025-08-31T02:35:03+00:00,1.0,13,False,False,False,False,False,0.0,0.0,0.0,0.0,0.0,False
15,7529,2025-08-31T03:30:05+00:00,1.0,22,False,False,False,False,False,0.0,0.0,0.0,0.001,0.0,False
15,7530,2025-08-31T04:25:02+00:00,1.0,15,False,False,False,False,False,0.0,0.0,0.0,0.0,0.0,False
15,7531,2025-08-31T05:20:05+00:00,1.0,4,False,False,False,False,False,0.0,0.0,0.0,0.0,0.0,False
15,7532,2025-09-01T09:45:02+00:00,20.0,0,False,False,False,False,False,0.0,0.0,0.0,0.0,0.0,False
15,7533,2025-09-01T10:40:05+00:00,20.0,0,False,False,False,False,False,0.0,0.0,0.0,0.0,0.0,False
15,7534,2025-09-02T08:40:05+00:00,20.0,0,False,False,False,False,False,0.0,0.0,0.0,0.0,0.0,False
15,7535,2025-09-02T12:20:05+00:00,1.0,5,False,False,False,False,False,0.0,0.0,0.0,0.0,0.0,False
15,7536,2025-09-02T13:15:03+00:00,1.0,16,False,False,False,False,False,0.0,0.0,0.0,0.0,0.0,False
15,7537,2025-09-02T14:10:07+00:00,1.0,13,False,False,False,False,False,0.0,0.0,0.061,0.539,0.0,False
15,7538,2025-09-02T15:05:03+00:00,1.0,2,False,False,False,False,False,0.0,0.0,0.0,0.0,0.0,False
15,7539,2025-09-02T22:25:03+00:00,1.0,8,False,False,False,False,False,0.0,0.0,0.024,0.032,0.0,False
15,7540,2025-09-02T23:20:05+00:00,1.0,13,False,False,False,False,False,0.0,0.0,0.0,0.0,0.0,False
15,7541,2025-09-03T00:15:02+00:00,1.0,5,False,False,False,False,False,0.0,0.0,0.0,0.034,0.0,False
15,7542,2025-09-03T05:45:02+00:00,1.0,9,False,False,False,False,False,0.0,0.0,0.0,0.0,0.0,False
15,7543,2025-09-03T06:40:05+00:00,1.0,16,False,False,False,False,False,0.0,0.0,0.0,0.001,0.0,False
15,7544,2025-09-03T07:35:03+00:00,1.0,11,False,False,False,False,False,0.0,0.0,0.0,0.0,0.0,False
15,7545,2025-09-03T08:30:05+00:00,1.0,15,False,False,False,False,False,0.0,0.0,0.0,0.0,0.0,False
15,7546,2025-09-03T09:25:02+00:00,1.0,22,False,False,False,False,False,0.0,0.0,0.0,0.0,0.0,False
15,7547,2025-09-03T10:20:05+00:00,1.0,22,False,False,False,False,False,0.0,0.0,0.0,0.555,0.0,False
15,7548,2025-09-03T11:15:03+00:00,1.0,22,False,False,False,False,False,0.0,0.0,0.0,0.0,0.0,False
15,7549,2025-09-03T12:10:07+00:00,1.0,22,False,False,False,False,False,0.0,0.0,0.0,0.0,0.0,False
15,7550,2025-09-03T13:05:03+00:00,1.0,22,False,False,False,False,True,0.0,0.343,0.65,0.659,0.0,False
15,7551,2025-09-03T14:00:05+00:00,1.0,22,False,False,False,False,False,0.0,0.0,0.0,0.0,0.0,False
15,7552,2025-09-03T14:55:02+00:00,1.0,22,False,False,False,False,False,0.0,0.013,0.061,0.061,0.0,False
15,7553,2025-09-03T15:50:05+00:00,1.0,22,False,False,False,False,False,0.0,0.0,0.0,0.0,0.0,False
15,7554,2025-09-03T16:45:03+00:00,1.0,22,False,False,False,False,False,0.0,0.0,0.0,0.0,0.0,False
15,7555,2025-09-03T17:40:05+00:00,1.0,22,False,False,False,False,False,0.0,0.0,0.0,0.0,0.0,False
15,7556,2025-09-03T18:35:02+00:00,1.0,22,False,False,False,False,False,0.0,0.0,0.0,0.0,0.0,False
15,7557,2025-09-03T19:30:05+00:00,1.0,22,False,False,False,False,False,0.0,0.0,0.0,0.0,0.0,False
15,7558,2025-09-03T20:25:02+00:00,1.0,12,False,False,False,False,False,0.0,0.0,0.0,0.0,0.0,False
15,7559,2025-09-03T21:20:05+00:00,1.0,1,False,False,False,False,False,0.0,0.0,0.0,0.0,0.0,False
15,7560,2025-09-04T01:00:05+00:00,1.0,8,False,False,False,False,False,0.0,0.0,0.0,0.0,0.0,False
15,7561,2025-09-04T01:55:02+00:00,1.0,19,False,False,False,False,False,0.0,0.0,0.0,0.0,0.0,False
15,7562,2025-09-04T02:50:05+00:00,1.0,22,False,False,False,False,False,0.0,0.0,0.0,0.0,0.0,False
15,7563,2025-09-04T03:45:03+00:00,1.0,12,False,False,False,False,False,0.0,0.0,0.0,0.0,0.0,False
15,7564,2025-09-04T04:40:05+00:00,1.0,1,False,False,False,False,False,0.0,0.0,0.0,0.0,0.0,False
15,7565,2025-09-04T12:00:05+00:00,20.0,0,False,False,False,False,False,0.0,0.0,0.0,0.0,0.0,False
15,7566,2025-09-04T16:35:03+00:00,20.0,0,False,False,False,False,False,0.0,0.0,0.0,0.0,0.0,False
15,7567,2025-09-04T22:05:02+00:00,20.0,0,False,False,False,False,False,0.0,0.0,0.0,0.0,0.0,False
15,7568,2025-09-05T11:25:03+00:00,20.0,0,False,False,False,False,False,0.0,0.0,0.0,0.0,0.0,False
15,7569,2025-09-06T12:10:07+00:00,1.0,10,False,False,False,False,False,0.0,0.0,0.0,0.0,0.0,False
15,7570,2025-09-06T13:05:02+00:00,1.0,21,False,False,False,False,False,0.0,0.0,0.0,0.0,0.0,False
15,7571,2025-09-06T14:00:05+00:00,1.0,22,False,False,False,False,False,0.0,0.0,0.0,0.0,0.0,False
15,7572,2025-09-06T14:55:02+00:00,1.0,22,False,False,False,False,False,0.0,0.0,0.0,0.0,0.0,False
15,7573,2025-09-06T15:50:05+00:00,1.0,22,False,False,False,False,False,0.0,0.0,0.0,0.0,0.0,False
15,7574,2025-09-06T16:45:02+00:00,1.0,15,False,False,False,False,False,0.0,0.0,0.0,0.0,0.0,False
15,7575,2025-09-06T17:40:05+00:00,1.0,4,False,False,False,False,False,0.0,0.0,0.0,0.0,0.0,False
15,7576,2025-09-08T00:50:05+00:00,20.0,0,False,False,False,False,False,0.0,0.0,0.0,0.0,0.0,False
15,7577,2025-09-08T01:45:03+00:00,20.0,0,False,False,False,False,False,0.0,0.0,0.0,0.0,0.0,False
15,7578,2025-09-08T08:10:08+00:00,20.0,0,False,False,False,False,False,0.0,0.0,0.0,0.0,0.0,False
15,7579,2025-09-08T14:35:03+00:00,1.0,4,False,False,False,False,False,0.0,0.0,0.0,0.0,0.0,False
15,7580,2025-09-08T15:30:05+00:00,1.0,15,False,False,False,False,False,0.0,0.0,0.0,0.0,0.0,False
15,7581,2025-09-08T16:25:03+00:00,1.0,22,False,False,False,False,False,0.0,0.0,0.0,0.0,0.0,False
15,7582,2025-09-08T17:20:05+00:00,1.0,22,False,False,False,False,False,0.0,0.0,0.0,0.0,0.0,False
15,7583,2025-09-08T18:15:02+00:00,1.0,22,False,False,False,False,False,0.0,0.0,0.0,0.0,0.0,False
15,7584,2025-09-08T19:10:05+00:00,1.0,22,False,False,False,False,False,0.0,0.0,0.0,0.0,0.0,False
15,7585,2025-09-08T20:05:02+00:00,1.0,11,False,False,False,False,False,0.0,0.0,0.0,0.0,0.0,False
15,7586,2025-09-08T22:50:05+00:00,1.0,1,False,False,False,False,False,0.0,0.0,0.0,0.0,0.0,False
15,7587,2025-09-08T23:45:03+00:00,1.0,12,False,False,False,False,False,0.0,0.0,0.0,0.0,0.0,False
15,7588,2025-09-09T00:40:05+00:00,1.0,22,False,False,False,False,False,0.0,0.0,0.0,0.0,0.0,False
15,7589,2025-09-09T01:35:02+00:00,1.0,14,False,False,False,False,False,0.0,0.0,0.0,0.0,0.0,False
15,7590,2025-09-09T02:30:05+00:00,1.0,3,False,False,False,False,False,0.0,0.0,0.0,0.0,0.0,False
15,7591,2025-09-09T13:30:05+00:00,1.0,5,False,False,False,False,False,0.0,0.0,0.0,0.0,0.0,False
15,7592,2025-09-09T14:25:02+00:00,1.0,5,False,False,False,False,False,0.0,0.0,0.154,0.39,0.0,False
15,7593,2025-09-09T18:05:02+00:00,1.0,4,False,False,False,False,False,0.0,0.0,0.0,0.0,0.0,False
15,7594,2025-09-09T19:00:05+00:00,1.0,15,False,False,False,False,False,0.0,0.0,0.0,0.0,0.0,False
15,7595,2025-09-09T19:55:03+00:00,1.0,22,False,False,False,False,False,0.0,0.0,0.0,0.095,0.0,False
15,7596,2025-09-09T20:50:05+00:00,1.0,17,False,False,False,False,False,0.0,0.0,0.0,0.0,0.0,False
15,7597,2025-09-09T21:45:02+00:00,1.0,6,False,False,False,False,False,0.0,0.0,0.0,0.001,0.0,False
15,7598,2025-09-09T22:40:05+00:00,1.0,10,False,False,False,False,False,0.0,0.0,0.0,0.0,0.0,False
15,7599,2025-09-09T23:35:03+00:00,1.0,21,False,False,False,False,False,0.0,0.0,0.0,0.0,0.0,False
15,7600,2025-09-10T00:30:05+00:00,1.0,22,False,False,False,False,False,0.0,0.0,0.0,0.0,0.0,False
15,7601,2025-09-10T01:25:02+00:00,1.0,22,False,False,False,False,False,0.0,0.0,0.0,0.0,0.0,False
15,7602,2025-09-10T02:20:05+00:00,1.0,22,False,False,False,False,False,0.0,0.0,0.0,0.008,0.0,False
15,7603,2025-09-10T03:15:03+00:00,1.0,14,False,False,False,False,False,0.0,0.0,0.0,0.0,0.0,False
15,7604,2025-09-10T04:10:07+00:00,1.0,3,False,False,False,False,False,0.0,0.0,0.0,0.0,0.0,False
15,7605,2025-09-10T06:55:03+00:00,1.0,1,False,False,False,False,False,0.0,0.0,0.0,0.0,0.0,False
15,7606,2025-09-10T07:50:05+00:00,1.0,12,False,False,False,False,False,0.0,0.0,0.0,0.0,0.0,False
15,7607,2025-09-10T08:45:03+00:00,1.0,22,False,False,False,False,False,0.0,0.0,0.0,0.0,0.0,False
15,7608,2025-09-10T09:40:05+00:00,1.0,22,False,False,False,False,False,0.0,0.0,0.0,0.0,0.0,False
15,7609,2025-09-10T10:35:03+00:00,1.0,22,False,False,False,False,False,0.0,0.0,0.0,0.0,0.0,False
15,7610,2025-09-10T11:30:05+00:00,1.0,22,False,False,False,False,False,0.0,0.0,0.037,0.223,0.0,False
15,7611,2025-09-10T12:25:02+00:00,1.0,22,False,False,False,True,False,0.0,0.0,0.448,0.841,0.0,False
15,7612,2025-09-10T13:20:06+00:00,1.0,22,True,True,True,True,True,1.0,1.0,1.0,1.0,0.033499999999999995,False
15,7613,2025-09-10T14:15:02+00:00,1.0,22,True,False,False,False,True,1.0,1.0,1.0,1.0,0.07494444444444445,False
15,7614,2025-09-10T15:10:05+00:00,1.0,22,False,False,False,False,False,0.0,0.0,0.299,0.313,0.016805555555555553,False
15,7615,2025-09-10T16:05:03+00:00,1.0,22,False,False,False,False,False,0.0,0.0,0.0,0.253,0.27674999999999994,True
15,7616,2025-09-11T05:10:04+00:00,1.0,22,False,False,False,False,False,0.0,0.008,0.278,0.517,2.067111111111111,True
15,7617,2025-09-11T06:05:03+00:00,1.0,22,False,False,False,False,False,0.0,0.0,0.0,0.109,7.534166666666662,True
15,7618,2025-09-11T07:00:05+00:00,1.0,22,False,False,False,False,False,0.0,0.0,0.0,0.0,63.42916666666667,True
15,7619,2025-09-11T07:55:02+00:00,1.0,22,False,False,False,True,False,0.0,0.0,0.0,0.0,82.66166666666668,True
15,7620,2025-09-11T08:50:05+00:00,1.0,22,False,False,False,False,False,0.046,0.054,0.098,0.105,79.97597222222223,True
15,7621,2025-09-11T09:45:03+00:00,1.0,22,False,False,True,True,False,0.0,0.0,0.054,0.158,24.514416666666666,True
15,7622,2025-09-11T10:40:05+00:00,1.0,22,False,False,False,False,False,0.0,0.0,0.02,0.192,2.324861111111111,True
15,7623,2025-09-11T11:35:02+00:00,1.0,22,False,False,False,False,False,0.0,0.0,0.0,0.0,0.12483333333333332,True
15,7624,2025-09-11T12:30:05+00:00,1.0,22,False,True,True,True,False,0.0,0.0,0.0,0.0,0.0,False
15,7625,2025-09-11T13:25:02+00:00,1.0,22,False,False,False,False,False,0.0,0.0,0.0,0.0,0.0,False
15,7626,2025-09-11T14:20:05+00:00,1.0,22,False,False,False,False,False,0.0,0.003,0.006,0.006,0.0,False
15,7627,2025-09-11T15:15:03+00:00,1.0,22,False,False,False,False,False,0.0,0.0,0.0,0.0,0.0,False
15,7628,2025-09-11T16:10:07+00:00,1.0,15,False,False,False,False,False,0.0,0.0,0.0,0.001,0.0,False
15,7629,2025-09-11T17:05:02+00:00,1.0,4,False,False,False,False,False,0.0,0.0,0.0,0.0,0.0,False
15,7630,2025-09-11T21:40:05+00:00,20.0,0,False,False,False,False,False,0.0,0.0,0.0,0.0,0.0,False
15,7631,2025-09-13T02:15:03+00:00,20.0,0,False,False,False,False,False,0.0,0.0,0.0,0.0,0.0,False
15,7632,2025-09-13T13:15:02+00:00,20.0,0,False,False,False,False,False,0.0,0.0,0.0,0.0,0.0,False
15,7633,2025-09-13T15:05:03+00:00,20.0,0,False,False,False,False,False,0.0,0.0,0.0,0.0,0.0,False
15,7634,2025-09-13T16:55:03+00:00,20.0,0,False,False,False,False,False,0.0,0.0,0.0,0.0,0.0,False
15,7635,2025-09-14T04:50:05+00:00,1.0,3,False,False,False,False,False,0.0,0.0,0.0,0.0,0.0,False
15,7636,2025-09-14T05:45:02+00:00,1.0,14,False,False,False,False,False,0.0,0.0,0.0,0.0,0.0,False
15,7637,2025-09-14T06:40:05+00:00,1.0,11,False,False,False,False,False,0.0,0.0,0.0,0.0,0.0,False
15,7638,2025-09-14T08:30:05+00:00,20.0,0,False,False,False,False,False,0.0,0.0,0.0,0.0,0.0,False
15,7639,2025-09-14T14:00:05+00:00,20.0,0,False,False,False,False,False,0.0,0.0,0.0,0.0,0.0,False
15,7640,2025-09-14T15:50:05+00:00,1.0,1,False,False,False,False,False,0.0,0.0,0.0,0.0,0.0,False
15,7641,2025-09-14T16:45:03+00:00,1.0,1,False,False,False,False,False,0.0,0.0,0.0,0.0,0.0,False
15,7642,2025-09-14T19:30:05+00:00,1.0,7,False,False,False,False,False,0.0,0.0,0.0,0.0,0.0,False
15,7643,2025-09-14T20:25:03+00:00,1.0,17,False,False,False,False,False,0.0,0.0,0.0,0.0,0.0,False
15,7644,2025-09-14T21:20:05+00:00,1.0,10,False,False,False,False,False,0.0,0.0,0.0,0.0,0.0,False
15,7645,2025-09-15T17:30:05+00:00,20.0,0,False,False,False,False,False,0.0,0.0,0.0,0.0,0.0,False
15,7646,2025-09-15T19:20:05+00:00,20.0,0,False,False,False,False,False,0.0,0.0,0.0,0.0,0.0,False
15,7647,2025-09-16T21:00:05+00:00,20.0,0,False,False,False,False,False,0.0,0.0,0.0,0.0,0.0,False
15,7648,2025-09-16T23:45:02+00:00,20.0,0,False,False,False,False,False,0.0,0.0,0.0,0.0,0.0,False
15,7649,2025-09-17T00:40:05+00:00,1.0,6,False,False,False,False,False,0.0,0.0,0.0,0.0,0.0,False
15,7650,2025-09-17T01:35:03+00:00,1.0,12,False,False,False,False,False,0.0,0.0,0.0,0.0,0.0,False
15,7651,2025-09-17T02:30:05+00:00,1.0,6,False,False,False,False,False,0.0,0.0,0.0,0.0,0.0,False
15,7652,2025-09-19T03:40:05+00:00,20.0,0,False,False,False,False,False,0.0,0.0,0.0,0.0,0.0,False
15,7653,2025-09-19T05:30:05+00:00,20.0,0,False,False,False,False,False,0.0,0.0,0.0,0.0,0.0,False
15,7654,2025-09-19T06:25:03+00:00,20.0,0,False,False,False,False,False,0.0,0.0,0.0,0.0,0.0,False
15,7655,2025-09-22T15:05:03+00:00,20.0,0,False,False,False,False,False,0.0,0.0,0.0,0.0,0.0,False
15,7656,2025-09-23T11:05:03+00:00,20.0,0,False,False,False,False,False,0.0,0.0,0.0,0.0,0.0,False
15,7657,2025-09-23T16:35:03+00:00,20.0,0,False,False,False,False,False,0.0,0.0,0.0,0.0,0.0,False
15,7658,2025-09-24T07:15:03+00:00,1.0,2,False,False,False,False,False,0.0,0.0,0.0,0.0,0.0,False
15,7659,2025-09-24T08:10:07+00:00,1.0,13,False,False,False,False,False,0.0,0.0,0.0,0.0,0.0,False
15,7660,2025-09-24T09:05:02+00:00,1.0,15,False,False,False,False,False,0.0,0.0,0.0,0.0,0.0,False
15,7661,2025-09-24T10:00:05+00:00,1.0,15,False,False,False,False,False,0.0,0.0,0.0,0.0,0.0,False
15,7662,2025-09-24T10:55:03+00:00,1.0,22,False,False,False,False,False,0.0,0.0,0.0,0.026,0.0,False
15,7663,2025-09-24T11:50:05+00:00,1.0,22,False,False,False,False,False,0.0,0.0,0.0,0.0,0.0,False
15,7664,2025-09-24T12:45:03+00:00,1.0,22,False,False,False,False,False,0.0,0.0,0.0,0.0,0.0,False
15,7665,2025-09-24T18:20:05+00:00,1.0,22,True,True,True,True,True,1.0,1.0,1.0,1.0,0.0,False
15,7666,2025-09-24T19:15:03+00:00,1.0,22,True,True,True,True,True,1.0,1.0,1.0,1.0,1.4548333333333334,True
15,7667,2025-09-24T20:10:07+00:00,1.0,22,True,True,True,True,True,1.0,1.0,1.0,1.0,6.761083333333334,True
15,7668,2025-09-24T21:05:03+00:00,1.0,22,True,True,True,True,True,1.0,1.0,1.0,1.0,10.557333333333334,True
15,7669,2025-09-24T22:00:05+00:00,1.0,22,True,True,True,True,True,1.0,1.0,1.0,1.0,0.30319444444444443,True
15,7670,2025-09-24T22:55:02+00:00,1.0,22,True,True,True,True,False,0.0,0.0,0.006,0.062,2.4096111111111114,True
15,7671,2025-09-24T23:50:05+00:00,1.0,22,False,False,False,False,False,0.0,0.0,0.0,0.0,0.4297222222222222,True
15,7672,2025-09-25T00:45:02+00:00,1.0,22,False,False,False,False,False,0.0,0.0,0.0,0.0,0.0,False
15,7673,2025-09-25T01:40:05+00:00,1.0,22,False,False,False,False,False,0.0,0.0,0.0,0.0,0.0,False
15,7674,2025-09-25T02:35:02+00:00,1.0,22,False,False,False,False,False,0.0,0.0,0.0,0.0,0.0,False
15,7675,2025-09-25T03:30:05+00:00,1.0,22,False,False,False,False,False,0.0,0.0,0.02,0.02,0.0,False
15,7676,2025-09-25T04:25:02+00:00,1.0,22,False,False,False,False,False,0.0,0.0,0.0,0.0,0.0,False
15,7677,2025-09-25T05:20:05+00:00,1.0,22,False,False,False,False,False,0.0,0.0,0.0,0.244,0.0,False
15,7678,2025-09-25T06:15:03+00:00,1.0,22,False,False,False,False,False,0.0,0.0,0.0,0.0,0.0,False
15,7679,2025-09-25T07:10:05+00:00,1.0,22,False,False,False,False,False,0.0,0.0,0.0,0.0,0.0,False
15,7680,2025-09-25T08:05:03+00:00,1.0,22,False,False,False,False,False,0.0,0.0,0.0,0.054,0.0,False
15,7681,2025-09-25T09:00:05+00:00,1.0,18,False,False,False,False,False,0.0,0.0,0.0,0.0,0.0,False
15,7682,2025-09-25T09:55:02+00:00,1.0,8,False,False,False,False,False,0.0,0.0,0.0,0.0,0.0,False
15,7683,2025-09-25T10:50:05+00:00,1.0,6,False,False,False,False,False,0.0,0.0,0.0,0.0,0.0,False
15,7684,2025-09-25T11:45:03+00:00,1.0,5,False,False,False,False,False,0.0,0.0,0.0,0.0,0.0,False
15,7685,2025-09-25T12:40:05+00:00,1.0,10,False,False,False,False,False,0.0,0.0,0.0,0.0,0.0,False
15,7686,2025-09-25T13:35:02+00:00,1.0,21,False,False,False,False,False,0.0,0.0,0.061,0.555,0.0,False
15,7687,2025-09-25T14:30:05+00:00,1.0,22,False,False,False,False,False,0.0,0.0,0.0,0.0,0.0,False
15,7688,2025-09-25T15:25:03+00:00,1.0,22,False,False,False,False,False,0.0,0.0,0.0,0.0,0.0,False
15,7689,2025-09-25T16:20:05+00:00,1.0,11,False,False,False,False,False,0.0,0.0,0.0,0.0,0.0,False
15,7690,2025-09-26T03:20:05+00:00,20.0,0,False,False,False,False,False,0.0,0.0,0.0,0.0,0.0,False
15,7691,2025-09-26T05:10:05+00:00,20.0,0,False,False,False,False,False,0.0,0.0,0.0,0.0,0.0,False
15,7692,2025-09-26T11:35:03+00:00,1.0,2,False,False,False,False,False,0.0,0.0,0.0,0.0,0.0,False
15,7693,2025-09-26T12:30:05+00:00,1.0,13,False,False,False,False,False,0.0,0.0,0.0,0.0,0.0,False
15,7694,2025-09-26T13:25:02+00:00,1.0,11,False,False,False,False,False,0.0,0.0,0.0,0.0,0.0,False
15,7695,2025-09-26T14:20:05+00:00,1.0,3,False,False,False,False,False,0.0,0.0,0.0,0.0,0.0,False
15,7696,2025-09-26T15:15:03+00:00,1.0,14,False,False,False,False,False,0.0,0.0,0.0,0.0,0.0,False
15,7697,2025-09-26T16:10:07+00:00,1.0,22,False,False,False,False,False,0.0,0.0,0.0,0.0,0.0,False
15,7698,2025-09-26T17:05:03+00:00,1.0,22,False,False,False,False,False,0.0,0.0,0.004,0.006,0.0,False
15,7699,2025-09-26T18:00:05+00:00,1.0,22,False,False,False,False,False,0.0,0.0,0.0,0.0,0.0,False
15,7700,2025-09-26T18:55:03+00:00,1.0,22,False,False,False,False,False,0.0,0.0,0.0,0.0,0.0,False
15,7701,2025-09-26T19:50:05+00:00,1.0,22,False,False,False,False,False,0.0,0.0,0.0,0.0,0.0,False
15,7702,2025-09-26T20:45:02+00:00,1.0,22,False,False,False,False,False,0.0,0.0,0.0,0.0,0.0,False
15,7703,2025-09-26T21:40:05+00:00,1.0,17,False,False,False,False,False,0.0,0.0,0.0,0.0,0.0,False
15,7704,2025-09-26T22:35:03+00:00,1.0,6,False,False,False,False,False,0.0,0.0,0.0,0.0,0.0,False
15,7705,2025-09-27T15:05:03+00:00,1.0,22,False,False,False,False,False,0.0,0.0,0.0,0.341,0.0,False
15,7706,2025-09-27T16:00:05+00:00,1.0,22,False,False,False,False,False,0.0,0.0,0.0,0.0,0.0,False
15,7707,2025-09-27T16:55:03+00:00,1.0,22,False,False,False,False,False,0.0,0.0,0.0,0.153,0.0,False
15,7708,2025-09-27T17:50:05+00:00,1.0,22,False,False,False,False,False,0.0,0.0,0.0,0.0,0.0,False
15,7709,2025-09-27T18:45:03+00:00,1.0,22,False,False,False,False,False,0.0,0.0,0.0,0.0,0.0,False
15,7710,2025-09-27T19:40:05+00:00,1.0,13,False,False,False,False,False,0.0,0.0,0.0,0.44,0.0,False
15,7711,2025-09-27T20:35:03+00:00,1.0,2,False,False,False,False,False,0.0,0.0,0.0,0.0,0.0,False
15,7712,2025-09-28T00:15:02+00:00,1.0,2,False,False,False,True,False,0.0,0.0,0.0,0.0,0.0,False
15,7713,2025-09-28T01:10:05+00:00,1.0,2,False,False,False,False,False,0.0,0.0,0.0,0.0,0.0,False
15,7714,2025-09-28T03:00:05+00:00,1.0,9,False,False,True,True,True,0.058,0.701,0.701,0.701,0.49930555555555556,True
15,7715,2025-09-28T03:55:02+00:00,1.0,18,True,True,True,True,True,1.0,1.0,1.0,1.0,0.04138888888888889,False
15,7716,2025-09-28T04:50:05+00:00,1.0,15,False,False,False,False,False,0.0,0.0,0.0,0.188,0.0,False
15,7717,2025-09-28T05:45:03+00:00,1.0,17,False,False,False,False,False,0.0,0.0,0.0,0.0,0.0,False
15,7718,2025-09-28T06:40:05+00:00,1.0,22,False,False,False,False,False,0.0,0.0,0.0,0.0,0.0,False
15,7719,2025-09-28T07:35:03+00:00,1.0,22,False,False,False,False,False,0.0,0.0,0.0,0.0,0.0,False
15,7720,2025-09-28T08:30:05+00:00,1.0,22,False,False,False,False,False,0.0,0.0,0.0,0.0,0.0,False
15,7721,2025-09-28T09:25:03+00:00,1.0,22,False,False,False,False,False,0.0,0.0,0.0,0.0,0.0,False
15,7722,2025-09-28T10:20:05+00:00,1.0,22,False,False,False,False,False,0.0,0.0,0.136,0.173,0.0,False
15,7723,2025-09-28T11:15:03+00:00,1.0,22,False,True,True,True,False,0.0,0.0,0.153,0.244,0.05016666666666667,False
15,7724,2025-09-28T12:10:07+00:00,1.0,22,True,True,True,True,True,1.0,1.0,1.0,1.0,0.16627777777777777,True
15,7725,2025-09-28T13:05:03+00:00,1.0,22,False,False,False,False,False,0.0,0.023,0.321,0.735,0.0,False
15,7726,2025-09-28T14:00:05+00:00,1.0,22,False,False,False,False,False,0.0,0.0,0.19,0.246,0.0,False
15,7727,2025-09-28T14:55:03+00:00,1.0,22,False,False,True,True,True,0.0,0.0,0.733,0.859,0.0,False
15,7728,2025-09-28T15:50:05+00:00,1.0,22,False,False,False,False,False,0.0,0.0,0.0,0.0,0.0,False
15,7729,2025-09-28T16:45:02+00:00,1.0,14,False,False,False,False,False,0.0,0.0,0.0,0.0,0.0,False
15,7730,2025-09-28T17:40:05+00:00,1.0,3,False,False,False,False,False,0.0,0.0,0.0,0.0,0.0,False
15,7731,2025-09-28T19:30:05+00:00,1.0,11,False,False,False,False,False,0.0,0.0,0.0,0.0,0.0,False
15,7732,2025-09-28T20:25:03+00:00,1.0,22,False,False,False,False,False,0.0,0.0,0.0,0.0,0.0,False
15,7733,2025-09-28T21:20:05+00:00,1.0,19,False,False,False,False,False,0.0,0.0,0.0,0.0,0.0,False
15,7734,2025-09-28T22:15:03+00:00,1.0,8,False,False,False,False,True,0.0,0.261,0.261,0.261,0.0,False
15,7735,2025-09-29T10:10:07+00:00,1.0,8,False,False,False,True,False,0.0,0.0,0.0,0.0,0.0,False
15,7736,2025-09-29T11:05:03+00:00,1.0,15,True,True,True,True,True,1.0,1.0,1.0,1.0,0.0,False
15,7737,2025-09-29T12:00:05+00:00,1.0,11,True,True,True,True,False,0.0,0.0,0.0,0.08,0.0,False
15,7738,2025-09-29T12:55:03+00:00,1.0,15,False,True,True,True,True,0.701,0.701,0.701,0.883,0.0,False
15,7739,2025-09-29T13:50:05+00:00,1.0,21,True,True,True,True,True,1.0,1.0,1.0,1.0,0.0,False
15,7740,2025-09-29T14:45:03+00:00,1.0,10,True,True,True,True,True,1.0,1.0,1.0,1.0,0.0,False
15,7741,2025-09-29T23:00:05+00:00,20.0,0,False,False,False,False,False,0.0,0.0,0.0,0.0,0.0,False
15,7742,2025-10-01T03:25:03+00:00,1.0,8,False,False,False,False,False,0.0,0.0,0.0,0.0,0.0,False
15,7743,2025-10-01T04:20:05+00:00,1.0,19,False,False,False,False,False,0.0,0.0,0.0,0.0,0.0,False
15,7744,2025-10-01T05:15:02+00:00,1.0,22,False,False,False,False,False,0.0,0.0,0.0,0.0,0.0,False
15,7745,2025-10-01T06:10:07+00:00,1.0,22,False,False,False,False,False,0.0,0.0,0.0,0.0,0.0,False
15,7746,2025-10-01T07:05:02+00:00,1.0,22,False,False,False,False,False,0.0,0.0,0.0,0.0,0.0,False
15,7747,2025-10-01T08:00:04+00:00,1.0,22,False,False,False,False,False,0.0,0.0,0.0,0.0,0.0,False
15,7748,2025-10-01T08:55:03+00:00,1.0,22,False,False,False,False,False,0.0,0.0,0.112,0.324,0.0,False
15,7749,2025-10-01T09:50:04+00:00,1.0,22,False,False,True,True,False,0.0,0.0,0.0,0.0,0.0,False
15,7750,2025-10-01T10:45:03+00:00,1.0,22,False,False,False,False,False,0.0,0.0,0.168,0.435,0.0,False
15,7751,2025-10-01T11:40:05+00:00,1.0,22,False,False,False,True,False,0.0,0.0,0.0,0.008,0.0,False
15,7752,2025-10-01T12:35:02+00:00,1.0,22,True,True,True,True,True,0.814,0.814,0.814,0.856,0.0,False
15,7753,2025-10-01T13:30:05+00:00,1.0,22,False,False,False,False,False,0.0,0.0,0.114,0.455,0.0,False
15,7754,2025-10-01T14:25:03+00:00,1.0,22,False,False,False,False,False,0.0,0.0,0.0,0.0,0.0,False
15,7755,2025-10-01T15:20:05+00:00,1.0,22,False,False,False,False,False,0.0,0.0,0.0,0.0,0.0,False
15,7756,2025-10-01T16:15:03+00:00,1.0,22,False,False,False,True,True,0.476,1.0,1.0,1.0,0.0,False
15,7757,2025-10-01T17:10:05+00:00,1.0,22,False,False,False,False,False,0.0,0.0,0.0,0.0,0.0,False
15,7758,2025-10-01T18:05:03+00:00,1.0,22,False,False,False,False,False,0.0,0.0,0.0,0.0,0.0,False
15,7759,2025-10-01T19:00:05+00:00,1.0,22,False,False,False,False,False,0.0,0.0,0.0,0.0,0.0,False
15,7760,2025-10-01T19:55:03+00:00,1.0,22,False,False,False,False,False,0.0,0.0,0.0,0.0,0.0,False
15,7761,2025-10-01T20:50:05+00:00,1.0,22,False,False,False,False,False,0.0,0.064,0.064,0.064,0.0,False
15,7762,2025-10-01T21:45:03+00:00,1.0,22,False,False,False,False,False,0.0,0.0,0.0,0.0,0.0,False
15,7763,2025-10-01T22:40:05+00:00,1.0,22,False,False,False,False,False,0.0,0.0,0.0,0.0,0.0,False
15,7764,2025-10-01T23:35:02+00:00,1.0,22,False,False,False,False,False,0.0,0.0,0.0,0.0,0.0,False
15,7765,2025-10-02T00:30:05+00:00,1.0,22,False,False,False,False,False,0.0,0.0,0.004,0.012,0.0,False
15,7766,2025-10-02T01:25:02+00:00,1.0,22,False,False,False,False,False,0.023,0.249,0.249,0.25,0.0,False
15,7767,2025-10-02T02:20:05+00:00,1.0,22,False,False,False,False,False,0.0,0.0,0.0,0.0,0.0,False
15,7768,2025-10-02T03:15:03+00:00,1.0,22,False,False,False,False,False,0.0,0.0,0.0,0.244,0.025083333333333336,False
15,7769,2025-10-02T04:10:07+00:00,1.0,22,False,False,False,False,False,0.0,0.0,0.0,0.0,0.08313888888888889,False
15,7770,2025-10-02T06:35:02+00:00,1.0,22,False,False,False,False,False,0.0,0.0,0.0,0.0,0.0,False
15,7771,2025-10-02T07:30:05+00:00,1.0,22,False,False,False,False,False,0.0,0.0,0.0,0.0,0.0,False
15,7772,2025-10-02T08:25:03+00:00,1.0,22,False,False,False,False,False,0.0,0.0,0.0,0.0,0.0,False
15,7773,2025-10-02T09:20:05+00:00,1.0,22,False,False,False,False,False,0.0,0.0,0.0,0.0,0.0,False
15,7774,2025-10-02T10:15:02+00:00,1.0,22,False,False,False,False,False,0.0,0.0,0.0,0.0,0.0,False
15,7775,2025-10-02T11:10:05+00:00,1.0,22,False,False,False,False,False,0.0,0.0,0.0,0.0,0.0,False
15,7776,2025-10-02T12:05:02+00:00,1.0,22,False,False,False,False,False,0.0,0.0,0.151,0.403,0.00838888888888889,False
15,7777,2025-10-02T13:00:05+00:00,1.0,22,False,False,False,False,False,0.0,0.0,0.0,0.153,0.1,True
15,7778,2025-10-02T13:55:02+00:00,1.0,22,False,False,False,False,False,0.0,0.006,0.019,0.019,0.09999999999999999,False
15,7779,2025-10-02T14:50:05+00:00,1.0,22,False,False,False,False,False,0.0,0.0,0.0,0.0,0.1,True
15,7780,2025-10-02T15:45:03+00:00,1.0,22,False,False,False,False,False,0.0,0.0,0.0,0.207,0.1,True
15,7781,2025-10-02T16:40:05+00:00,1.0,22,False,False,False,False,False,0.0,0.0,0.0,0.008,0.16680555555555557,True
15,7782,2025-10-02T17:35:02+00:00,1.0,22,False,False,False,False,False,0.0,0.0,0.0,0.0,0.08322222222222223,False
15,7783,2025-10-02T18:30:05+00:00,1.0,22,False,False,False,False,False,0.0,0.0,0.0,0.0,0.0,False
15,7784,2025-10-02T19:25:02+00:00,1.0,22,False,False,False,False,False,0.0,0.0,0.0,0.0,0.0,False
15,7785,2025-10-02T20:20:05+00:00,1.0,22,False,False,False,False,False,0.0,0.0,0.0,0.0,0.0,False
15,7786,2025-10-02T21:15:02+00:00,1.0,22,False,False,False,False,False,0.0,0.0,0.0,0.0,0.0,False
15,7787,2025-10-02T22:10:08+00:00,1.0,22,False,False,False,False,False,0.0,0.0,0.0,0.0,0.0,False
15,7788,2025-10-02T23:05:02+00:00,1.0,22,False,False,False,False,False,0.0,0.0,0.0,0.0,0.0,False
15,7789,2025-10-03T00:00:05+00:00,1.0,22,False,False,False,False,False,0.0,0.0,0.0,0.0,0.0,False
15,7790,2025-10-03T00:55:03+00:00,1.0,22,False,False,False,False,False,0.0,0.0,0.0,0.0,0.0,False
15,7791,2025-10-03T01:50:04+00:00,1.0,22,False,False,False,False,False,0.0,0.0,0.0,0.0,0.0,False
15,7792,2025-10-03T02:45:03+00:00,1.0,22,False,False,False,True,False,0.0,0.0,0.0,0.0,0.0,False
15,7793,2025-10-03T03:40:05+00:00,1.0,22,False,True,True,True,False,0.0,0.0,0.0,0.0,0.0,False
15,7794,2025-10-03T04:35:02+00:00,1.0,22,False,False,False,True,False,0.0,0.0,0.008,0.046,0.0,False
15,7795,2025-10-03T05:30:05+00:00,1.0,22,True,True,True,True,False,0.0,0.0,0.0,0.0,0.05013888888888889,False
15,7796,2025-10-03T06:25:02+00:00,1.0,22,True,True,True,True,False,0.0,0.0,0.001,0.001,0.058277777777777776,False
15,7797,2025-10-03T07:20:05+00:00,1.0,22,False,False,False,False,False,0.0,0.0,0.0,0.0,0.0,False
15,7798,2025-10-03T08:15:02+00:00,1.0,22,False,False,False,False,False,0.0,0.0,0.0,0.0,0.0,False
15,7799,2025-10-03T09:10:05+00:00,1.0,22,False,False,False,False,True,0.0,0.505,0.701,0.763,0.0,False
15,7800,2025-10-03T10:05:03+00:00,1.0,22,False,False,False,False,False,0.0,0.0,0.0,0.0,0.0,False
15,7801,2025-10-03T11:00:05+00:00,1.0,22,False,False,False,False,False,0.0,0.0,0.0,0.0,0.0001388888888888884,False
15,7802,2025-10-03T11:55:02+00:00,1.0,22,False,False,False,False,False,0.0,0.0,0.0,0.0,0.09172222222222222,False
15,7803,2025-10-03T12:50:05+00:00,1.0,22,False,False,False,False,False,0.0,0.0,0.0,0.037,0.016527777777777777,False
15,7804,2025-10-03T13:45:02+00:00,1.0,22,False,False,False,False,False,0.0,0.0,0.0,0.037,0.0,False
15,7805,2025-10-03T14:40:05+00:00,1.0,22,False,False,False,False,False,0.0,0.0,0.0,0.207,0.0,False
15,7806,2025-10-03T15:35:03+00:00,1.0,22,False,False,False,False,False,0.0,0.0,0.0,0.0,0.0,False
15,7807,2025-10-03T16:30:05+00:00,1.0,14,False,False,False,False,False,0.0,0.0,0.0,0.0,0.0,False
15,7808,2025-10-03T17:25:03+00:00,1.0,14,False,False,False,False,False,0.0,0.0,0.0,0.0,0.0,False
15,7809,2025-10-03T18:20:05+00:00,1.0,22,False,False,True,True,False,0.0,0.0,0.0,0.0,0.0,False
15,7810,2025-10-03T19:15:03+00:00,1.0,22,False,False,False,False,False,0.0,0.0,0.001,0.003,0.0,False
15,7811,2025-10-03T20:10:07+00:00,1.0,22,False,False,False,False,False,0.0,0.0,0.0,0.0,0.0,False
15,7812,2025-10-03T21:05:02+00:00,1.0,22,False,False,False,False,False,0.0,0.0,0.0,0.0,0.0,False
15,7813,2025-10-03T22:00:05+00:00,1.0,22,False,False,False,False,False,0.0,0.0,0.062,0.154,0.0,False
15,7814,2025-10-03T22:55:02+00:00,1.0,22,False,False,False,False,False,0.0,0.0,0.0,0.0,0.0,False
15,7815,2025-10-03T23:50:05+00:00,1.0,22,False,False,False,False,False,0.0,0.0,0.0,0.0,0.0,False
15,7816,2025-10-04T00:45:03+00:00,1.0,22,False,False,False,False,False,0.0,0.0,0.0,0.0,0.0,False
15,7817,2025-10-04T01:40:05+00:00,1.0,20,False,False,False,False,False,0.0,0.0,0.0,0.0,0.0,False
15,7818,2025-10-04T02:35:03+00:00,1.0,9,False,False,False,False,False,0.0,0.0,0.0,0.0,0.0,False
15,7819,2025-10-04T21:50:05+00:00,1.0,8,False,False,False,False,False,0.0,0.0,0.031,0.031,0.0,False
15,7820,2025-10-04T22:45:03+00:00,1.0,15,False,False,False,False,False,0.0,0.0,0.0,0.0,0.0,False
15,7821,2025-10-04T23:40:05+00:00,1.0,7,False,False,False,False,False,0.0,0.0,0.0,0.0,0.0,False
15,7822,2025-10-05T00:35:02+00:00,1.0,2,False,False,False,False,False,0.0,0.0,0.0,0.0,0.0,False
15,7823,2025-10-05T01:30:05+00:00,1.0,2,False,False,False,False,False,0.0,0.0,0.0,0.0,0.0,False
15,7824,2025-10-05T05:10:05+00:00,20.0,0,False,False,False,False,False,0.0,0.0,0.0,0.0,0.0,False
15,7825,2025-10-05T07:00:05+00:00,1.0,9,False,False,False,False,False,0.0,0.0,0.0,0.0,0.0,False
15,7826,2025-10-05T07:55:03+00:00,1.0,20,False,False,False,False,False,0.0,0.0,0.0,0.0,0.0,False
15,7827,2025-10-05T08:50:05+00:00,1.0,22,False,False,False,False,False,0.0,0.0,0.0,0.417,0.0,False
15,7828,2025-10-05T09:45:03+00:00,1.0,22,False,False,False,False,False,0.0,0.0,0.073,0.073,0.0,False
15,7829,2025-10-05T10:40:05+00:00,1.0,22,False,False,False,True,False,0.0,0.0,0.0,0.142,1.1356944444444446,True
15,7830,2025-10-05T11:35:02+00:00,1.0,22,True,True,True,True,True,1.0,1.0,1.0,1.0,0.8825555555555555,True
15,7831,2025-10-05T12:30:05+00:00,1.0,22,True,True,True,True,True,1.0,1.0,1.0,1.0,1.3529166666666668,True
15,7832,2025-10-05T13:25:02+00:00,1.0,22,True,True,True,True,True,1.0,1.0,1.0,1.0,2.7755,True
15,7833,2025-10-05T14:20:05+00:00,1.0,22,True,True,True,True,False,0.0,0.187,0.299,0.299,4.20375,True
15,7834,2025-10-05T15:15:02+00:00,1.0,22,True,True,True,True,True,0.136,1.0,1.0,1.0,4.922611111111111,True
15,7835,2025-10-05T16:10:07+00:00,1.0,22,True,True,True,True,False,0.0,0.0,0.244,0.455,3.0657500000000004,True
15,7836,2025-10-05T17:05:03+00:00,1.0,22,False,True,True,True,False,0.0,0.003,0.447,0.829,8.992,True
15,7837,2025-10-05T18:00:05+00:00,1.0,22,True,True,True,True,True,1.0,1.0,1.0,1.0,0.21027777777777776,True
15,7838,2025-10-05T18:55:03+00:00,1.0,22,True,True,True,True,True,0.017,0.273,0.74,0.776,6.9895,True
15,7839,2025-10-05T19:50:05+00:00,1.0,22,False,False,False,True,True,0.946,0.946,0.948,0.959,1.256111111111111,True
15,7840,2025-10-05T20:45:03+00:00,1.0,22,True,True,True,True,True,0.0,0.811,0.898,0.906,0.0,False
15,7841,2025-10-05T21:40:05+00:00,1.0,22,True,True,True,True,True,1.0,1.0,1.0,1.0,0.0,False
15,7842,2025-10-05T22:35:02+00:00,1.0,22,True,True,True,True,True,1.0,1.0,1.0,1.0,0.0,False
15,7843,2025-10-05T23:30:05+00:00,1.0,22,False,False,False,True,False,0.0,0.0,0.0,0.0,0.05013888888888889,False
15,7844,2025-10-06T00:25:03+00:00,1.0,22,False,True,True,True,False,0.0,0.0,0.0,0.0,0.05825,False
15,7845,2025-10-06T01:20:05+00:00,1.0,22,False,False,False,False,False,0.0,0.0,0.0,0.0,0.0,False
15,7846,2025-10-06T02:15:03+00:00,1.0,22,False,False,False,False,False,0.0,0.0,0.0,0.0,0.0,False
15,7847,2025-10-06T03:10:05+00:00,1.0,22,False,False,True,True,False,0.0,0.0,0.0,0.0,0.0,False
15,7848,2025-10-06T04:05:03+00:00,1.0,18,True,True,True,True,True,1.0,1.0,1.0,1.0,0.0,False
15,7849,2025-10-06T05:00:05+00:00,1.0,11,False,True,True,True,True,0.291,0.356,0.356,0.356,0.0,False
15,7850,2025-10-06T05:55:02+00:00,1.0,15,False,False,False,False,False,0.0,0.0,0.0,0.0,0.0,False
15,7851,2025-10-06T06:50:05+00:00,1.0,21,False,False,False,False,False,0.0,0.0,0.0,0.0,0.0,False
15,7852,2025-10-06T07:45:03+00:00,1.0,21,False,False,False,False,True,0.0,0.701,0.701,0.701,0.0,False
15,7853,2025-10-06T08:40:04+00:00,1.0,22,False,False,False,False,False,0.0,0.0,0.0,0.0,0.0,False
15,7854,2025-10-06T09:35:02+00:00,1.0,22,False,True,True,True,False,0.0,0.0,0.0,0.0,0.0,False
15,7855,2025-10-06T10:30:05+00:00,1.0,19,False,False,False,False,True,1.0,1.0,1.0,1.0,0.0,False
15,7856,2025-10-06T11:25:02+00:00,1.0,8,False,False,False,False,False,0.0,0.0,0.0,0.0,0.0,False
15,7857,2025-10-07T10:20:05+00:00,20.0,0,False,False,False,False,False,0.0,0.0,0.0,0.0,0.0,False
15,7858,2025-10-07T14:55:03+00:00,1.0,6,False,False,False,False,False,0.0,0.0,0.0,0.0,0.0,False
15,7859,2025-10-07T15:50:05+00:00,1.0,15,False,False,False,False,False,0.0,0.0,0.0,0.0,0.0,False
15,7860,2025-10-07T16:45:03+00:00,1.0,15,False,False,False,False,False,0.0,0.0,0.0,0.046,0.0,False
15,7861,2025-10-07T17:40:05+00:00,1.0,6,False,False,False,False,False,0.0,0.0,0.0,0.0,0.0,False
15,7862,2025-10-07T20:25:03+00:00,1.0,5,False,False,False,False,False,0.0,0.0,0.0,0.0,0.0,False
15,7863,2025-10-07T21:20:05+00:00,1.0,5,False,False,False,False,False,0.0,0.0,0.0,0.0,0.0,False
15,7864,2025-10-09T01:45:02+00:00,20.0,0,False,False,False,False,False,0.0,0.0,0.0,0.0,0.0,False
15,7865,2025-10-10T07:05:02+00:00,20.0,0,False,False,False,False,False,0.0,0.0,0.0,0.0,0.0,False
15,7866,2025-10-11T19:45:02+00:00,20.0,0,False,False,False,False,False,0.0,0.0,0.0,0.0,0.0,False
15,7867,2025-10-12T00:20:05+00:00,20.0,0,False,False,False,False,False,0.0,0.0,0.0,0.0,0.0,False
15,7868,2025-10-13T07:30:05+00:00,20.0,0,False,False,False,False,False,0.0,0.0,0.0,0.0,0.0,False
15,7869,2025-10-14T15:35:03+00:00,20.0,0,False,False,False,False,False,0.0,0.0,0.0,0.0,0.0,False
15,7870,2025-10-15T01:40:04+00:00,20.0,0,False,False,False,False,False,0.0,0.0,0.0,0.0,0.0,False
15,7871,2025-10-15T19:15:03+00:00,1.0,4,False,False,False,False,False,0.0,0.0,0.0,0.0,0.0,False
15,7872,2025-10-15T20:10:07+00:00,1.0,15,False,False,False,False,False,0.0,0.0,0.0,0.0,0.0,False
15,7873,2025-10-15T21:05:02+00:00,1.0,22,False,False,False,False,False,0.0,0.0,0.0,0.0,0.0,False
15,7874,2025-10-15T22:00:05+00:00,1.0,22,False,False,False,False,False,0.0,0.0,0.0,0.0,0.0,False
15,7875,2025-10-15T22:55:02+00:00,1.0,22,False,False,False,False,False,0.0,0.0,0.0,0.0,0.0,False
15,7876,2025-10-15T23:50:05+00:00,1.0,22,False,False,False,False,False,0.0,0.0,0.0,0.0,0.0,False
15,7877,2025-10-16T00:45:03+00:00,1.0,22,False,False,False,False,False,0.0,0.0,0.0,0.0,0.0,False
15,7878,2025-10-16T01:40:05+00:00,1.0,22,False,False,False,False,False,0.0,0.0,0.0,0.0,0.0,False
15,7879,2025-10-16T02:35:03+00:00,1.0,22,False,False,False,False,False,0.0,0.0,0.0,0.037,0.0,False
15,7880,2025-10-16T03:30:05+00:00,1.0,22,False,False,False,False,False,0.0,0.0,0.0,0.0,0.0,False
15,7881,2025-10-16T04:25:03+00:00,1.0,22,False,False,False,False,False,0.0,0.0,0.0,0.0,0.0,False
15,7882,2025-10-16T05:20:05+00:00,1.0,22,False,False,False,False,False,0.0,0.0,0.133,0.589,0.0,False
15,7883,2025-10-16T06:15:02+00:00,1.0,22,False,False,False,False,False,0.0,0.0,0.493,0.92,0.0,False
15,7884,2025-10-16T07:10:05+00:00,1.0,22,False,False,False,True,False,0.0,0.0,0.0,0.02,0.0,False
15,7885,2025-10-16T08:05:03+00:00,1.0,22,True,True,True,True,True,1.0,1.0,1.0,1.0,0.0,False
15,7886,2025-10-16T09:00:05+00:00,1.0,22,True,True,True,True,True,1.0,1.0,1.0,1.0,0.0001388888888888884,False
15,7887,2025-10-16T09:55:03+00:00,1.0,22,True,True,True,True,True,1.0,1.0,1.0,1.0,0.09175,False
15,7888,2025-10-16T10:50:05+00:00,1.0,22,True,True,True,True,True,1.0,1.0,1.0,1.0,0.016527777777777777,False
15,7889,2025-10-16T11:45:03+00:00,1.0,22,True,True,True,True,True,1.0,1.0,1.0,1.0,0.0,False
15,7890,2025-10-16T12:40:05+00:00,1.0,22,False,False,False,True,False,0.0,0.0,0.0,0.0,0.0,False
15,7891,2025-10-16T13:35:03+00:00,1.0,22,False,False,False,False,False,0.0,0.0,0.0,0.008,0.0,False
15,7892,2025-10-16T14:30:05+00:00,1.0,22,False,True,True,True,False,0.0,0.0,0.0,0.408,0.0,False
15,7893,2025-10-16T15:25:02+00:00,1.0,22,False,False,False,False,False,0.0,0.0,0.0,0.0,0.0,False
15,7894,2025-10-16T16:20:05+00:00,1.0,22,False,False,False,False,False,0.0,0.0,0.0,0.0,0.0,False
15,7895,2025-10-16T17:15:02+00:00,1.0,22,False,False,False,False,False,0.0,0.0,0.0,0.009,0.0,False
15,7896,2025-10-16T18:10:07+00:00,1.0,22,False,False,False,False,False,0.0,0.0,0.0,0.026,0.0,False
15,7897,2025-10-16T19:05:02+00:00,1.0,22,False,False,False,False,False,0.0,0.0,0.0,0.0,0.0,False
15,7898,2025-10-16T20:00:05+00:00,1.0,22,False,False,False,False,False,0.0,0.0,0.0,0.0,0.0,False
15,7899,2025-10-16T20:55:03+00:00,1.0,22,False,False,False,False,False,0.0,0.0,0.0,0.0,0.0,False
15,7900,2025-10-16T21:50:05+00:00,1.0,22,False,False,False,False,False,0.0,0.0,0.0,0.0,0.0,False
15,7901,2025-10-16T22:45:03+00:00,1.0,22,False,False,False,False,False,0.0,0.0,0.0,0.0,0.0,False
15,7902,2025-10-16T23:40:05+00:00,1.0,22,False,False,False,False,False,0.0,0.0,0.0,0.02,0.0,False
15,7903,2025-10-17T00:35:03+00:00,1.0,22,False,False,False,False,False,0.0,0.09,0.101,0.143,0.0,False
15,7904,2025-10-17T01:30:05+00:00,1.0,22,False,False,False,True,False,0.0,0.0,0.0,0.0,0.0,False
15,7905,2025-10-17T02:25:03+00:00,1.0,22,True,True,True,True,True,1.0,1.0,1.0,1.0,0.0,False
15,7906,2025-10-17T03:20:05+00:00,1.0,22,False,False,False,False,False,0.0,0.0,0.0,0.0,0.0,False
15,7907,2025-10-17T04:15:02+00:00,1.0,22,False,False,False,False,False,0.0,0.0,0.0,0.0,0.0,False
15,7908,2025-10-17T05:10:05+00:00,1.0,22,False,False,False,False,False,0.0,0.0,0.0,0.0,0.0,False
15,7909,2025-10-17T06:05:02+00:00,1.0,21,False,False,False,False,False,0.0,0.0,0.0,0.0,0.0,False
15,7910,2025-10-17T07:00:04+00:00,1.0,21,False,False,False,False,False,0.0,0.0,0.0,0.0,0.0,False
15,7911,2025-10-17T07:55:03+00:00,1.0,22,False,False,False,False,False,0.0,0.0,0.0,0.0,0.0,False
15,7912,2025-10-17T08:50:05+00:00,1.0,22,False,False,False,False,False,0.0,0.0,0.0,0.0,0.0,False
15,7913,2025-10-17T11:25:03+00:00,1.0,22,False,False,False,False,False,0.0,0.0,0.0,0.0,0.20875,True
15,7914,2025-10-17T12:20:05+00:00,1.0,22,False,False,False,False,False,0.0,0.0,0.001,0.002,0.3661111111111111,True
15,7915,2025-10-17T13:15:02+00:00,1.0,22,False,False,False,False,False,0.123,0.244,0.244,0.285,0.07494444444444445,False
15,7916,2025-10-17T14:10:07+00:00,1.0,22,False,False,False,False,False,0.0,0.405,0.647,0.647,0.1180277777777778,True
15,7917,2025-10-17T15:05:03+00:00,1.0,22,False,False,False,False,False,0.0,0.0,0.0,0.268,0.7168333333333333,True
15,7918,2025-10-17T16:00:05+00:00,1.0,22,False,False,False,False,False,0.0,0.003,0.006,0.006,0.898888888888889,True
15,7919,2025-10-17T16:55:03+00:00,1.0,22,False,False,True,True,True,0.26,0.977,0.991,0.991,0.166,True
15,7920,2025-10-17T17:50:05+00:00,1.0,22,True,True,True,True,True,1.0,1.0,1.0,1.0,0.016527777777777777,False
15,7921,2025-10-17T18:45:02+00:00,1.0,22,True,True,True,True,True,1.0,1.0,1.0,1.0,0.9757222222222223,True
15,7922,2025-10-17T19:40:05+00:00,1.0,22,True,True,True,True,True,1.0,1.0,1.0,1.0,2.5025000000000004,True
15,7923,2025-10-17T20:35:03+00:00,1.0,22,True,True,True,True,True,1.0,1.0,1.0,1.0,2.399,True
15,7924,2025-10-21T13:50:05+00:00,1.0,2,False,False,False,False,False,0.0,0.0,0.0,0.0,0.0,False
15,7925,2025-10-21T14:45:02+00:00,1.0,12,False,False,False,False,False,0.0,0.0,0.0,0.0,0.0,False
15,7926,2025-10-21T15:40:05+00:00,1.0,21,False,False,False,False,False,0.0,0.0,0.0,0.0,0.0,False
15,7927,2025-10-21T16:35:02+00:00,1.0,22,False,False,False,True,False,0.0,0.058,0.299,0.299,0.0,False
15,7928,2025-10-21T17:30:04+00:00,1.0,22,False,False,True,True,True,0.891,0.891,0.891,0.891,0.0,False
15,7929,2025-10-21T18:25:03+00:00,1.0,22,True,False,False,False,False,0.069,0.2,0.322,0.395,0.45925,True
15,7930,2025-10-21T19:20:05+00:00,1.0,22,False,False,True,True,False,0.0,0.0,0.0,0.0,1.0330555555555556,True
15,7931,2025-10-21T20:15:02+00:00,1.0,22,True,True,True,True,False,0.0,0.0,0.0,0.0,1.4762777777777778,True
15,7932,2025-10-21T21:10:05+00:00,1.0,22,True,True,True,True,True,1.0,1.0,1.0,1.0,2.7462500000000003,True
15,7933,2025-10-21T22:05:02+00:00,1.0,22,False,False,True,True,False,0.0,0.0,0.0,0.054,0.8607222222222223,True
15,7934,2025-10-21T23:00:05+00:00,1.0,22,True,True,True,True,True,1.0,1.0,1.0,1.0,4.793333333333333,True
15,7935,2025-10-21T23:55:03+00:00,1.0,22,False,False,True,True,False,0.0,0.002,0.002,0.002,0.396,True
15,7936,2025-10-22T00:50:05+00:00,1.0,22,False,True,True,True,False,0.0,0.0,0.0,0.0,0.0,False
15,7937,2025-10-22T01:45:03+00:00,1.0,22,False,False,False,False,True,0.0,0.0,0.433,0.58,0.0,False
15,7938,2025-10-22T02:40:05+00:00,1.0,22,False,False,False,False,False,0.0,0.0,0.0,0.034,0.13361111111111112,True
15,7939,2025-10-22T03:35:03+00:00,1.0,22,False,False,False,True,False,0.0,0.0,0.0,0.008,0.08316666666666667,False
15,7940,2025-10-22T04:30:05+00:00,1.0,22,True,True,True,True,True,1.0,1.0,1.0,1.0,2.8077777777777775,True
15,7941,2025-10-22T05:25:03+00:00,1.0,22,True,True,True,True,True,1.0,1.0,1.0,1.0,3.763,True
15,7942,2025-10-22T06:20:05+00:00,1.0,22,False,False,True,True,True,0.069,0.099,0.265,0.312,0.8652777777777777,True
15,7943,2025-10-22T07:15:03+00:00,1.0,22,False,False,False,False,False,0.0,0.207,0.252,0.293,0.14983333333333335,True
15,7944,2025-10-22T08:10:08+00:00,1.0,22,False,False,False,False,False,0.0,0.0,0.002,0.342,0.0,False
15,7945,2025-10-22T09:05:02+00:00,1.0,22,False,False,False,False,False,0.0,0.0,0.0,0.0,0.0,False
15,7946,2025-10-22T10:00:05+00:00,1.0,22,False,False,False,False,False,0.0,0.0,0.0,0.0,0.0,False
15,7947,2025-10-22T10:55:02+00:00,1.0,22,False,False,False,True,False,0.0,0.0,0.0,0.0,0.0,False
15,7948,2025-10-22T11:50:05+00:00,1.0,22,False,True,True,True,False,0.0,0.0,0.064,0.302,0.0,False
15,7949,2025-10-22T12:45:03+00:00,1.0,22,True,True,True,True,True,1.0,1.0,1.0,1.0,3.979416666666667,True
15,7950,2025-10-22T13:40:05+00:00,1.0,18,False,False,False,False,False,0.0,0.0,0.0,0.0,1.9597222222222221,True
15,7951,2025-10-22T14:35:03+00:00,1.0,7,False,False,False,False,False,0.0,0.0,0.02,0.299,0.12475,True
15,7952,2025-10-22T18:15:03+00:00,1.0,5,False,False,False,False,False,0.0,0.0,0.0,0.0,0.0,False
15,7953,2025-10-22T19:10:05+00:00,1.0,16,False,False,False,False,False,0.0,0.02,0.092,0.092,0.0,False
15,7954,2025-10-22T20:05:03+00:00,1.0,22,False,False,False,False,True,0.0,0.091,0.647,0.647,0.0,False
15,7955,2025-10-22T21:00:05+00:00,1.0,22,False,False,False,False,False,0.0,0.0,0.0,0.0,0.0,False
15,7956,2025-10-22T21:55:03+00:00,1.0,22,False,False,False,False,False,0.0,0.0,0.0,0.0,0.0,False
15,7957,2025-10-22T22:50:05+00:00,1.0,22,False,False,False,False,False,0.0,0.0,0.0,0.0,0.0,False
15,7958,2025-10-22T23:45:03+00:00,1.0,22,False,False,False,False,True,0.0,0.0,0.303,0.648,0.0,False
15,7959,2025-10-23T00:40:05+00:00,1.0,22,False,False,False,False,True,0.0,0.0,0.61,0.647,0.0,False
15,7960,2025-10-23T01:35:02+00:00,1.0,22,False,True,True,True,False,0.0,0.0,0.0,0.0,0.0,False
15,7961,2025-10-23T02:30:05+00:00,1.0,12,True,True,True,True,False,0.0,0.028,0.038,0.038,0.0,False
15,7962,2025-10-23T03:25:03+00:00,1.0,1,False,False,False,False,False,0.0,0.0,0.0,0.0,0.0,False
15,7963,2025-10-23T04:20:05+00:00,20.0,0,False,False,False,False,False,0.0,0.0,0.0,0.0,0.0,False
15,7964,2025-10-23T07:05:02+00:00,1.0,2,True,True,True,True,False,0.0,0.0,0.0,0.0,0.0,False
15,7965,2025-10-23T08:00:05+00:00,1.0,13,False,False,False,False,False,0.0,0.0,0.0,0.0,0.0001388888888888884,False
15,7966,2025-10-23T08:55:03+00:00,1.0,17,False,False,False,False,False,0.0,0.0,0.0,0.02,0.09175,False
15,7967,2025-10-23T09:50:04+00:00,1.0,6,False,False,False,False,False,0.0,0.0,0.0,0.153,0.016555555555555556,False
15,7968,2025-10-23T15:20:05+00:00,1.0,8,False,False,False,False,False,0.0,0.0,0.0,0.028,0.0,False
15,7969,2025-10-23T16:15:03+00:00,1.0,19,False,False,False,False,False,0.0,0.0,0.0,0.0,0.0,False
15,7970,2025-10-23T17:10:05+00:00,1.0,22,False,False,False,False,False,0.0,0.0,0.0,0.0,0.05041666666666665,False
15,7971,2025-10-23T18:05:03+00:00,1.0,22,False,False,False,False,False,0.0,0.0,0.008,0.32,0.4430833333333332,True
15,7972,2025-10-23T19:00:05+00:00,1.0,22,False,False,False,True,False,0.0,0.0,0.044,0.053,1.9979166666666668,True
15,7973,2025-10-23T19:55:03+00:00,1.0,22,False,True,True,True,True,0.144,1.0,1.0,1.0,0.62375,True
15,7974,2025-10-23T20:50:04+00:00,1.0,22,False,True,True,True,False,0.0,0.0,0.254,0.255,0.6668888888888889,True
15,7975,2025-10-23T21:45:03+00:00,1.0,22,True,True,True,True,True,0.946,0.949,0.969,0.977,0.17441666666666666,True
15,7976,2025-10-23T22:40:05+00:00,1.0,22,True,True,True,True,False,0.615,0.646,0.905,0.908,0.06680555555555556,False
15,7977,2025-10-23T23:35:02+00:00,1.0,22,True,True,True,True,False,0.245,0.298,0.439,0.515,0.04161111111111111,False
15,7978,2025-10-24T00:30:05+00:00,1.0,22,True,False,True,True,True,1.0,1.0,1.0,1.0,0.0,False
15,7979,2025-10-24T01:25:03+00:00,1.0,22,False,True,True,True,True,0.973,0.989,0.996,0.996,0.0,False
15,7980,2025-10-24T02:20:05+00:00,1.0,15,False,True,True,True,True,0.686,0.687,0.687,0.687,0.0,False
15,7981,2025-10-24T03:15:03+00:00,1.0,4,False,False,False,False,False,0.0,0.0,0.0,0.0,0.0,False
15,7982,2025-10-24T22:30:05+00:00,1.0,11,False,False,False,False,False,0.0,0.0,0.0,0.0,0.0,False
15,7983,2025-10-24T23:25:02+00:00,1.0,22,False,False,False,False,False,0.0,0.0,0.0,0.0,0.0,False
15,7984,2025-10-25T00:20:05+00:00,1.0,22,False,False,False,False,False,0.0,0.0,0.0,0.038,0.0,False
15,7985,2025-10-25T01:15:03+00:00,1.0,22,False,False,False,False,False,0.0,0.0,0.0,0.0,0.0,False
15,7986,2025-10-25T02:10:07+00:00,1.0,22,False,False,False,False,False,0.0,0.0,0.0,0.0,0.0,False
15,7987,2025-10-25T03:05:03+00:00,1.0,22,False,False,False,False,False,0.0,0.0,0.0,0.0,0.0,False
15,7988,2025-10-25T04:00:05+00:00,1.0,22,False,False,False,False,False,0.0,0.0,0.008,0.046,0.0,False
15,7989,2025-10-25T04:55:02+00:00,1.0,22,False,False,False,False,False,0.0,0.0,0.0,0.0,0.0,False
15,7990,2025-10-25T05:50:05+00:00,1.0,22,False,False,False,False,False,0.0,0.0,0.0,0.005,0.0,False
15,7991,2025-10-25T06:45:03+00:00,1.0,22,False,False,False,False,False,0.0,0.0,0.0,0.065,0.0,False
15,7992,2025-10-25T07:40:05+00:00,1.0,21,False,False,False,False,False,0.0,0.0,0.0,0.0,0.0,False
15,7993,2025-10-25T08:35:03+00:00,1.0,10,False,False,False,False,False,0.0,0.0,0.0,0.0,0.0,False
15,7994,2025-10-25T09:30:05+00:00,1.0,2,False,False,False,False,False,0.0,0.0,0.0,0.0,0.0,False
15,7995,2025-10-25T10:25:03+00:00,1.0,13,False,False,False,False,False,0.0,0.0,0.0,0.0,0.0,False
15,7996,2025-10-25T11:20:05+00:00,1.0,22,False,False,False,False,False,0.0,0.0,0.0,0.0,0.0,False
15,7997,2025-10-25T12:15:02+00:00,1.0,22,False,False,False,False,False,0.0,0.0,0.0,0.0,0.0,False
15,7998,2025-10-25T13:10:05+00:00,1.0,20,False,False,False,False,False,0.0,0.0,0.0,0.0,0.0,False
15,7999,2025-10-25T14:05:03+00:00,1.0,9,False,False,False,False,False,0.0,0.0,0.0,0.0,0.0,False
16,8000,2025-10-25T17:45:02+00:00,1.0,1,False,False,False,False,False,0.0,0.0,0.0,0.054,0.0,False
16,8001,2025-10-25T18:40:05+00:00,1.0,12,False,False,True,True,False,0.0,0.0,0.0,0.0,0.0,False
16,8002,2025-10-25T19:35:02+00:00,1.0,22,True,True,True,True,True,1.0,1.0,1.0,1.0,0.0,False
16,8003,2025-10-25T20:30:05+00:00,1.0,22,False,False,False,True,True,0.0,0.299,0.299,0.327,0.0,False
16,8004,2025-10-25T21:25:03+00:00,1.0,22,False,True,True,True,False,0.0,0.0,0.026,0.039,0.0,False
16,8005,2025-10-25T22:20:05+00:00,1.0,22,False,False,True,True,False,0.127,0.256,0.546,0.546,0.06694444444444446,False
16,8006,2025-10-25T23:15:03+00:00,1.0,22,False,True,True,True,True,0.854,0.862,0.888,0.958,0.5511666666666667,True
16,8007,2025-10-26T00:10:07+00:00,1.0,22,False,True,True,True,True,0.946,0.951,0.959,0.974,1.718027777777778,True
16,8008,2025-10-26T01:05:02+00:00,1.0,22,True,True,True,True,True,1.0,1.0,1.0,1.0,2.417444444444444,True
16,8009,2025-10-26T02:00:05+00:00,1.0,22,True,True,True,True,True,0.994,0.994,0.994,0.996,3.704583333333334,True
16,8010,2025-10-26T02:55:03+00:00,1.0,22,True,True,True,True,True,0.0,0.242,0.702,0.854,6.7277499999999995,True
16,8011,2025-10-26T03:50:05+00:00,1.0,22,True,True,True,True,True,1.0,1.0,1.0,1.0,8.08513888888889,True
16,8012,2025-10-26T04:45:03+00:00,1.0,22,False,False,False,False,False,0.0,0.0,0.272,0.891,5.82225,True
16,8013,2025-10-26T05:40:05+00:00,1.0,22,False,False,False,True,True,0.037,0.655,0.661,0.668,1.659722222222222,True
16,8014,2025-10-26T06:35:02+00:00,1.0,22,True,True,True,True,True,0.993,1.0,1.0,1.0,0.0,False
16,8015,2025-10-26T07:30:05+00:00,1.0,22,False,True,True,True,False,0.008,0.112,0.616,0.858,0.0,False
16,8016,2025-10-26T08:25:03+00:00,1.0,22,True,True,True,True,True,1.0,1.0,1.0,1.0,0.04175,False
16,8017,2025-10-26T09:20:05+00:00,1.0,22,True,True,True,True,True,1.0,1.0,1.0,1.0,0.06652777777777778,False
16,8018,2025-10-26T10:15:02+00:00,1.0,22,True,True,True,True,True,1.0,1.0,1.0,1.0,0.07516666666666666,False
16,8019,2025-10-26T11:10:05+00:00,1.0,22,True,True,True,True,True,1.0,1.0,1.0,1.0,0.24958333333333332,True
16,8020,2025-10-26T12:05:02+00:00,1.0,22,False,False,False,True,True,1.0,1.0,1.0,1.0,0.0,False
16,8021,2025-10-26T13:00:05+00:00,1.0,22,True,False,False,False,True,1.0,1.0,1.0,1.0,0.0,False
16,8022,2025-10-26T13:55:02+00:00,1.0,22,False,False,False,False,False,0.0,0.0,0.008,0.29,0.0,False
16,8023,2025-10-26T14:50:05+00:00,1.0,22,False,False,True,True,False,0.0,0.0,0.0,0.008,0.0,False
16,8024,2025-10-26T15:45:03+00:00,1.0,22,False,False,False,False,False,0.0,0.0,0.0,0.0,0.0,False
16,8025,2025-10-26T16:40:05+00:00,1.0,22,False,False,False,False,False,0.0,0.0,0.0,0.008,0.0,False
16,8026,2025-10-26T17:35:03+00:00,1.0,22,False,True,True,True,False,0.0,0.0,0.0,0.02,0.0,False
16,8027,2025-10-26T18:30:05+00:00,1.0,22,False,True,True,True,False,0.0,0.0,0.0,0.0,0.0,False
16,8028,2025-10-26T19:25:03+00:00,1.0,22,False,False,False,False,False,0.0,0.0,0.248,0.531,0.0,False
16,8029,2025-10-26T20:20:05+00:00,1.0,22,False,False,False,True,False,0.0,0.008,0.036,0.66,0.0,False
16,8030,2025-10-26T21:15:03+00:00,1.0,22,False,True,True,True,False,0.034,0.054,0.054,0.141,0.0,False
16,8031,2025-10-26T22:10:07+00:00,1.0,22,False,False,False,False,False,0.0,0.054,0.054,0.054,0.016861111111111115,False
16,8032,2025-10-26T23:05:03+00:00,1.0,22,False,False,False,False,False,0.103,0.238,0.464,0.518,0.1420833333333333,True
16,8033,2025-10-27T00:00:05+00:00,1.0,22,False,False,True,True,True,0.091,0.859,0.871,0.895,0.601111111111111,True
16,8034,2025-10-27T00:55:02+00:00,1.0,22,True,True,True,True,False,0.092,0.691,0.96,0.989,1.3337777777777777,True
16,8035,2025-10-27T01:50:05+00:00,1.0,22,True,True,True,True,True,1.0,1.0,1.0,1.0,2.4016666666666664,True
16,8036,2025-10-27T02:45:03+00:00,1.0,22,False,False,False,False,False,0.0,0.0,0.034,0.123,0.7229166666666667,True
16,8037,2025-10-27T03:40:05+00:00,1.0,22,False,False,False,True,True,0.0,0.542,0.739,0.764,0.03319444444444444,False
16,8038,2025-10-27T04:35:03+00:00,1.0,13,False,True,True,True,True,0.006,0.71,0.822,0.825,0.0,False
16,8039,2025-10-27T05:30:05+00:00,1.0,2,False,False,False,False,False,0.0,0.005,0.018,0.018,0.15041666666666667,True
16,8040,2025-10-27T08:15:02+00:00,1.0,5,False,False,False,False,False,0.0,0.0,0.0,0.0,0.0,False
16,8041,2025-10-27T09:10:05+00:00,1.0,16,False,False,False,False,False,0.0,0.0,0.0,0.0,0.0,False
16,8042,2025-10-27T10:05:03+00:00,1.0,22,False,False,False,False,False,0.0,0.0,0.0,0.0,0.0,False
16,8043,2025-10-27T11:00:05+00:00,1.0,14,False,False,False,False,False,0.0,0.0,0.0,0.032,0.0,False
16,8044,2025-10-27T11:55:03+00:00,1.0,3,False,False,False,False,False,0.0,0.0,0.016,0.078,0.0,False
16,8045,2025-10-27T16:30:05+00:00,1.0,2,False,False,False,False,False,0.0,0.0,0.0,0.0,0.0,False
16,8046,2025-10-27T17:25:03+00:00,1.0,10,False,False,False,False,False,0.0,0.0,0.0,0.0,0.0,False
16,8047,2025-10-27T18:20:05+00:00,1.0,16,False,False,False,False,False,0.0,0.0,0.0,0.0,0.0,False
16,8048,2025-10-27T19:15:03+00:00,1.0,8,False,False,False,False,True,1.0,1.0,1.0,1.0,0.0,False
16,8049,2025-10-27T20:10:07+00:00,1.0,8,False,False,False,False,False,0.0,0.0,0.0,0.0,0.0,False
16,8050,2025-10-27T21:05:03+00:00,1.0,19,False,False,False,False,False,0.0,0.0,0.0,0.0,0.0,False
16,8051,2025-10-27T22:00:05+00:00,1.0,22,False,False,False,False,False,0.0,0.0,0.0,0.0,0.0,False
16,8052,2025-10-27T22:55:02+00:00,1.0,22,False,False,False,False,False,0.0,0.0,0.0,0.404,0.0,False
16,8053,2025-10-27T23:50:05+00:00,1.0,22,False,False,True,True,False,0.0,0.0,0.0,0.265,0.0,False
16,8054,2025-10-28T00:45:02+00:00,1.0,22,True,False,False,False,True,1.0,1.0,1.0,1.0,1.0507777777777776,True
16,8055,2025-10-28T01:40:05+00:00,1.0,22,False,True,True,True,True,1.0,1.0,1.0,1.0,3.1369444444444445,True
16,8056,2025-10-28T02:35:02+00:00,1.0,22,True,True,True,True,True,1.0,1.0,1.0,1.0,1.7228333333333332,True
16,8057,2025-10-28T03:30:05+00:00,1.0,13,True,True,True,True,True,1.0,1.0,1.0,1.0,0.04986111111111111,False
16,8058,2025-10-28T04:25:03+00:00,1.0,2,False,False,False,False,False,0.0,0.0,0.0,0.0,0.0,False
16,8059,2025-10-29T20:25:02+00:00,20.0,0,False,False,False,False,False,0.0,0.0,0.0,0.0,0.0,False
16,8060,2025-10-30T01:55:02+00:00,20.0,0,False,False,False,False,False,0.0,0.0,0.0,0.0,0.0,False
16,8061,2025-10-30T09:05:02+00:00,20.0,0,False,False,False,False,False,0.0,0.0,0.0,0.0,0.0,False
16,8062,2025-10-30T15:30:05+00:00,20.0,0,False,False,False,False,False,0.0,0.0,0.0,0.0,0.0,False
16,8063,2025-10-31T17:10:05+00:00,20.0,0,False,False,False,False,False,0.0,0.0,0.0,0.0,0.0,False
16,8064,2025-11-01T05:05:02+00:00,20.0,0,False,False,False,False,False,0.0,0.0,0.0,0.0,0.0,False
16,8065,2025-11-02T22:20:05+00:00,1.0,10,False,False,False,False,False,0.0,0.0,0.0,0.0,0.69875,True
16,8066,2025-11-02T23:15:03+00:00,1.0,15,False,False,False,False,True,0.0,0.0,0.405,0.61,0.15016666666666667,True
16,8067,2025-11-03T00:10:08+00:00,1.0,16,False,False,True,True,False,0.0,0.0,0.0,0.0,1.1275555555555554,True
16,8068,2025-11-03T01:05:02+00:00,1.0,22,True,True,True,True,True,1.0,1.0,1.0,1.0,4.7637777777777774,True
16,8069,2025-11-03T02:00:05+00:00,1.0,22,True,True,True,True,False,0.0,0.0,0.0,0.0,0.0,False
16,8070,2025-11-03T02:55:03+00:00,1.0,22,True,True,True,True,False,0.0,0.0,0.008,0.054,0.0,False
16,8071,2025-11-03T03:50:05+00:00,1.0,22,True,True,True,True,True,1.0,1.0,1.0,1.0,0.4173611111111111,True
16,8072,2025-11-03T04:45:02+00:00,1.0,22,True,True,True,True,True,1.0,1.0,1.0,1.0,0.12472222222222222,True
16,8073,2025-11-03T05:40:05+00:00,1.0,22,True,True,True,True,True,1.0,1.0,1.0,1.0,0.0,False
16,8074,2025-11-03T06:35:02+00:00,1.0,22,True,True,True,True,False,0.0,0.0,0.0,0.0,0.0,False
16,8075,2025-11-03T07:30:06+00:00,1.0,22,True,True,True,True,True,1.0,1.0,1.0,1.0,0.0,False
16,8076,2025-11-03T08:25:03+00:00,1.0,22,False,False,True,True,False,0.034,0.054,0.054,0.056,0.0,False
16,8077,2025-11-03T09:20:05+00:00,1.0,22,False,False,True,True,True,0.0,0.034,0.682,0.769,0.0,False
16,8078,2025-11-03T10:15:03+00:00,1.0,22,False,False,False,True,True,0.0,0.141,0.515,0.812,0.0,False
16,8079,2025-11-03T11:10:05+00:00,1.0,22,True,True,True,True,True,1.0,1.0,1.0,1.0,0.016805555555555553,False
16,8080,2025-11-03T12:05:02+00:00,1.0,22,False,True,True,True,True,1.0,1.0,1.0,1.0,0.09161111111111112,False
16,8081,2025-11-03T13:00:05+00:00,1.0,22,True,False,False,True,True,0.368,0.368,0.368,0.368,0.00611111111111109,False
16,8082,2025-11-03T13:55:03+00:00,1.0,22,False,False,True,True,False,0.0,0.046,0.046,0.046,4.037,True
16,8083,2025-11-03T14:50:05+00:00,1.0,22,True,True,True,True,False,0.0,0.0,0.0,0.054,0.7272222222222222,True
16,8084,2025-11-03T15:45:02+00:00,1.0,22,False,False,False,True,False,0.36,0.36,0.361,0.626,0.0,False
16,8085,2025-11-03T16:40:05+00:00,1.0,22,False,False,False,True,False,0.007,0.007,0.007,0.097,0.2004166666666667,True
16,8086,2025-11-03T17:35:03+00:00,1.0,22,True,True,True,True,True,0.0,0.054,0.339,0.339,1.8188333333333333,True
16,8087,2025-11-03T18:30:05+00:00,1.0,22,True,True,True,True,True,1.0,1.0,1.0,1.0,2.6994444444444445,True
16,8088,2025-11-03T19:25:02+00:00,1.0,22,True,True,True,True,True,1.0,1.0,1.0,1.0,1.8741666666666665,True
16,8089,2025-11-03T20:20:05+00:00,1.0,22,True,True,True,True,True,1.0,1.0,1.0,1.0,0.8995833333333333,True
16,8090,2025-11-03T21:15:03+00:00,1.0,22,True,True,True,True,True,0.54,0.689,0.826,0.89,0.5495,True
16,8091,2025-11-03T22:10:07+00:00,1.0,22,True,True,True,True,True,0.173,0.946,0.946,0.946,0.08313888888888889,False
16,8092,2025-11-03T23:05:03+00:00,1.0,22,False,False,False,False,True,0.299,0.313,0.506,0.716,0.0,False
16,8093,2025-11-04T00:00:05+00:00,1.0,11,False,False,False,False,False,0.0,0.0,0.0,0.0,0.0,False
16,8094,2025-11-04T15:35:02+00:00,20.0,0,False,False,False,False,False,0.0,0.0,0.0,0.0,0.0,False
16,8095,2025-11-07T08:35:03+00:00,1.0,11,False,False,False,False,False,0.0,0.0,0.0,0.026,0.04158333333333333,False
16,8096,2025-11-07T09:30:05+00:00,1.0,22,False,False,False,False,False,0.0,0.0,0.0,0.02,0.0,False
16,8097,2025-11-07T10:25:02+00:00,1.0,22,False,False,False,False,False,0.0,0.0,0.0,0.054,0.0,False
16,8098,2025-11-07T11:20:05+00:00,1.0,22,False,False,False,False,False,0.0,0.0,0.0,0.0,0.0,False
16,8099,2025-11-07T12:15:03+00:00,1.0,22,False,False,False,False,False,0.0,0.0,0.0,0.07,0.0,False
16,8100,2025-11-07T13:10:05+00:00,1.0,22,False,False,False,False,True,0.0,0.0,0.253,0.299,0.0,False
16,8101,2025-11-07T14:05:02+00:00,1.0,22,False,False,False,False,True,0.835,1.0,1.0,1.0,0.0,False
16,8102,2025-11-07T15:00:05+00:00,1.0,22,False,False,False,False,False,0.0,0.0,0.001,0.001,0.0,False
16,8103,2025-11-07T15:55:02+00:00,1.0,22,False,False,False,False,False,0.0,0.0,0.0,0.0,0.0,False
16,8104,2025-11-07T16:50:05+00:00,1.0,22,False,False,False,False,False,0.0,0.0,0.0,0.0,0.0,False
16,8105,2025-11-07T17:45:03+00:00,1.0,22,False,False,False,False,False,0.0,0.01,0.062,0.062,0.0,False
16,8106,2025-11-07T18:40:05+00:00,1.0,21,False,False,False,False,False,0.0,0.0,0.0,0.0,0.0,False
16,8107,2025-11-07T19:35:03+00:00,1.0,21,False,False,False,False,False,0.0,0.0,0.0,0.0,0.0,False
16,8108,2025-11-07T20:30:05+00:00,1.0,22,False,False,False,False,False,0.0,0.0,0.0,0.0,0.5013888888888889,True
16,8109,2025-11-07T21:25:03+00:00,1.0,22,False,False,False,True,False,0.0,0.017,0.054,0.458,1.04175,True
16,8110,2025-11-07T22:20:05+00:00,1.0,22,True,True,True,True,True,1.0,1.0,1.0,1.0,1.0330555555555556,True
16,8111,2025-11-07T23:15:03+00:00,1.0,22,True,True,True,True,True,1.0,1.0,1.0,1.0,1.5270833333333333,True
16,8112,2025-11-08T00:10:07+00:00,1.0,22,False,False,True,True,False,0.0,0.088,0.118,0.118,3.383138888888889,True
16,8113,2025-11-08T01:05:03+00:00,1.0,22,True,True,True,True,True,0.946,0.953,0.966,0.969,3.199,True
16,8114,2025-11-08T02:00:05+00:00,1.0,22,True,True,True,True,True,1.0,1.0,1.0,1.0,2.1008333333333336,True
16,8115,2025-11-08T02:55:03+00:00,1.0,22,True,True,True,True,True,0.107,0.753,0.811,0.821,2.6505,True
16,8116,2025-11-08T03:50:05+00:00,1.0,22,True,False,True,True,False,0.0,0.0,0.0,0.0,0.5297222222222222,True
16,8117,2025-11-08T04:45:02+00:00,1.0,22,False,False,False,False,True,1.0,1.0,1.0,1.0,0.1,True
16,8118,2025-11-08T05:40:05+00:00,1.0,22,False,True,True,True,False,0.0,0.0,0.0,0.0,1.3025000000000002,True
16,8119,2025-11-08T06:35:03+00:00,1.0,22,False,True,True,True,False,0.0,0.0,0.184,0.236,0.7900833333333332,True
16,8120,2025-11-08T07:30:05+00:00,1.0,22,True,False,False,True,False,0.0,0.0,0.207,0.207,0.0,False
16,8121,2025-11-08T08:25:02+00:00,1.0,22,False,True,True,True,False,0.0,0.0,0.046,0.046,0.0,False
16,8122,2025-11-08T09:20:05+00:00,1.0,22,False,True,True,True,False,0.0,0.004,0.038,0.681,0.0,False
16,8123,2025-11-08T10:15:02+00:00,1.0,22,False,False,False,True,False,0.0,0.034,0.389,0.415,0.0,False
16,8124,2025-11-08T11:10:05+00:00,1.0,22,True,True,True,True,True,1.0,1.0,1.0,1.0,0.38652777777777764,True
16,8125,2025-11-08T12:05:03+00:00,1.0,22,True,True,True,True,True,1.0,1.0,1.0,1.0,2.1821666666666664,True
16,8126,2025-11-08T13:00:05+00:00,1.0,22,False,True,True,True,False,0.0,0.0,0.0,0.0,0.89875,True
16,8127,2025-11-08T13:55:02+00:00,1.0,22,False,False,False,False,False,0.0,0.0,0.0,0.0,0.07450000000000001,False
16,8128,2025-11-08T14:50:05+00:00,1.0,22,False,False,False,False,False,0.0,0.0,0.0,0.0,0.0,False
16,8129,2025-11-08T15:45:03+00:00,1.0,22,False,False,False,False,False,0.0,0.0,0.0,0.0,0.0,False
16,8130,2025-11-08T16:40:05+00:00,1.0,22,False,False,False,False,False,0.0,0.0,0.0,0.0,0.0,False
16,8131,2025-11-08T17:35:02+00:00,1.0,22,False,False,False,False,False,0.0,0.0,0.0,0.0,0.0,False
16,8132,2025-11-08T18:30:05+00:00,1.0,22,False,False,False,False,False,0.0,0.0,0.02,0.046,0.0,False
16,8133,2025-11-08T19:25:03+00:00,1.0,22,False,False,False,False,False,0.0,0.0,0.0,0.207,0.0,False
16,8134,2025-11-08T20:20:05+00:00,1.0,22,False,False,False,False,False,0.0,0.0,0.0,0.0,0.0,False
16,8135,2025-11-08T21:15:02+00:00,1.0,22,False,False,False,False,False,0.0,0.0,0.0,0.0,0.0,False
16,8136,2025-11-08T22:10:07+00:00,1.0,22,False,False,False,False,False,0.0,0.0,0.0,0.02,0.0,False
16,8137,2025-11-08T23:05:03+00:00,1.0,22,False,False,False,False,False,0.0,0.0,0.0,0.244,0.0,False
16,8138,2025-11-09T00:00:05+00:00,1.0,22,False,False,True,True,False,0.0,0.025,0.039,0.039,0.0,False
16,8139,2025-11-09T00:55:03+00:00,1.0,22,True,True,True,True,True,1.0,1.0,1.0,1.0,0.0,False
16,8140,2025-11-09T01:50:05+00:00,1.0,22,True,True,True,True,True,1.0,1.0,1.0,1.0,0.0,False
16,8141,2025-11-09T02:45:03+00:00,1.0,22,True,True,True,True,True,1.0,1.0,1.0,1.0,0.0,False
16,8142,2025-11-09T03:40:05+00:00,1.0,22,True,True,True,True,True,1.0,1.0,1.0,1.0,0.0,False
16,8143,2025-11-09T04:35:03+00:00,1.0,22,True,True,True,True,True,1.0,1.0,1.0,1.0,0.0,False
16,8144,2025-11-09T05:30:05+00:00,1.0,22,True,True,True,True,False,0.0,0.0,0.0,0.0,0.0,False
16,8145,2025-11-09T06:25:02+00:00,1.0,22,True,True,True,True,True,1.0,1.0,1.0,1.0,0.0,False
16,8146,2025-11-09T07:20:05+00:00,1.0,22,False,False,False,False,False,0.0,0.0,0.244,0.244,0.0,False
16,8147,2025-11-09T08:15:02+00:00,1.0,22,False,False,False,False,False,0.0,0.0,0.0,0.011,0.0,False
16,8148,2025-11-09T09:10:05+00:00,1.0,22,False,False,False,False,False,0.0,0.0,0.0,0.0,0.0,False
16,8149,2025-11-09T10:05:03+00:00,1.0,22,False,False,False,False,False,0.0,0.0,0.0,0.0,0.0,False
16,8150,2025-11-09T11:00:05+00:00,1.0,22,False,False,False,False,False,0.0,0.0,0.0,0.033,0.0,False
16,8151,2025-11-09T11:55:03+00:00,1.0,22,False,False,False,False,False,0.0,0.0,0.0,0.038,0.0,False
16,8152,2025-11-09T12:50:05+00:00,1.0,22,False,False,False,False,False,0.0,0.061,0.475,0.523,0.0,False
16,8153,2025-11-09T13:45:03+00:00,1.0,22,False,False,False,False,False,0.0,0.044,0.47,0.501,0.0,False
16,8154,2025-11-09T14:40:05+00:00,1.0,22,False,False,False,False,False,0.0,0.054,0.282,0.299,0.6680555555555556,True
16,8155,2025-11-09T15:35:03+00:00,1.0,22,False,False,True,True,True,0.008,0.299,0.3,0.301,1.0584166666666668,True
16,8156,2025-11-09T16:30:05+00:00,1.0,22,False,False,False,True,False,0.0,0.0,0.297,0.574,3.005277777777778,True
16,8157,2025-11-09T17:25:02+00:00,1.0,22,True,True,True,True,True,1.0,1.0,1.0,1.0,3.3562777777777777,True
16,8158,2025-11-09T18:20:05+00:00,1.0,22,True,True,True,True,True,1.0,1.0,1.0,1.0,0.7983333333333332,True
16,8159,2025-11-09T19:15:02+00:00,1.0,22,True,True,True,True,True,1.0,1.0,1.0,1.0,0.050111111111111106,False
16,8160,2025-11-09T20:10:07+00:00,1.0,22,True,True,True,True,False,0.0,0.085,0.145,0.668,1.8861111111111115,True
16,8161,2025-11-09T21:05:03+00:00,1.0,22,True,True,True,True,True,0.622,0.63,0.779,0.815,9.3415,True
16,8162,2025-11-09T22:00:05+00:00,1.0,22,True,True,True,True,True,0.67,0.962,0.981,0.993,0.004722222222222205,False
16,8163,2025-11-09T22:55:03+00:00,1.0,22,True,True,True,True,True,1.0,1.0,1.0,1.0,3.1195,True
16,8164,2025-11-09T23:50:05+00:00,1.0,22,True,True,True,True,False,0.0,0.0,0.036,0.101,4.568611111111111,True
16,8165,2025-11-10T00:45:03+00:00,1.0,22,False,False,False,False,False,0.0,0.0,0.012,0.013,1.196,True
16,8166,2025-11-10T01:40:05+00:00,1.0,22,False,False,False,True,True,0.3,0.37,0.565,0.565,0.06680555555555556,False
16,8167,2025-11-10T02:35:03+00:00,1.0,22,False,True,True,True,True,1.0,1.0,1.0,1.0,0.1,True
16,8168,2025-11-10T03:30:05+00:00,1.0,22,False,False,False,False,False,0.0,0.0,0.0,0.227,0.1,True
16,8169,2025-11-10T04:25:02+00:00,1.0,22,False,False,True,True,False,0.0,0.0,0.0,0.0,1.2682222222222224,True
16,8170,2025-11-10T05:20:05+00:00,1.0,22,True,True,True,True,False,0.0,0.558,0.669,0.67,2.197083333333333,True
16,8171,2025-11-10T06:15:02+00:00,1.0,22,False,False,False,False,True,1.0,1.0,1.0,1.0,1.1758333333333333,True
16,8172,2025-11-10T07:10:05+00:00,1.0,22,False,False,False,True,False,0.0,0.0,0.0,0.0,2.2159722222222222,True
16,8173,2025-11-10T08:05:02+00:00,1.0,22,True,True,True,True,True,1.0,1.0,1.0,1.0,1.9426111111111113,True
16,8174,2025-11-10T09:00:05+00:00,1.0,22,True,True,True,True,False,0.109,0.141,0.146,0.146,3.4968055555555555,True
16,8175,2025-11-10T09:55:03+00:00,1.0,22,False,True,True,True,False,0.0,0.0,0.862,0.919,1.38975,True
16,8176,2025-11-10T10:50:05+00:00,1.0,22,True,True,True,True,True,1.0,1.0,1.0,1.0,0.3652777777777778,True
16,8177,2025-11-10T11:45:03+00:00,1.0,22,True,True,True,True,True,1.0,1.0,1.0,1.0,0.2,True
16,8178,2025-11-10T12:40:05+00:00,1.0,22,False,False,False,False,False,0.0,0.0,0.0,0.001,0.06638888888888889,False
16,8179,2025-11-10T13:35:02+00:00,1.0,22,False,False,False,False,True,0.0,0.156,0.354,0.384,1.2261666666666668,True
16,8180,2025-11-10T14:30:05+00:00,1.0,22,False,False,False,False,False,0.0,0.0,0.054,0.054,1.0470833333333334,True
16,8181,2025-11-10T15:25:03+00:00,1.0,22,False,False,False,False,False,0.0,0.0,0.034,0.226,0.0,False
16,8182,2025-11-10T16:20:05+00:00,1.0,22,False,False,False,False,False,0.0,0.0,0.0,0.0,0.03347222222222223,False
16,8183,2025-11-10T17:15:03+00:00,1.0,22,False,False,False,False,False,0.0,0.0,0.003,0.108,0.15016666666666667,True
16,8184,2025-11-10T18:10:07+00:00,1.0,22,False,False,False,False,False,0.0,0.065,0.089,0.089,0.2662777777777778,True
16,8185,2025-11-10T19:05:02+00:00,1.0,20,False,False,False,False,False,0.0,0.0,0.0,0.0,0.1,True
16,8186,2025-11-10T20:00:06+00:00,1.0,9,False,False,False,False,True,0.0,0.74,0.742,0.742,0.09983333333333333,False
16,8187,2025-11-14T02:00:05+00:00,20.0,0,False,False,False,False,False,0.0,0.0,0.0,0.0,0.0,False
16,8188,2025-11-14T02:55:03+00:00,20.0,0,False,False,False,False,False,0.0,0.0,0.0,0.0,0.0,False
16,8189,2025-11-14T23:05:03+00:00,20.0,0,False,False,False,False,False,0.0,0.0,0.0,0.0,0.0,False
16,8190,2025-11-16T10:50:05+00:00,20.0,0,False,False,False,False,False,0.0,0.0,0.0,0.0,0.0,False
16,8191,2025-11-17T03:20:05+00:00,1.0,7,False,False,False,False,False,0.0,0.0,0.0,0.0,0.0,False
16,8192,2025-11-17T04:15:03+00:00,1.0,18,False,False,False,False,False,0.0,0.0,0.0,0.0,0.0,False
16,8193,2025-11-17T05:10:05+00:00,1.0,22,False,False,False,True,False,0.0,0.0,0.0,0.0,0.0,False
16,8194,2025-11-17T06:05:03+00:00,1.0,22,False,False,True,True,False,0.0,0.0,0.0,0.0,0.0,False
16,8195,2025-11-17T07:00:05+00:00,1.0,22,False,True,True,True,False,0.0,0.0,0.0,0.0,0.0,False
16,8196,2025-11-17T07:55:02+00:00,1.0,22,False,True,True,True,True,0.161,0.655,0.709,0.709,0.0,False
16,8197,2025-11-17T08:50:05+00:00,1.0,22,False,False,False,False,False,0.0,0.253,0.509,0.518,0.0,False
16,8198,2025-11-17T09:45:02+00:00,1.0,22,False,False,False,False,False,0.0,0.0,0.003,0.003,0.0,False
16,8199,2025-11-17T10:40:05+00:00,1.0,22,False,False,False,False,False,0.0,0.0,0.008,0.008,0.0,False
16,8200,2025-11-17T11:35:02+00:00,1.0,22,False,False,False,False,True,0.0,0.856,0.861,0.861,0.0,False
16,8201,2025-11-17T12:30:05+00:00,1.0,22,False,False,False,False,False,0.0,0.024,0.065,0.348,0.0,False
16,8202,2025-11-17T13:25:03+00:00,1.0,22,False,False,True,True,False,0.0,0.0,0.0,0.008,0.0,False
16,8203,2025-11-17T14:20:06+00:00,1.0,22,True,True,True,True,False,0.0,0.0,0.055,0.056,0.0,False
16,8204,2025-11-17T15:15:03+00:00,1.0,22,False,False,False,False,True,0.0,0.261,0.753,0.753,0.0,False
16,8205,2025-11-17T16:10:08+00:00,1.0,22,False,False,False,False,False,0.0,0.0,0.0,0.037,0.0,False
16,8206,2025-11-17T17:05:03+00:00,1.0,22,False,False,False,False,False,0.014,0.034,0.126,0.605,0.0,False
16,8207,2025-11-17T18:00:05+00:00,1.0,22,False,False,False,False,False,0.0,0.035,0.354,0.598,0.0,False
16,8208,2025-11-17T18:55:02+00:00,1.0,22,False,False,False,False,False,0.0,0.057,0.06,0.06,0.0,False
16,8209,2025-11-17T19:50:05+00:00,1.0,22,False,False,False,False,False,0.008,0.054,0.105,0.139,0.0,False
16,8210,2025-11-17T20:45:03+00:00,1.0,22,False,False,False,False,False,0.0,0.0,0.0,0.0,0.0,False
16,8211,2025-11-17T21:40:05+00:00,1.0,22,False,False,False,False,True,0.338,0.6,0.6,0.6,0.0,False
16,8212,2025-11-17T22:35:03+00:00,1.0,22,False,False,False,False,False,0.0,0.0,0.0,0.046,0.17525000000000002,True
16,8213,2025-11-17T23:30:05+00:00,1.0,22,False,False,False,True,False,0.0,0.037,0.4,0.606,0.2498611111111111,True
16,8214,2025-11-18T00:25:03+00:00,1.0,22,False,True,True,True,True,0.562,0.633,0.728,0.852,0.367,True
16,8215,2025-11-18T01:20:05+00:00,1.0,22,True,True,True,True,True,1.0,1.0,1.0,1.0,1.7715277777777778,True
16,8216,2025-11-18T02:15:02+00:00,1.0,22,False,False,True,True,False,0.0,0.02,0.765,0.861,3.198,True
16,8217,2025-11-18T03:10:05+00:00,1.0,22,False,False,False,True,True,1.0,1.0,1.0,1.0,1.5419444444444441,True
16,8218,2025-11-18T04:05:03+00:00,1.0,22,False,True,True,True,False,0.0,0.293,0.395,0.754,6.2370833333333335,True
16,8219,2025-11-18T05:00:05+00:00,1.0,22,False,True,True,True,True,0.0,0.227,0.302,0.407,1.1984722222222222,True
16,8220,2025-11-18T05:55:02+00:00,1.0,22,True,False,True,True,False,0.0,0.19,0.574,0.636,0.19105555555555556,True
16,8221,2025-11-18T06:50:05+00:00,1.0,22,False,True,True,True,False,0.0,0.0,0.268,0.438,0.26694444444444443,True
16,8222,2025-11-18T07:45:03+00:00,1.0,22,False,False,True,True,True,0.0,0.647,0.838,0.912,0.07475,False
16,8223,2025-11-18T08:40:06+00:00,1.0,22,False,True,True,True,True,0.0,0.01,0.711,0.748,0.0,False
16,8224,2025-11-18T09:35:03+00:00,1.0,22,True,True,True,True,True,1.0,1.0,1.0,1.0,0.0,False
16,8225,2025-11-18T10:30:05+00:00,1.0,22,True,False,False,True,False,0.0,0.375,0.62,0.707,0.0,False
16,8226,2025-11-18T11:25:03+00:00,1.0,22,True,True,True,True,True,1.0,1.0,1.0,1.0,0.9185,True
16,8227,2025-11-18T12:20:05+00:00,1.0,22,True,True,True,True,True,0.505,0.706,0.838,0.838,1.4970833333333333,True
16,8228,2025-11-18T13:15:02+00:00,1.0,22,True,True,True,True,True,0.0,0.829,0.968,0.972,0.2753888888888889,True
16,8229,2025-11-18T14:10:07+00:00,1.0,22,True,True,True,True,True,0.059,0.47,0.597,0.597,0.9348888888888889,True
16,8230,2025-11-18T15:05:03+00:00,1.0,22,True,True,True,True,True,1.0,1.0,1.0,1.0,2.2565,True
16,8231,2025-11-18T16:00:05+00:00,1.0,22,True,True,True,True,False,0.0,0.008,0.271,0.496,9.404166666666667,True
16,8232,2025-11-18T16:55:02+00:00,1.0,22,True,True,True,True,False,0.0,0.0,0.0,0.02,12.151666666666666,True
16,8233,2025-11-18T17:50:04+00:00,1.0,22,False,False,False,False,False,0.0,0.0,0.0,0.026,2.052888888888889,True
16,8234,2025-11-18T18:45:03+00:00,1.0,22,False,False,False,False,False,0.0,0.0,0.408,0.453,0.0,False
16,8235,2025-11-18T19:40:05+00:00,1.0,22,False,False,False,False,False,0.0,0.0,0.0,0.0,0.0,False
16,8236,2025-11-18T20:35:03+00:00,1.0,22,False,False,False,False,False,0.0,0.0,0.008,0.098,0.0,False
16,8237,2025-11-18T21:30:05+00:00,1.0,22,False,False,False,False,False,0.0,0.0,0.66,0.733,0.0,False
16,8238,2025-11-18T22:25:02+00:00,1.0,22,False,False,False,False,True,0.108,0.648,0.735,0.78,0.0,False
16,8239,2025-11-18T23:20:05+00:00,1.0,18,False,False,False,False,True,0.0,0.654,0.661,0.681,0.0,False
16,8240,2025-11-19T00:15:03+00:00,1.0,18,False,False,False,True,False,0.0,0.0,0.0,0.0,0.0,False
16,8241,2025-11-19T01:10:05+00:00,1.0,22,True,True,True,True,False,0.0,0.0,0.0,0.487,0.0,False
16,8242,2025-11-19T02:05:03+00:00,1.0,22,True,True,True,True,True,0.323,0.323,0.805,0.948,0.0,False
16,8243,2025-11-19T03:00:05+00:00,1.0,14,True,True,True,True,True,1.0,1.0,1.0,1.0,0.0,False
16,8244,2025-11-19T03:55:03+00:00,1.0,9,False,True,True,True,False,0.0,0.0,0.0,0.0,0.0,False
16,8245,2025-11-19T04:50:05+00:00,1.0,17,True,True,True,True,True,1.0,1.0,1.0,1.0,0.0,False
16,8246,2025-11-19T05:45:03+00:00,1.0,22,True,True,True,True,False,0.0,0.026,0.046,0.102,0.0,False
16,8247,2025-11-19T06:40:05+00:00,1.0,22,True,True,True,True,True,1.0,1.0,1.0,1.0,0.0,False
16,8248,2025-11-19T07:35:02+00:00,1.0,22,True,True,True,True,True,1.0,1.0,1.0,1.0,0.0,False
16,8249,2025-11-19T08:30:05+00:00,1.0,22,True,True,True,True,True,1.0,1.0,1.0,1.0,0.0,False
16,8250,2025-11-19T09:25:02+00:00,1.0,22,True,True,True,True,True,1.0,1.0,1.0,1.0,0.0,False
16,8251,2025-11-19T10:20:05+00:00,1.0,22,True,True,True,True,True,1.0,1.0,1.0,1.0,0.0,False
16,8252,2025-11-19T11:15:03+00:00,1.0,22,True,True,True,True,True,1.0,1.0,1.0,1.0,0.0,False
16,8253,2025-11-19T12:10:07+00:00,1.0,22,False,False,False,False,True,1.0,1.0,1.0,1.0,0.0,False
16,8254,2025-11-19T13:05:03+00:00,1.0,22,False,False,False,False,False,0.06,0.072,0.072,0.072,0.0,False
16,8255,2025-11-19T14:00:06+00:00,1.0,14,False,False,False,False,False,0.0,0.0,0.0,0.0,0.0,False
16,8256,2025-11-19T14:55:03+00:00,1.0,3,False,False,False,False,False,0.0,0.0,0.0,0.0,0.0,False
16,8257,2025-11-19T18:35:03+00:00,1.0,7,True,True,True,True,False,0.0,0.0,0.0,0.0,0.05841666666666667,False
16,8258,2025-11-19T19:30:05+00:00,1.0,15,False,False,False,False,False,0.0,0.0,0.0,0.0,0.04986111111111111,False
16,8259,2025-11-19T20:25:02+00:00,1.0,19,False,False,False,False,False,0.0,0.0,0.054,0.056,0.0,False
16,8260,2025-11-19T21:20:05+00:00,1.0,22,False,False,True,True,False,0.0,0.0,0.0,0.0,0.0,False
16,8261,2025-11-19T22:15:03+00:00,1.0,22,False,False,False,False,False,0.0,0.0,0.0,0.0,0.12541666666666668,True
16,8262,2025-11-19T23:10:05+00:00,1.0,22,False,False,False,False,False,0.0,0.0,0.722,0.888,0.41597222222222224,True
16,8263,2025-11-20T00:05:03+00:00,1.0,22,False,False,False,False,False,0.0,0.0,0.0,0.1,0.0,False
16,8264,2025-11-20T01:00:05+00:00,1.0,22,False,False,False,False,False,0.0,0.0,0.0,0.252,0.0,False
16,8265,2025-11-20T01:55:02+00:00,1.0,20,False,False,False,False,False,0.0,0.0,0.0,0.0,0.0,False
16,8266,2025-11-20T02:50:05+00:00,1.0,18,False,False,False,False,False,0.0,0.0,0.0,0.0,0.0,False
16,8267,2025-11-20T03:45:02+00:00,1.0,20,False,False,False,False,True,0.439,0.701,0.701,0.701,0.0,False
16,8268,2025-11-20T04:40:05+00:00,1.0,22,False,False,False,False,False,0.0,0.109,0.109,0.116,0.0,False
16,8269,2025-11-20T05:35:02+00:00,1.0,22,False,False,False,False,False,0.0,0.0,0.17,0.612,0.0,False
16,8270,2025-11-20T06:30:05+00:00,1.0,22,False,False,False,False,True,0.0,0.647,0.666,0.669,0.0,False
16,8271,2025-11-20T07:25:03+00:00,1.0,17,False,False,False,False,False,0.054,0.054,0.054,0.054,0.37575,True
16,8272,2025-11-20T08:20:05+00:00,1.0,6,False,False,False,False,False,0.0,0.0,0.0,0.0,1.1343055555555557,True
16,8273,2025-11-20T12:00:05+00:00,20.0,0,False,True,True,True,False,0.0,0.0,0.0,0.0,0.0,False
16,8274,2025-11-20T14:45:03+00:00,1.0,2,False,False,False,False,False,0.0,0.0,0.0,0.0,0.0,False
16,8275,2025-11-20T15:40:05+00:00,1.0,7,False,False,False,False,False,0.0,0.0,0.0,0.0,0.0,False
16,8276,2025-11-20T16:35:02+00:00,1.0,5,False,False,False,False,False,0.0,0.0,0.0,0.0,0.0,False
16,8277,2025-11-20T17:30:05+00:00,1.0,4,False,False,False,False,False,0.0,0.0,0.0,0.0,0.0,False
16,8278,2025-11-20T18:25:03+00:00,1.0,15,False,False,False,False,False,0.0,0.0,0.0,0.0,0.0,False
16,8279,2025-11-20T19:20:05+00:00,1.0,22,False,False,False,False,False,0.0,0.0,0.0,0.0,0.0,False
16,8280,2025-11-20T20:15:03+00:00,1.0,22,False,False,False,False,False,0.0,0.0,0.0,0.0,0.0,False
16,8281,2025-11-20T21:10:05+00:00,1.0,22,False,False,False,False,False,0.0,0.112,0.318,0.328,0.0,False
16,8282,2025-11-20T22:05:03+00:00,1.0,22,False,False,False,False,False,0.0,0.0,0.002,0.049,0.0,False
16,8283,2025-11-20T23:00:05+00:00,1.0,22,False,False,False,True,False,0.0,0.0,0.008,0.02,0.0,False
16,8284,2025-11-20T23:55:02+00:00,1.0,22,True,True,True,True,True,1.0,1.0,1.0,1.0,0.0,False
16,8285,2025-11-21T00:50:05+00:00,1.0,22,False,False,False,True,False,0.0,0.0,0.002,0.002,0.08347222222222223,False
16,8286,2025-11-21T01:45:02+00:00,1.0,22,True,True,True,True,False,0.0,0.071,0.299,0.582,2.2015555555555553,True
16,8287,2025-11-21T02:40:05+00:00,1.0,22,True,True,True,True,True,1.0,1.0,1.0,1.0,0.9626388888888888,True
16,8288,2025-11-21T03:35:03+00:00,1.0,22,False,False,False,False,True,0.0,0.0,0.61,0.61,0.0,False
16,8289,2025-11-21T04:30:05+00:00,1.0,22,False,False,False,True,False,0.0,0.0,0.0,0.0,0.0,False
16,8290,2025-11-21T05:25:03+00:00,1.0,22,False,False,False,False,False,0.0,0.0,0.0,0.0,0.0,False
16,8291,2025-11-21T06:20:05+00:00,1.0,22,False,False,False,False,False,0.0,0.0,0.003,0.003,0.0,False
16,8292,2025-11-21T07:15:02+00:00,1.0,22,False,False,False,False,False,0.0,0.0,0.209,0.246,0.0,False
16,8293,2025-11-21T08:10:08+00:00,1.0,22,False,False,False,False,False,0.0,0.0,0.0,0.252,0.0,False
16,8294,2025-11-21T09:05:03+00:00,1.0,22,False,False,False,False,False,0.0,0.0,0.0,0.034,0.0,False
16,8295,2025-11-21T10:00:06+00:00,1.0,22,False,False,False,False,False,0.0,0.0,0.371,0.463,0.0,False
16,8296,2025-11-21T13:45:03+00:00,1.0,22,False,False,False,False,False,0.0,0.0,0.003,0.003,0.0,False
16,8297,2025-11-21T14:40:05+00:00,1.0,22,False,False,False,False,True,0.435,0.897,0.902,0.931,0.0,False
16,8298,2025-11-21T15:35:02+00:00,1.0,22,False,False,False,False,False,0.0,0.0,0.0,0.0,0.0,False
16,8299,2025-11-21T16:30:05+00:00,1.0,22,False,True,True,True,False,0.0,0.0,0.034,0.124,0.0,False
16,8300,2025-11-21T18:55:03+00:00,1.0,22,False,True,True,True,True,0.757,0.791,0.879,0.892,0.15775,True
16,8301,2025-11-21T19:50:05+00:00,1.0,14,False,False,False,False,False,0.0,0.009,0.027,0.264,0.016527777777777777,False
16,8302,2025-11-21T20:45:02+00:00,1.0,3,False,False,False,False,False,0.0,0.0,0.0,0.0,0.0,False
16,8303,2025-11-21T21:40:05+00:00,1.0,5,False,False,False,False,False,0.0,0.0,0.0,0.0,0.0,False
16,8304,2025-11-21T22:35:02+00:00,1.0,16,False,False,False,False,False,0.0,0.0,0.0,0.0,0.0,False
16,8305,2025-11-21T23:30:05+00:00,1.0,22,False,False,False,False,False,0.0,0.0,0.0,0.0,0.0,False
16,8306,2025-11-22T00:25:02+00:00,1.0,22,False,True,True,True,True,1.0,1.0,1.0,1.0,0.0,False
16,8307,2025-11-22T01:20:05+00:00,1.0,22,False,False,False,False,False,0.0,0.0,0.0,0.0,0.0,False
16,8308,2025-11-22T02:15:02+00:00,1.0,22,False,False,True,True,True,0.793,0.974,0.974,0.975,0.0,False
16,8309,2025-11-22T03:10:05+00:00,1.0,22,True,False,False,True,False,0.0,0.0,0.142,0.165,0.13444444444444442,True
16,8310,2025-11-22T04:05:02+00:00,1.0,22,True,True,True,True,False,0.0,0.0,0.0,0.0,0.7664444444444445,True
16,8311,2025-11-22T05:00:05+00:00,1.0,22,False,False,False,False,False,0.0,0.548,0.733,0.733,0.3994444444444445,True
16,8312,2025-11-22T05:55:02+00:00,1.0,22,False,False,False,False,False,0.0,0.0,0.014,0.014,0.03311111111111111,False
16,8313,2025-11-22T06:50:05+00:00,1.0,22,False,False,False,True,False,0.0,0.0,0.0,0.0,0.0,False
16,8314,2025-11-22T07:45:03+00:00,1.0,22,True,True,True,True,False,0.0,0.0,0.0,0.0,0.15016666666666667,True
16,8315,2025-11-22T08:40:05+00:00,1.0,22,False,True,True,True,False,0.0,0.088,0.136,0.346,1.736527777777778,True
16,8316,2025-11-22T09:35:03+00:00,1.0,22,False,False,False,False,False,0.0,0.0,0.0,0.244,1.1564166666666666,True
16,8317,2025-11-22T10:30:05+00:00,1.0,22,False,True,True,True,False,0.0,0.0,0.1,0.1,0.1498611111111111,True
16,8318,2025-11-22T11:25:03+00:00,1.0,22,True,True,True,True,True,1.0,1.0,1.0,1.0,0.3505,True
16,8319,2025-11-22T12:20:05+00:00,1.0,22,True,True,True,True,True,1.0,1.0,1.0,1.0,0.6330555555555555,True
16,8320,2025-11-22T13:15:02+00:00,1.0,22,True,False,False,True,False,0.0,0.0,0.0,0.054,0.6753888888888888,True
16,8321,2025-11-22T14:10:07+00:00,1.0,22,True,True,True,True,True,1.0,1.0,1.0,1.0,1.5372222222222223,True
16,8322,2025-11-22T15:05:02+00:00,1.0,22,True,True,True,True,True,1.0,1.0,1.0,1.0,3.208388888888889,True
16,8323,2025-11-22T16:00:05+00:00,1.0,22,True,True,True,True,True,1.0,1.0,1.0,1.0,3.29625,True
16,8324,2025-11-22T16:55:03+00:00,1.0,22,True,True,True,True,True,0.755,0.803,0.804,0.852,0.82275,True
16,8325,2025-11-22T17:50:05+00:00,1.0,22,False,False,False,True,True,0.054,0.054,0.466,0.526,3.8554166666666667,True
16,8326,2025-11-22T18:45:03+00:00,1.0,22,True,True,True,True,True,1.0,1.0,1.0,1.0,1.2714166666666666,True
16,8327,2025-11-22T19:40:05+00:00,1.0,22,False,False,False,False,False,0.069,0.098,0.098,0.098,0.8680555555555556,True
16,8328,2025-11-22T20:35:02+00:00,1.0,22,False,False,False,False,False,0.0,0.0,0.252,0.403,0.4993333333333333,True
16,8329,2025-11-22T21:30:05+00:00,1.0,22,False,False,False,False,False,0.0,0.0,0.0,0.0,0.10027777777777779,True
16,8330,2025-11-22T22:25:03+00:00,1.0,22,False,False,False,True,False,0.0,0.153,0.308,0.325,0.1165,True
16,8331,2025-11-22T23:20:05+00:00,1.0,22,False,True,True,True,False,0.0,0.0,0.0,0.0,0.0,False
16,8332,2025-11-23T00:15:02+00:00,1.0,22,True,True,True,True,True,0.144,1.0,1.0,1.0,0.45099999999999996,True
16,8333,2025-11-23T01:10:05+00:00,1.0,22,True,True,True,True,True,1.0,1.0,1.0,1.0,1.4975,True
16,8334,2025-11-23T02:05:02+00:00,1.0,22,False,True,True,True,False,0.0,0.0,0.008,0.213,0.0,False
16,8335,2025-11-23T03:00:05+00:00,1.0,22,False,False,False,False,False,0.0,0.0,0.0,0.0,0.0004166666666666652,False
16,8336,2025-11-23T03:55:03+00:00,1.0,22,False,False,False,False,False,0.0,0.0,0.158,0.636,0.27525,True
16,8337,2025-11-23T04:50:05+00:00,1.0,22,False,True,True,True,False,0.0,0.0,0.246,0.246,4.724027777777778,True
16,8338,2025-11-23T05:45:02+00:00,1.0,22,True,True,True,True,True,1.0,1.0,1.0,1.0,2.672833333333333,True
16,8339,2025-11-23T06:40:05+00:00,1.0,22,False,False,True,True,True,0.445,0.522,0.655,0.797,1.6331944444444444,True
16,8340,2025-11-23T07:35:03+00:00,1.0,22,True,True,True,True,True,1.0,1.0,1.0,1.0,0.9574166666666667,True
16,8341,2025-11-23T08:30:05+00:00,1.0,22,True,True,True,True,True,1.0,1.0,1.0,1.0,0.24930555555555556,True
16,8342,2025-11-23T09:25:02+00:00,1.0,22,False,False,False,False,False,0.0,0.0,0.154,0.251,0.04172222222222223,False
16,8343,2025-11-23T10:20:05+00:00,1.0,22,False,False,False,True,False,0.0,0.0,0.02,0.261,0.2004166666666667,True
16,8344,2025-11-23T11:15:03+00:00,1.0,22,True,True,True,True,True,1.0,1.0,1.0,1.0,0.5003333333333334,True
16,8345,2025-11-23T12:10:07+00:00,1.0,21,True,True,True,True,True,1.0,1.0,1.0,1.0,0.7325555555555555,True
16,8346,2025-11-23T13:05:03+00:00,1.0,10,True,True,True,True,False,0.0,0.0,0.082,0.211,0.3663333333333334,True
16,8347,2025-11-23T14:55:03+00:00,20.0,0,True,False,False,True,True,1.0,1.0,1.0,1.0,0.0,False
16,8348,2025-11-23T15:50:05+00:00,1.0,10,False,True,True,True,False,0.0,0.0,0.0,0.002,0.0,False
16,8349,2025-11-23T16:45:03+00:00,1.0,15,False,False,False,False,False,0.0,0.0,0.0,0.0,0.0,False
16,8350,2025-11-23T17:40:05+00:00,1.0,6,False,False,False,False,False,0.0,0.0,0.0,0.0,0.0,False
16,8351,2025-11-23T18:35:03+00:00,1.0,5,False,False,False,False,False,0.0,0.0,0.0,0.0,0.0,False
16,8352,2025-11-23T19:30:05+00:00,1.0,6,False,False,False,False,False,0.0,0.0,0.0,0.0,0.0,False
16,8353,2025-11-23T20:25:03+00:00,1.0,5,False,False,False,False,False,0.0,0.0,0.0,0.004,0.0,False
16,8354,2025-11-23T21:20:05+00:00,1.0,3,False,False,False,False,False,0.0,0.0,0.0,0.0,0.0,False
16,8355,2025-11-24T12:40:05+00:00,1.0,19,False,False,False,False,False,0.0,0.0,0.0,0.0,0.16680555555555557,True
16,8356,2025-11-24T13:35:03+00:00,1.0,22,False,False,False,False,False,0.0,0.0,0.0,0.0,0.14158333333333334,True
16,8357,2025-11-24T14:30:05+00:00,1.0,22,False,False,False,False,False,0.0,0.0,0.0,0.0,0.1,True
16,8358,2025-11-24T15:25:02+00:00,1.0,22,False,False,False,False,False,0.0,0.0,0.0,0.0,0.3086111111111111,True
16,8359,2025-11-24T16:20:05+00:00,1.0,22,False,False,False,False,False,0.0,0.0,0.0,0.0,0.49958333333333327,True
16,8360,2025-11-24T17:15:02+00:00,1.0,22,False,False,False,False,False,0.0,0.0,0.0,0.0,0.8512222222222222,True
16,8361,2025-11-24T18:10:07+00:00,1.0,22,False,False,False,False,False,0.0,0.0,0.207,0.45,2.4662777777777776,True
16,8362,2025-11-24T19:05:02+00:00,1.0,22,False,False,False,False,False,0.0,0.0,0.003,0.005,2.492944444444444,True
16,8363,2025-11-24T20:00:05+00:00,1.0,22,False,False,False,False,True,0.0,0.0,0.462,0.649,4.603333333333333,True
16,8364,2025-11-24T20:55:03+00:00,1.0,22,False,False,True,True,False,0.0,0.0,0.012,0.048,6.802,True
16,8365,2025-11-24T21:50:06+00:00,1.0,22,False,True,True,True,True,0.0,0.11,0.785,0.796,8.67,True
16,8366,2025-11-24T22:45:03+00:00,1.0,22,True,True,True,True,True,0.161,0.6,0.622,0.622,2.392666666666667,True
16,8367,2025-11-24T23:40:05+00:00,1.0,22,True,True,True,True,True,1.0,1.0,1.0,1.0,1.736527777777778,True
16,8368,2025-11-25T00:35:02+00:00,1.0,22,False,True,True,True,True,1.0,1.0,1.0,1.0,3.8429444444444445,True
16,8369,2025-11-25T01:30:05+00:00,1.0,22,False,False,False,False,False,0.0,0.0,0.681,0.681,2.844583333333333,True
16,8370,2025-11-25T02:25:03+00:00,1.0,22,False,True,True,True,False,0.0,0.0,0.0,0.0,0.60775,True
16,8371,2025-11-25T03:20:05+00:00,1.0,22,False,True,True,True,False,0.0,0.0,0.0,0.0,0.13305555555555557,True
16,8372,2025-11-25T04:15:02+00:00,1.0,22,False,True,True,True,False,0.0,0.0,0.001,0.002,0.0,False
16,8373,2025-11-25T05:10:05+00:00,1.0,22,True,True,True,True,True,0.299,0.299,0.299,0.363,0.0,False
16,8374,2025-11-25T06:05:03+00:00,1.0,22,False,False,False,False,False,0.054,0.054,0.054,0.054,0.0,False
16,8375,2025-11-25T07:00:05+00:00,1.0,22,False,False,False,False,True,1.0,1.0,1.0,1.0,0.0,False
16,8376,2025-11-25T09:45:03+00:00,1.0,22,False,True,True,True,False,0.0,0.0,0.0,0.038,0.0,False
16,8377,2025-11-25T10:40:06+00:00,1.0,22,False,False,False,False,False,0.0,0.0,0.0,0.091,0.0,False
16,8378,2025-11-25T11:35:03+00:00,1.0,22,False,False,False,False,False,0.0,0.0,0.0,0.046,0.0,False
16,8379,2025-11-25T12:30:05+00:00,1.0,22,False,False,False,False,False,0.0,0.0,0.0,0.008,0.0,False
16,8380,2025-11-25T13:25:03+00:00,1.0,22,False,False,False,False,False,0.0,0.0,0.056,0.095,0.0,False
16,8381,2025-11-25T14:20:05+00:00,1.0,22,False,False,False,False,False,0.0,0.0,0.128,0.491,0.0,False
16,8382,2025-11-25T15:15:03+00:00,1.0,22,False,False,False,False,False,0.0,0.0,0.649,0.738,0.0,False
16,8383,2025-11-25T16:10:07+00:00,1.0,22,False,False,False,False,False,0.0,0.0,0.002,0.004,0.0,False
16,8384,2025-11-25T17:05:02+00:00,1.0,22,False,False,False,False,False,0.0,0.0,0.004,0.005,0.0,False
16,8385,2025-11-25T18:00:05+00:00,1.0,22,False,False,False,False,False,0.0,0.0,0.163,0.386,0.0,False
16,8386,2025-11-25T18:55:03+00:00,1.0,22,False,False,False,False,False,0.0,0.0,0.001,0.001,0.0,False
16,8387,2025-11-25T19:50:05+00:00,1.0,22,False,False,False,False,False,0.012,0.032,0.043,0.052,0.0,False
16,8388,2025-11-25T20:45:03+00:00,1.0,22,False,False,False,False,False,0.0,0.091,0.246,0.261,0.0,False
16,8389,2025-11-25T21:40:05+00:00,1.0,22,False,False,False,True,True,0.959,0.959,0.959,0.963,0.0,False
16,8390,2025-11-25T22:35:02+00:00,1.0,22,True,True,True,True,True,0.123,0.307,0.455,0.481,0.0,False
16,8391,2025-11-25T23:30:05+00:00,1.0,22,True,True,True,True,True,1.0,1.0,1.0,1.0,0.0,False
16,8392,2025-11-26T00:25:03+00:00,1.0,22,False,True,True,True,True,1.0,1.0,1.0,1.0,1.336,True
16,8393,2025-11-26T01:20:05+00:00,1.0,22,True,True,True,True,False,0.0,0.0,0.07,0.244,2.697916666666667,True
16,8394,2025-11-26T02:15:02+00:00,1.0,22,True,True,True,True,True,1.0,1.0,1.0,1.0,1.8753888888888888,True
16,8395,2025-11-26T03:10:05+00:00,1.0,22,True,True,True,True,True,1.0,1.0,1.0,1.0,2.1479166666666667,True
16,8396,2025-11-26T04:05:03+00:00,1.0,17,False,False,False,False,False,0.0,0.054,0.054,0.054,0.82425,True
16,8397,2025-11-26T06:10:07+00:00,1.0,22,False,False,False,False,False,0.0,0.0,0.0,0.0,0.0,False
16,8398,2025-11-26T07:05:02+00:00,1.0,18,False,False,False,False,False,0.0,0.0,0.0,0.0,0.0,False
16,8399,2025-11-26T08:00:05+00:00,1.0,7,False,False,False,False,False,0.0,0.0,0.0,0.0,0.0,False
16,8400,2025-11-26T16:15:03+00:00,1.0,7,False,False,False,False,False,0.0,0.0,0.091,0.299,0.0,False
16,8401,2025-11-26T17:10:05+00:00,1.0,18,False,False,False,False,False,0.0,0.0,0.0,0.0,0.0,False
16,8402,2025-11-26T18:05:03+00:00,1.0,22,False,False,False,False,False,0.0,0.0,0.187,0.29,0.0,False
16,8403,2025-11-26T19:00:05+00:00,1.0,22,False,False,False,True,True,0.0,0.621,0.643,0.647,0.0,False
16,8404,2025-11-26T19:55:03+00:00,1.0,22,True,True,True,True,True,1.0,1.0,1.0,1.0,0.0,False
16,8405,2025-11-26T20:50:05+00:00,1.0,22,False,False,True,True,False,0.0,0.0,0.0,0.0,0.0,False
16,8406,2025-11-26T21:45:03+00:00,1.0,22,False,True,True,True,True,1.0,1.0,1.0,1.0,0.0,False
16,8407,2025-11-26T22:40:04+00:00,1.0,22,False,False,True,True,True,1.0,1.0,1.0,1.0,0.0,False
16,8408,2025-11-26T23:35:03+00:00,1.0,22,False,False,False,False,False,0.0,0.0,0.0,0.0,0.29208333333333336,True
16,8409,2025-11-27T00:30:05+00:00,1.0,22,False,False,False,False,False,0.0,0.005,0.007,0.007,0.6002777777777777,True
16,8410,2025-11-27T01:25:03+00:00,1.0,22,False,False,False,False,False,0.0,0.0,0.0,0.0,0.4495,True
16,8411,2025-11-27T02:20:05+00:00,1.0,22,False,False,False,True,False,0.0,0.0,0.0,0.549,0.06652777777777778,False
16,8412,2025-11-27T03:15:03+00:00,1.0,22,False,True,True,True,False,0.0,0.0,0.017,0.018,0.05016666666666667,False
16,8413,2025-11-27T04:10:07+00:00,1.0,22,False,False,False,False,False,0.0,0.0,0.0,0.208,0.16627777777777777,True
16,8414,2025-11-27T05:05:03+00:00,1.0,22,False,False,True,True,False,0.0,0.013,0.022,0.079,0.0,False
16,8415,2025-11-27T06:00:05+00:00,1.0,22,True,True,True,True,False,0.0,0.0,0.001,0.255,0.0,False
16,8416,2025-11-27T06:55:02+00:00,1.0,22,True,True,True,True,True,0.0,0.008,0.65,0.65,0.0,False
16,8417,2025-11-27T07:50:05+00:00,1.0,22,True,True,True,True,True,1.0,1.0,1.0,1.0,0.0,False
16,8418,2025-11-27T08:45:02+00:00,1.0,22,True,True,True,True,True,1.0,1.0,1.0,1.0,0.0,False
16,8419,2025-11-27T09:40:05+00:00,1.0,22,True,True,True,True,True,0.219,1.0,1.0,1.0,0.0,False
16,8420,2025-11-27T10:35:02+00:00,1.0,22,True,True,True,True,True,1.0,1.0,1.0,1.0,0.23355555555555557,True
16,8421,2025-11-27T11:30:05+00:00,1.0,22,True,True,True,True,True,1.0,1.0,1.0,1.0,0.3498611111111111,True
16,8422,2025-11-27T12:25:02+00:00,1.0,22,True,True,True,True,True,1.0,1.0,1.0,1.0,0.1748333333333333,True
16,8423,2025-11-27T13:20:05+00:00,1.0,22,True,True,True,True,True,1.0,1.0,1.0,1.0,0.10041666666666667,True
16,8424,2025-11-27T14:15:02+00:00,1.0,22,False,False,False,False,False,0.0,0.0,0.0,0.667,0.22483333333333333,True
16,8425,2025-11-27T15:10:05+00:00,1.0,22,False,True,True,True,False,0.0,0.0,0.086,0.222,0.0,False
16,8426,2025-11-27T16:05:03+00:00,1.0,22,True,False,False,True,True,1.0,1.0,1.0,1.0,0.00841666666666666,False
16,8427,2025-11-27T17:00:05+00:00,1.0,22,True,True,True,True,True,1.0,1.0,1.0,1.0,0.1,True
16,8428,2025-11-27T17:55:03+00:00,1.0,22,True,True,True,True,True,1.0,1.0,1.0,1.0,0.1,True
16,8429,2025-11-27T18:50:05+00:00,1.0,22,False,False,False,False,False,0.0,0.0,0.0,0.25,0.35041666666666665,True
16,8430,2025-11-27T19:45:02+00:00,1.0,22,False,False,False,False,False,0.0,0.0,0.252,0.336,0.6251666666666665,True
16,8431,2025-11-27T20:40:05+00:00,1.0,22,False,False,False,False,False,0.0,0.0,0.0,0.0,0.3659722222222222,True
16,8432,2025-11-27T21:35:03+00:00,1.0,22,False,False,False,False,False,0.0,0.0,0.0,0.0,0.2584166666666667,True
16,8433,2025-11-27T22:30:05+00:00,1.0,22,False,False,False,False,False,0.0,0.0,0.0,0.0,0.19972222222222222,True
16,8434,2025-11-27T23:25:02+00:00,1.0,22,False,False,False,False,False,0.0,0.0,0.0,0.0,0.058277777777777776,False
16,8435,2025-11-28T00:20:05+00:00,1.0,22,False,False,False,False,False,0.0,0.0,0.0,0.0,0.0,False
16,8436,2025-11-28T01:15:02+00:00,1.0,12,False,False,False,False,False,0.0,0.0,0.0,0.0,0.0,False
16,8437,2025-11-28T02:10:07+00:00,1.0,12,False,False,False,False,False,0.0,0.0,0.0,0.0,0.0,False
16,8438,2025-11-28T03:05:03+00:00,1.0,22,False,False,False,False,False,0.0,0.0,0.0,0.0,0.0,False
16,8439,2025-11-28T04:00:05+00:00,1.0,22,False,False,False,False,False,0.0,0.0,0.0,0.0,0.0,False
16,8440,2025-11-28T04:55:03+00:00,1.0,22,False,False,False,False,False,0.0,0.0,0.0,0.0,0.0,False
16,8441,2025-11-28T05:50:05+00:00,1.0,22,False,False,False,True,False,0.0,0.0,0.0,0.0,0.2504166666666667,True
16,8442,2025-11-28T06:45:02+00:00,1.0,22,False,False,False,False,False,0.0,0.0,0.0,0.0,0.1498888888888889,True
16,8443,2025-11-28T07:40:05+00:00,1.0,22,False,False,False,False,False,0.0,0.0,0.0,0.0,0.03319444444444444,False
16,8444,2025-11-28T08:35:03+00:00,1.0,22,False,False,False,False,False,0.0,0.0,0.0,0.0,0.0,False
16,8445,2025-11-28T09:30:05+00:00,1.0,22,False,False,False,False,False,0.0,0.0,0.0,0.0,0.0,False
16,8446,2025-11-28T10:25:02+00:00,1.0,15,False,False,False,False,False,0.0,0.0,0.0,0.0,0.0,False
16,8447,2025-11-28T11:20:05+00:00,1.0,14,False,False,False,False,False,0.0,0.0,0.0,0.0,0.0,False
16,8448,2025-11-28T12:15:02+00:00,1.0,21,False,False,False,False,False,0.0,0.0,0.0,0.0,0.0,False
16,8449,2025-11-28T13:10:05+00:00,1.0,22,False,False,False,False,False,0.0,0.0,0.0,0.0,0.0,False
16,8450,2025-11-28T14:05:02+00:00,1.0,13,False,False,False,False,False,0.0,0.0,0.0,0.0,0.0,False
16,8451,2025-11-28T15:00:05+00:00,1.0,2,False,False,False,False,False,0.0,0.0,0.0,0.0,0.0,False
16,8452,2025-11-28T18:40:05+00:00,1.0,5,False,False,False,False,False,0.0,0.0,0.0,0.0,0.0,False
16,8453,2025-11-28T19:35:02+00:00,1.0,8,False,False,False,False,False,0.0,0.0,0.091,0.125,0.0,False
16,8454,2025-11-28T20:30:05+00:00,1.0,3,False,False,False,False,False,0.0,0.0,0.0,0.0,0.0,False
16,8455,2025-11-28T22:20:04+00:00,1.0,5,False,False,False,False,False,0.0,0.0,0.0,0.0,0.0,False
16,8456,2025-11-28T23:15:03+00:00,1.0,16,False,False,False,False,False,0.0,0.0,0.0,0.161,0.0,False
16,8457,2025-11-29T00:10:07+00:00,1.0,22,False,False,False,False,False,0.0,0.0,0.0,0.0,0.0,False
16,8458,2025-11-29T01:05:02+00:00,1.0,22,False,False,False,False,False,0.0,0.0,0.091,0.244,0.0,False
16,8459,2025-11-29T02:00:05+00:00,1.0,22,False,False,False,False,False,0.0,0.0,0.0,0.0,0.0,False
16,8460,2025-11-29T02:55:02+00:00,1.0,22,False,False,False,False,False,0.0,0.0,0.0,0.0,0.0,False
16,8461,2025-11-29T03:50:05+00:00,1.0,22,False,False,False,False,False,0.0,0.0,0.0,0.0,0.0,False
16,8462,2025-11-29T04:45:02+00:00,1.0,22,False,False,False,False,False,0.0,0.0,0.0,0.0,0.0,False
16,8463,2025-11-29T05:40:05+00:00,1.0,22,False,False,False,False,False,0.0,0.0,0.0,0.0,0.0,False
16,8464,2025-11-29T06:35:02+00:00,1.0,18,False,False,False,False,False,0.0,0.0,0.0,0.0,0.0,False
16,8465,2025-11-29T07:30:06+00:00,1.0,7,False,False,False,False,False,0.0,0.0,0.0,0.0,0.0,False
16,8466,2025-11-29T08:25:03+00:00,1.0,3,False,False,False,False,False,0.0,0.0,0.0,0.0,0.0,False
16,8467,2025-11-29T09:20:05+00:00,1.0,7,False,True,True,True,False,0.0,0.0,0.0,0.299,0.0,False
16,8468,2025-11-29T10:15:03+00:00,1.0,4,False,False,False,False,False,0.0,0.0,0.0,0.0,0.0,False
16,8469,2025-11-29T11:10:05+00:00,20.0,0,False,False,False,False,False,0.0,0.0,0.0,0.0,0.21847222222222218,True
16,8470,2025-11-30T00:00:05+00:00,20.0,0,False,False,False,False,False,0.0,0.0,0.0,0.0,0.0,False
16,8471,2025-11-30T00:55:02+00:00,20.0,0,False,False,False,False,False,0.0,0.0,0.0,0.0,0.0,False
16,8472,2025-11-30T03:40:05+00:00,20.0,0,False,False,False,False,False,0.0,0.0,0.0,0.0,0.0,False
16,8473,2025-12-01T07:10:05+00:00,20.0,0,False,False,False,False,False,0.0,0.0,0.0,0.0,0.0,False
16,8474,2025-12-01T19:05:03+00:00,20.0,0,False,False,False,False,False,0.0,0.0,0.0,0.0,0.0,False
16,8475,2025-12-02T02:25:02+00:00,20.0,0,False,False,False,False,False,0.0,0.0,0.0,0.0,0.0,False
16,8476,2025-12-02T09:45:03+00:00,1.0,5,False,False,False,False,False,0.0,0.0,0.0,0.0,0.0,False
16,8477,2025-12-02T10:40:05+00:00,1.0,16,False,False,False,False,False,0.0,0.0,0.0,0.0,0.0,False
16,8478,2025-12-02T11:35:03+00:00,1.0,22,False,False,False,False,True,0.946,0.946,0.946,0.946,0.05841666666666667,False
16,8479,2025-12-02T12:30:05+00:00,1.0,22,False,False,False,False,False,0.0,0.0,0.153,0.244,0.20027777777777778,True
16,8480,2025-12-02T13:25:02+00:00,1.0,22,False,False,False,True,False,0.0,0.0,0.0,0.054,0.1748333333333333,True
16,8481,2025-12-02T14:20:05+00:00,1.0,22,False,True,True,True,False,0.0,0.0,0.0,0.0,0.0,False
16,8482,2025-12-02T15:15:02+00:00,1.0,22,False,False,False,False,False,0.0,0.0,0.0,0.0,0.025055555555555553,False
16,8483,2025-12-02T16:10:07+00:00,1.0,22,False,False,False,False,False,0.0,0.0,0.0,0.207,0.2011666666666667,True
16,8484,2025-12-02T17:05:02+00:00,1.0,22,False,False,False,False,False,0.0,0.0,0.004,0.004,0.7083888888888888,True
16,8485,2025-12-02T18:00:05+00:00,1.0,22,False,False,False,True,True,0.0,0.635,0.804,0.915,0.7997222222222223,True
16,8486,2025-12-02T18:55:02+00:00,1.0,22,True,False,False,True,False,0.0,0.134,0.224,0.475,0.6165555555555554,True
16,8487,2025-12-02T19:50:05+00:00,1.0,22,False,False,False,False,False,0.0,0.0,0.245,0.359,0.1826388888888889,True
16,8488,2025-12-02T20:45:02+00:00,1.0,22,False,True,True,True,True,0.739,0.749,0.773,0.773,0.1,True
16,8489,2025-12-02T21:40:05+00:00,1.0,22,False,False,True,True,True,0.656,0.656,0.656,0.656,1.90375,True
16,8490,2025-12-02T22:35:02+00:00,1.0,22,True,True,True,True,True,1.0,1.0,1.0,1.0,3.4422777777777775,True
16,8491,2025-12-02T23:30:05+00:00,1.0,22,True,True,True,True,False,0.0,0.0,0.0,0.153,1.9947222222222223,True
16,8492,2025-12-03T00:25:03+00:00,1.0,22,True,True,True,True,True,1.0,1.0,1.0,1.0,0.267,True
16,8493,2025-12-03T01:20:05+00:00,1.0,22,True,True,True,True,True,1.0,1.0,1.0,1.0,1.4372222222222224,True
16,8494,2025-12-03T02:15:03+00:00,1.0,22,True,True,True,True,True,1.0,1.0,1.0,1.0,4.27825,True
16,8495,2025-12-03T03:10:05+00:00,1.0,22,True,True,True,True,True,1.0,1.0,1.0,1.0,6.3933333333333335,True
16,8496,2025-12-03T04:05:02+00:00,1.0,22,True,True,True,True,False,0.0,0.0,0.082,0.669,2.2657777777777777,True
16,8497,2025-12-03T05:00:05+00:00,1.0,22,True,True,True,True,True,1.0,1.0,1.0,1.0,0.7998611111111112,True
16,8498,2025-12-03T05:55:02+00:00,1.0,22,False,True,True,True,False,0.0,0.0,0.0,0.0,0.7082777777777777,True
16,8499,2025-12-03T06:50:05+00:00,1.0,22,False,False,False,False,False,0.0,0.0,0.0,0.692,0.8669444444444445,True
17,8500,2025-12-03T07:45:02+00:00,1.0,22,False,True,True,True,True,0.64,0.724,0.741,0.743,0.44966666666666666,True
17,8501,2025-12-03T08:40:05+00:00,1.0,22,False,True,True,True,False,0.0,0.0,0.013,0.06,0.7008333333333334,True
17,8502,2025-12-03T09:35:03+00:00,1.0,22,False,False,False,False,False,0.0,0.037,0.04,0.04,0.6079166666666667,True
17,8503,2025-12-03T10:30:05+00:00,1.0,22,False,False,False,False,True,0.0,0.242,0.648,0.651,0.45013888888888887,True
17,8504,2025-12-03T11:25:03+00:00,1.0,22,False,False,False,False,True,0.017,0.08,0.494,0.588,0.29125,True
17,8505,2025-12-03T12:20:05+00:00,1.0,22,False,False,False,True,False,0.0,0.0,0.001,0.006,0.0,False
17,8506,2025-12-03T13:15:03+00:00,1.0,22,False,True,True,True,True,0.112,0.259,0.286,0.488,0.0,False
17,8507,2025-12-03T14:10:07+00:00,1.0,22,True,True,True,True,True,1.0,1.0,1.0,1.0,0.0,False
17,8508,2025-12-03T15:05:03+00:00,1.0,22,True,True,True,True,True,1.0,1.0,1.0,1.0,0.025249999999999984,False
17,8509,2025-12-03T16:00:05+00:00,1.0,22,False,True,True,True,False,0.0,0.0,0.0,0.0,0.3,True
17,8510,2025-12-03T16:55:02+00:00,1.0,22,False,False,True,True,False,0.0,0.0,0.0,0.0,0.29999999999999993,True
17,8511,2025-12-03T17:50:05+00:00,1.0,22,True,False,True,True,False,0.0,0.0,0.0,0.199,0.3834722222222222,True
17,8512,2025-12-03T18:45:03+00:00,1.0,22,False,True,True,True,False,0.0,0.0,0.0,0.0,3.703666666666667,True
17,8513,2025-12-03T19:40:05+00:00,1.0,22,False,False,False,False,True,1.0,1.0,1.0,1.0,2.862638888888889,True
17,8514,2025-12-03T20:35:03+00:00,1.0,22,False,False,False,False,False,0.0,0.0,0.01,0.01,0.7900833333333332,True
17,8515,2025-12-03T21:30:05+00:00,1.0,22,False,False,False,False,False,0.0,0.0,0.025,0.034,0.0,False
17,8516,2025-12-03T22:25:02+00:00,1.0,22,False,False,False,False,False,0.0,0.0,0.0,0.0,0.0,False
17,8517,2025-12-03T23:20:05+00:00,1.0,22,False,False,False,False,False,0.0,0.0,0.0,0.0,0.0,False
17,8518,2025-12-04T00:15:02+00:00,1.0,22,False,False,True,True,False,0.0,0.0,0.0,0.02,0.0,False
17,8519,2025-12-04T01:10:05+00:00,1.0,22,False,False,False,True,False,0.0,0.0,0.02,0.323,0.016805555555555553,False
17,8520,2025-12-04T02:05:03+00:00,1.0,22,True,True,True,True,True,1.0,1.0,1.0,1.0,0.12525,True
17,8521,2025-12-04T03:00:05+00:00,1.0,22,False,True,True,True,True,0.123,0.693,0.703,0.719,0.39986111111111117,True
17,8522,2025-12-04T03:55:03+00:00,1.0,22,True,True,True,True,True,1.0,1.0,1.0,1.0,0.30825,True
17,8523,2025-12-04T04:50:05+00:00,1.0,22,True,True,True,True,True,0.793,0.793,0.812,0.812,0.6338888888888888,True
17,8524,2025-12-04T05:45:02+00:00,1.0,22,True,True,True,True,True,0.0,0.058,0.337,0.337,0.47483333333333333,True
17,8525,2025-12-04T06:40:05+00:00,1.0,22,True,True,True,True,True,1.0,1.0,1.0,1.0,0.19958333333333333,True
17,8526,2025-12-04T07:35:03+00:00,1.0,22,True,True,True,True,True,1.0,1.0,1.0,1.0,0.21683333333333335,True
17,8527,2025-12-04T08:30:05+00:00,1.0,22,True,True,True,True,True,1.0,1.0,1.0,1.0,0.14958333333333332,True
17,8528,2025-12-04T09:25:02+00:00,1.0,22,False,False,False,False,False,0.0,0.0,0.0,0.0,0.33377777777777784,True
17,8529,2025-12-04T10:20:05+00:00,1.0,22,False,False,False,False,False,0.0,0.0,0.299,0.299,0.9673611111111112,True
17,8530,2025-12-04T11:15:02+00:00,1.0,22,False,False,False,False,False,0.0,0.026,0.063,0.082,1.7008888888888887,True
17,8531,2025-12-04T12:10:07+00:00,1.0,22,False,True,True,True,False,0.0,0.572,0.716,0.762,2.478472222222222,True
17,8532,2025-12-04T13:05:02+00:00,1.0,22,True,True,True,True,True,0.0,0.046,0.992,1.0,0.4922777777777778,True
17,8533,2025-12-04T14:00:05+00:00,1.0,22,False,False,False,False,False,0.0,0.0,0.0,0.0,1.4995833333333335,True
17,8534,2025-12-04T14:55:02+00:00,1.0,22,False,False,False,True,False,0.0,0.0,0.0,0.0,1.2248333333333332,True
17,8535,2025-12-04T15:50:05+00:00,1.0,22,True,True,True,True,True,1.0,1.0,1.0,1.0,0.3652777777777778,True
17,8536,2025-12-04T16:45:03+00:00,1.0,22,False,False,False,False,False,0.0,0.0,0.015,0.016,0.04983333333333334,False
17,8537,2025-12-04T17:40:05+00:00,1.0,22,False,False,False,False,False,0.0,0.046,0.073,0.073,0.0,False
17,8538,2025-12-04T18:35:02+00:00,1.0,22,False,False,False,True,False,0.0,0.0,0.153,0.244,0.0,False
17,8539,2025-12-04T19:30:05+00:00,1.0,22,False,True,True,True,False,0.0,0.03,0.177,0.177,0.0,False
17,8540,2025-12-04T20:25:03+00:00,1.0,22,False,False,False,False,False,0.0,0.0,0.459,0.647,0.0,False
17,8541,2025-12-04T21:20:05+00:00,1.0,22,False,False,False,False,False,0.0,0.0,0.0,0.007,0.0,False
17,8542,2025-12-04T22:15:02+00:00,1.0,22,False,False,False,False,False,0.0,0.0,0.0,0.0,0.0,False
17,8543,2025-12-04T23:10:05+00:00,1.0,22,False,False,False,False,False,0.0,0.0,0.012,0.012,0.0,False
17,8544,2025-12-05T00:05:02+00:00,1.0,22,False,False,False,False,False,0.0,0.0,0.0,0.0,0.0,False
17,8545,2025-12-05T01:00:05+00:00,1.0,22,False,False,False,False,False,0.0,0.0,0.0,0.0,0.0,False
17,8546,2025-12-05T01:55:03+00:00,1.0,22,False,False,False,False,False,0.0,0.0,0.0,0.0,0.0,False
17,8547,2025-12-05T02:50:05+00:00,1.0,21,False,False,False,False,False,0.0,0.0,0.0,0.0,0.0,False
17,8548,2025-12-05T03:45:03+00:00,1.0,10,False,False,False,False,False,0.0,0.0,0.0,0.0,0.0,False
17,8549,2025-12-05T07:25:03+00:00,1.0,4,False,False,False,False,False,0.0,0.0,0.0,0.0,0.0,False
17,8550,2025-12-05T08:20:05+00:00,1.0,15,False,False,False,False,False,0.0,0.0,0.0,0.0,0.0,False
17,8551,2025-12-05T09:15:03+00:00,1.0,22,False,False,False,False,False,0.0,0.0,0.0,0.0,0.025083333333333336,False
17,8552,2025-12-05T10:10:07+00:00,1.0,22,False,False,False,False,True,0.701,0.701,0.701,0.701,0.11686111111111111,True
17,8553,2025-12-05T11:05:02+00:00,1.0,22,False,False,True,True,False,0.0,0.0,0.0,0.0,0.2,True
17,8554,2025-12-05T12:00:05+00:00,1.0,22,True,True,True,True,True,1.0,1.0,1.0,1.0,0.2,True
17,8555,2025-12-05T12:55:03+00:00,1.0,22,True,True,True,True,True,0.173,0.701,0.701,0.701,0.2,True
17,8556,2025-12-05T13:50:05+00:00,1.0,22,True,True,True,True,True,1.0,1.0,1.0,1.0,0.36694444444444446,True
17,8557,2025-12-05T14:45:02+00:00,1.0,22,True,True,True,True,True,0.0,0.579,0.64,0.728,0.6251666666666665,True
17,8558,2025-12-05T15:40:06+00:00,1.0,22,True,True,True,True,False,0.0,0.0,0.0,0.185,1.0341666666666667,True
17,8559,2025-12-05T16:35:02+00:00,1.0,22,False,False,True,True,False,0.0,0.0,0.0,0.046,1.3751666666666666,True
17,8560,2025-12-05T17:30:04+00:00,1.0,22,True,True,True,True,True,0.058,0.701,0.701,0.701,0.9988888888888888,True
17,8561,2025-12-05T18:25:03+00:00,1.0,22,False,False,False,False,False,0.0,0.0,0.0,0.0,0.45825000000000005,True
17,8562,2025-12-05T19:20:05+00:00,1.0,22,False,False,False,False,False,0.0,0.0,0.008,0.29,0.4,True
17,8563,2025-12-05T20:15:03+00:00,1.0,22,False,False,True,True,False,0.0,0.0,0.0,0.0,0.3498333333333334,True
17,8564,2025-12-05T21:10:05+00:00,1.0,22,False,False,False,False,True,1.0,1.0,1.0,1.0,0.2,True
17,8565,2025-12-05T22:05:03+00:00,1.0,22,False,False,False,False,False,0.0,0.0,0.129,0.14,0.19158333333333336,True
17,8566,2025-12-05T23:00:05+00:00,1.0,22,False,False,False,False,False,0.0,0.0,0.0,0.0,0.09986111111111112,False
17,8567,2025-12-05T23:55:03+00:00,1.0,22,False,False,False,False,False,0.0,0.0,0.0,0.0,0.00825,False
17,8568,2025-12-06T00:50:05+00:00,1.0,22,False,False,False,False,False,0.0,0.0,0.0,0.0,0.0,False
17,8569,2025-12-06T01:45:02+00:00,1.0,13,False,False,False,False,False,0.0,0.0,0.0,0.0,0.0,False
17,8570,2025-12-06T02:40:05+00:00,1.0,2,False,False,False,False,False,0.0,0.0,0.0,0.0,0.0,False
17,8571,2025-12-06T23:45:03+00:00,1.0,11,False,False,False,False,False,0.0,0.0,0.0,0.0,0.0,False
17,8572,2025-12-07T00:40:05+00:00,1.0,21,False,False,False,False,False,0.0,0.008,0.22,0.317,0.0,False
17,8573,2025-12-07T01:35:03+00:00,1.0,10,False,False,False,False,False,0.0,0.0,0.01,0.056,0.0,False
17,8574,2025-12-07T15:20:05+00:00,20.0,0,False,False,False,False,False,0.0,0.0,0.0,0.0,0.0,False
17,8575,2025-12-07T17:10:05+00:00,20.0,0,False,False,False,False,False,0.0,0.0,0.0,0.0,0.0,False
17,8576,2025-12-10T16:15:03+00:00,20.0,0,False,False,False,False,False,0.0,0.0,0.0,0.0,0.0,False
17,8577,2025-12-10T23:35:03+00:00,20.0,0,False,False,False,False,False,0.0,0.0,0.0,0.0,0.0,False
17,8578,2025-12-13T22:10:08+00:00,20.0,0,False,False,False,False,False,0.0,0.0,0.0,0.0,0.0,False
17,8579,2025-12-14T01:50:05+00:00,20.0,0,False,False,False,False,False,0.0,0.0,0.0,0.0,0.0,False
17,8580,2025-12-15T10:05:02+00:00,20.0,0,False,False,False,False,False,0.0,0.0,0.0,0.0,0.0,False
17,8581,2025-12-16T00:45:03+00:00,1.0,4,False,False,False,False,False,0.0,0.0,0.0,0.0,0.0,False
17,8582,2025-12-16T01:40:04+00:00,1.0,7,False,False,False,True,False,0.0,0.0,0.0,0.0,0.0,False
17,8583,2025-12-16T02:35:03+00:00,1.0,3,False,False,False,False,False,0.147,0.475,0.72,0.737,0.0,False
17,8584,2025-12-16T19:05:03+00:00,1.0,11,False,False,False,False,False,0.0,0.0,0.0,0.0,0.0,False
17,8585,2025-12-16T20:00:05+00:00,1.0,22,False,False,False,False,False,0.0,0.0,0.0,0.0,0.0,False
17,8586,2025-12-16T20:55:03+00:00,1.0,22,False,False,False,False,False,0.0,0.0,0.0,0.0,0.0,False
17,8587,2025-12-16T21:50:05+00:00,1.0,22,False,False,False,False,False,0.0,0.0,0.0,0.0,0.0,False
17,8588,2025-12-16T22:45:02+00:00,1.0,22,False,False,False,False,False,0.0,0.0,0.0,0.008,0.0,False
17,8589,2025-12-16T23:40:05+00:00,1.0,22,False,False,False,False,False,0.0,0.0,0.0,0.0,0.0,False
17,8590,2025-12-17T00:35:02+00:00,1.0,22,False,False,False,False,True,0.0,0.0,0.299,0.299,0.05838888888888889,False
17,8591,2025-12-17T01:30:05+00:00,1.0,22,False,False,False,False,False,0.0,0.0,0.0,0.153,0.1501388888888889,True
17,8592,2025-12-17T02:25:03+00:00,1.0,22,False,False,False,False,True,0.0,0.75,0.922,0.945,0.57575,True
17,8593,2025-12-17T03:20:04+00:00,1.0,22,False,True,True,True,True,0.0,0.693,0.701,0.701,1.3006666666666666,True
17,8594,2025-12-17T04:15:03+00:00,1.0,22,True,True,True,True,False,0.0,0.0,0.097,0.118,1.7250833333333333,True
17,8595,2025-12-17T05:10:05+00:00,1.0,22,False,True,True,True,False,0.0,0.0,0.003,0.022,1.917638888888889,True
17,8596,2025-12-17T06:05:02+00:00,1.0,22,False,True,True,True,False,0.003,0.062,0.067,0.409,2.4245,True
17,8597,2025-12-17T07:00:05+00:00,1.0,22,True,True,True,True,False,0.0,0.0,0.07,0.131,1.6005555555555557,True
17,8598,2025-12-17T07:55:03+00:00,1.0,22,True,False,False,False,False,0.0,0.0,0.367,0.79,1.967,True
17,8599,2025-12-17T08:50:05+00:00,1.0,22,False,False,False,False,False,0.0,0.0,0.008,0.054,2.0,True
17,8600,2025-12-17T09:45:03+00:00,1.0,22,False,False,False,False,False,0.0,0.0,0.0,0.0,7.781416666666666,True
17,8601,2025-12-17T10:40:05+00:00,1.0,22,False,True,True,True,False,0.0,0.0,0.081,0.106,4.28875,True
17,8602,2025-12-17T11:35:03+00:00,1.0,22,False,False,False,False,False,0.0,0.0,0.0,0.0,0.7821666666666667,True
17,8603,2025-12-17T14:10:08+00:00,1.0,14,False,False,False,False,False,0.0,0.0,0.0,0.0,0.0,False
17,8604,2025-12-17T15:05:03+00:00,1.0,7,False,False,False,False,False,0.0,0.0,0.0,0.0,0.0,False
17,8605,2025-12-17T16:00:05+00:00,1.0,2,False,False,False,False,False,0.0,0.153,0.494,0.494,0.0,False
17,8606,2025-12-18T14:00:05+00:00,20.0,0,False,False,False,False,False,0.0,0.0,0.0,0.0,0.0,False
17,8607,2025-12-19T01:55:02+00:00,20.0,0,False,False,False,False,False,0.0,0.0,0.0,0.0,0.0,False
17,8608,2025-12-19T05:35:02+00:00,20.0,0,False,False,False,False,False,0.0,0.0,0.0,0.0,0.0,False
17,8609,2025-12-20T09:05:02+00:00,20.0,0,False,False,False,False,False,0.0,0.0,0.0,0.0,0.0,False
17,8610,2025-12-20T10:00:05+00:00,20.0,0,False,False,False,False,False,0.0,0.0,0.0,0.0,0.0,False
17,8611,2025-12-21T09:50:05+00:00,20.0,0,False,False,False,False,False,0.0,0.0,0.0,0.0,0.0,False
17,8612,2025-12-21T23:35:02+00:00,20.0,0,False,False,False,False,False,0.0,0.0,0.0,0.0,0.0,False
17,8613,2025-12-22T02:20:05+00:00,20.0,0,False,False,False,False,False,0.0,0.0,0.0,0.0,0.0,False
17,8614,2025-12-22T09:40:05+00:00,20.0,0,False,False,False,False,False,0.0,0.0,0.0,0.0,0.0,False
17,8615,2025-12-22T19:45:02+00:00,20.0,0,False,False,False,False,False,0.0,0.0,0.0,0.0,0.0,False
17,8616,2025-12-23T07:40:05+00:00,1.0,10,False,False,False,False,False,0.0,0.0,0.0,0.0,0.1663888888888889,True
17,8617,2025-12-23T08:35:03+00:00,1.0,21,False,True,True,True,False,0.0,0.0,0.0,0.0,0.33366666666666667,True
17,8618,2025-12-23T09:30:05+00:00,1.0,22,False,False,False,False,False,0.0,0.0,0.0,0.054,0.24930555555555556,True
17,8619,2025-12-23T10:25:02+00:00,1.0,22,False,False,False,False,True,0.023,0.267,0.285,0.301,0.04172222222222223,False
17,8620,2025-12-23T11:20:05+00:00,1.0,22,False,False,False,False,False,0.0,0.0,0.0,0.0,0.06652777777777778,False
17,8621,2025-12-23T12:15:02+00:00,1.0,22,False,False,False,False,False,0.0,0.0,0.0,0.344,0.0,False
17,8622,2025-12-23T13:10:05+00:00,1.0,22,False,False,False,True,False,0.0,0.023,0.629,0.69,0.0,False
17,8623,2025-12-23T14:05:02+00:00,1.0,22,True,True,True,True,True,1.0,1.0,1.0,1.0,0.0,False
17,8624,2025-12-23T15:00:05+00:00,1.0,22,True,True,True,True,True,1.0,1.0,1.0,1.0,0.0,False
17,8625,2025-12-23T15:55:03+00:00,1.0,22,True,True,True,True,True,1.0,1.0,1.0,1.0,0.0,False
17,8626,2025-12-23T16:50:05+00:00,1.0,22,False,False,False,False,False,0.0,0.008,0.054,0.098,0.08347222222222223,False
17,8627,2025-12-23T17:45:03+00:00,1.0,22,False,False,False,True,False,0.0,0.0,0.0,0.0,0.1,True
17,8628,2025-12-23T18:40:05+00:00,1.0,22,False,True,True,True,True,0.542,1.0,1.0,1.0,0.5676388888888889,True
17,8629,2025-12-23T19:35:03+00:00,1.0,22,False,False,False,False,False,0.0,0.0,0.056,0.071,1.3841666666666668,True
17,8630,2025-12-23T20:30:05+00:00,1.0,22,False,False,False,True,False,0.0,0.0,0.0,0.0,1.3487500000000001,True
17,8631,2025-12-23T21:25:02+00:00,1.0,22,True,True,True,True,True,1.0,1.0,1.0,1.0,1.3172222222222223,True
17,8632,2025-12-23T22:20:05+00:00,1.0,22,True,True,True,True,True,1.0,1.0,1.0,1.0,1.9,True
17,8633,2025-12-23T23:15:03+00:00,1.0,22,True,True,True,True,False,0.0,0.0,0.0,0.0,2.0254166666666666,True
17,8634,2025-12-24T00:10:07+00:00,1.0,22,False,True,True,True,True,0.105,0.511,0.511,0.511,2.079638888888889,True
17,8635,2025-12-24T01:05:03+00:00,1.0,22,True,True,True,True,True,1.0,1.0,1.0,1.0,0.4579166666666667,True
17,8636,2025-12-24T02:00:05+00:00,1.0,22,False,True,True,True,True,0.008,0.964,0.964,0.964,0.0,False
17,8637,2025-12-24T02:55:03+00:00,1.0,22,True,True,True,True,False,0.0,0.0,0.187,0.299,0.0,False
17,8638,2025-12-24T03:50:05+00:00,1.0,22,False,True,True,True,False,0.0,0.0,0.0,0.008,0.0,False
17,8639,2025-12-24T04:45:02+00:00,1.0,22,False,False,False,False,False,0.0,0.06,0.063,0.063,0.0,False
17,8640,2025-12-24T05:40:05+00:00,1.0,22,False,False,True,True,True,0.631,0.89,0.891,0.891,0.0,False
17,8641,2025-12-24T06:35:03+00:00,1.0,22,False,True,True,True,True,0.867,0.867,0.873,0.874,0.0,False
17,8642,2025-12-24T07:30:05+00:00,1.0,22,False,False,False,False,False,0.0,0.0,0.0,0.0,0.0,False
17,8643,2025-12-24T08:25:02+00:00,1.0,22,False,False,False,True,False,0.0,0.0,0.0,0.292,0.04172222222222223,False
17,8644,2025-12-24T09:20:05+00:00,1.0,22,True,True,True,True,True,0.338,0.946,0.946,0.946,2.777777777777778,True
17,8645,2025-12-24T10:15:03+00:00,1.0,22,True,True,True,True,True,1.0,1.0,1.0,1.0,8.32575,True
17,8646,2025-12-24T11:10:05+00:00,1.0,22,False,True,True,True,False,0.017,0.017,0.017,0.017,7.487500000000001,True
17,8647,2025-12-24T12:05:03+00:00,1.0,22,False,False,False,False,False,0.0,0.0,0.034,0.034,0.0,False
17,8648,2025-12-24T13:00:05+00:00,1.0,22,False,False,False,True,True,0.717,0.717,0.717,0.717,0.0,False
17,8649,2025-12-24T13:55:03+00:00,1.0,22,True,True,True,True,True,1.0,1.0,1.0,1.0,0.0,False
17,8650,2025-12-24T14:50:05+00:00,1.0,22,False,False,False,False,False,0.0,0.0,0.0,0.0,0.0,False
17,8651,2025-12-24T15:45:03+00:00,1.0,22,False,False,False,True,False,0.0,0.0,0.0,0.034,0.0,False
17,8652,2025-12-24T16:40:05+00:00,1.0,22,False,True,True,True,True,1.0,1.0,1.0,1.0,0.0,False
17,8653,2025-12-24T17:35:03+00:00,1.0,22,False,False,False,False,False,0.0,0.0,0.0,0.14,0.0,False
17,8654,2025-12-24T18:30:05+00:00,1.0,22,False,False,False,False,False,0.0,0.033,0.033,0.033,0.0,False
17,8655,2025-12-24T19:25:03+00:00,1.0,22,False,False,False,False,False,0.0,0.0,0.0,0.046,0.0,False
17,8656,2025-12-24T20:20:05+00:00,1.0,22,False,False,False,False,False,0.0,0.043,0.102,0.102,0.0,False
17,8657,2025-12-24T21:15:02+00:00,1.0,22,False,False,False,False,False,0.0,0.0,0.0,0.0,0.0,False
17,8658,2025-12-24T22:10:07+00:00,1.0,22,False,False,False,False,False,0.0,0.001,0.001,0.047,0.0,False
17,8659,2025-12-24T23:05:03+00:00,1.0,22,False,False,False,False,False,0.0,0.0,0.153,0.259,0.0,False
17,8660,2025-12-25T00:00:05+00:00,1.0,22,False,False,False,False,False,0.0,0.0,0.0,0.038,0.0,False
17,8661,2025-12-25T00:55:03+00:00,1.0,22,False,False,False,False,False,0.0,0.0,0.002,0.002,0.0,False
17,8662,2025-12-25T01:50:05+00:00,1.0,22,False,False,False,False,False,0.0,0.075,0.115,0.123,0.0,False
17,8663,2025-12-25T02:45:03+00:00,1.0,22,False,False,False,False,False,0.0,0.0,0.0,0.037,0.0,False
17,8664,2025-12-25T03:40:05+00:00,1.0,22,False,False,False,False,False,0.0,0.156,0.159,0.166,0.0,False
17,8665,2025-12-25T04:35:03+00:00,1.0,16,False,False,False,False,False,0.0,0.0,0.294,0.296,0.0,False
17,8666,2025-12-25T05:30:05+00:00,1.0,5,False,False,False,False,False,0.0,0.0,0.0,0.0,0.0,False
17,8667,2025-12-25T12:50:05+00:00,20.0,0,False,False,False,False,False,0.0,0.0,0.0,0.0,0.0,False
17,8668,2025-12-30T03:45:03+00:00,20.0,0,False,False,False,False,False,0.0,0.0,0.0,0.0,0.0,False
17,8669,2025-12-30T08:20:05+00:00,20.0,0,False,False,False,False,False,0.0,0.0,0.0,0.0,0.0,False
17,8670,2025-12-30T12:00:05+00:00,1.0,1,False,False,False,False,False,0.0,0.0,0.0,0.0,0.0,False
17,8671,2025-12-30T12:55:03+00:00,1.0,12,False,False,False,False,False,0.0,0.0,0.0,0.0,0.0,False
17,8672,2025-12-30T13:50:05+00:00,1.0,17,False,False,False,False,False,0.0,0.008,0.054,0.11,0.0,False
17,8673,2025-12-30T14:45:03+00:00,1.0,6,False,False,False,False,False,0.0,0.0,0.0,0.0,0.0,False
17,8674,2025-12-30T23:00:05+00:00,20.0,0,False,False,False,False,False,0.0,0.0,0.0,0.0,0.0,False
17,8675,2025-12-31T13:40:05+00:00,20.0,0,False,False,False,False,False,0.0,0.0,0.0,0.0,0.0,False
17,8676,2025-12-31T16:25:03+00:00,20.0,0,False,False,False,False,False,0.0,0.0,0.0,0.0,0.0,False
17,8677,2025-12-31T23:45:03+00:00,20.0,0,False,False,False,False,False,0.0,0.0,0.0,0.0,0.0,False
17,8678,2026-01-01T11:40:05+00:00,20.0,0,False,False,False,False,False,0.0,0.0,0.0,0.0,0.0,False
17,8679,2026-01-02T01:25:03+00:00,1.0,4,False,False,False,False,False,0.0,0.0,0.0,0.0,0.0,False
17,8680,2026-01-02T02:20:05+00:00,1.0,15,False,False,False,False,False,0.0,0.0,0.005,0.006,0.03347222222222223,False
17,8681,2026-01-02T03:15:02+00:00,1.0,22,False,False,False,False,False,0.0,0.024,0.032,0.494,0.22527777777777777,True
17,8682,2026-01-02T04:10:07+00:00,1.0,22,False,False,False,True,True,0.0,0.008,0.299,0.333,0.7011666666666667,True
17,8683,2026-01-02T05:05:02+00:00,1.0,22,False,True,True,True,False,0.0,0.04,0.283,0.379,1.3929444444444443,True
17,8684,2026-01-02T06:00:04+00:00,1.0,22,False,False,False,True,False,0.0,0.0,0.0,0.0,3.498888888888889,True
17,8685,2026-01-02T06:55:03+00:00,1.0,22,True,True,True,True,True,1.0,1.0,1.0,1.0,2.5825,True
17,8686,2026-01-02T07:50:05+00:00,1.0,22,False,False,True,True,False,0.0,0.0,0.279,0.285,2.082638888888889,True
17,8687,2026-01-02T08:45:02+00:00,1.0,22,True,True,True,True,True,1.0,1.0,1.0,1.0,0.9492222222222222,True
17,8688,2026-01-02T09:40:05+00:00,1.0,22,False,True,True,True,True,0.717,0.717,0.717,0.727,0.2659722222222222,True
17,8689,2026-01-02T10:35:03+00:00,1.0,22,True,False,False,True,True,1.0,1.0,1.0,1.0,0.04158333333333333,False
17,8690,2026-01-02T11:30:05+00:00,1.0,22,True,False,False,True,True,1.0,1.0,1.0,1.0,0.6016666666666667,True
17,8691,2026-01-02T12:25:02+00:00,1.0,22,False,True,True,True,False,0.0,0.0,0.004,0.004,0.6993333333333333,True
17,8692,2026-01-02T13:20:05+00:00,1.0,22,False,False,False,False,False,0.0,0.0,0.1,0.265,0.0,False
17,8693,2026-01-02T14:15:03+00:00,1.0,22,False,False,False,False,True,0.059,0.201,0.852,0.855,0.0,False
17,8694,2026-01-02T15:10:05+00:00,1.0,22,False,False,False,False,False,0.0,0.021,0.54,0.584,0.0,False
17,8695,2026-01-02T16:05:03+00:00,1.0,22,False,False,False,False,True,0.0,0.0,0.593,0.725,0.0,False
17,8696,2026-01-02T17:00:05+00:00,1.0,22,False,False,False,True,True,0.0,0.075,0.313,0.482,0.0008333333333333304,False
17,8697,2026-01-02T17:55:02+00:00,1.0,22,True,True,True,True,True,1.0,1.0,1.0,1.0,0.5503333333333332,True
17,8698,2026-01-02T18:50:05+00:00,1.0,22,False,False,False,False,False,0.0,0.0,0.0,0.0,0.09916666666666667,False
17,8699,2026-01-02T19:45:02+00:00,1.0,22,False,False,False,False,False,0.0,0.0,0.0,0.001,0.0,False
17,8700,2026-01-02T20:40:05+00:00,1.0,22,False,False,True,True,False,0.0,0.0,0.02,0.046,0.0,False
17,8701,2026-01-02T21:35:03+00:00,1.0,22,True,False,False,False,False,0.129,0.147,0.147,0.147,0.0,False
17,8702,2026-01-02T22:30:05+00:00,1.0,22,False,True,True,True,True,0.008,1.0,1.0,1.0,0.0,False
17,8703,2026-01-02T23:25:03+00:00,1.0,22,True,True,True,True,True,1.0,1.0,1.0,1.0,0.0,False
17,8704,2026-01-03T00:20:05+00:00,1.0,22,False,False,False,False,False,0.0,0.0,0.012,0.012,0.03347222222222223,False
17,8705,2026-01-03T01:15:02+00:00,1.0,22,False,False,False,False,True,0.22,0.909,1.0,1.0,0.07494444444444445,False
17,8706,2026-01-03T02:10:07+00:00,1.0,22,False,False,False,False,False,0.0,0.0,0.0,0.034,0.0,False
17,8707,2026-01-03T03:05:03+00:00,1.0,22,False,False,False,True,False,0.0,0.0,0.273,0.279,0.0,False
17,8708,2026-01-03T04:00:05+00:00,1.0,22,False,True,True,True,True,1.0,1.0,1.0,1.0,0.0001388888888888884,False
17,8709,2026-01-03T04:55:03+00:00,1.0,22,True,True,True,True,True,1.0,1.0,1.0,1.0,0.09175,False
17,8710,2026-01-03T05:50:05+00:00,1.0,22,True,True,True,True,True,1.0,1.0,1.0,1.0,0.016527777777777777,False
17,8711,2026-01-03T06:45:03+00:00,1.0,22,False,False,False,False,True,1.0,1.0,1.0,1.0,0.0,False
17,8712,2026-01-03T07:40:05+00:00,1.0,22,False,False,False,True,True,0.0,0.037,0.693,0.693,0.0,False
17,8713,2026-01-03T08:35:02+00:00,1.0,22,False,True,True,True,True,0.0,0.242,0.647,0.647,0.0,False
17,8714,2026-01-03T09:30:05+00:00,1.0,22,True,True,True,True,True,1.0,1.0,1.0,1.0,0.0,False
17,8715,2026-01-03T10:25:02+00:00,1.0,22,True,True,True,True,False,0.0,0.016,0.025,0.025,0.08344444444444446,False
17,8716,2026-01-03T11:20:05+00:00,1.0,22,False,False,False,False,False,0.0,0.0,0.0,0.0,0.2,True
17,8717,2026-01-03T12:15:03+00:00,1.0,22,False,False,False,False,False,0.0,0.0,0.02,0.02,0.22508333333333336,True
17,8718,2026-01-03T13:10:05+00:00,1.0,22,False,False,False,True,False,0.0,0.0,0.0,0.0,0.41763888888888884,True
17,8719,2026-01-03T14:05:03+00:00,1.0,22,False,True,True,True,False,0.0,0.0,0.152,0.404,1.1430833333333332,True
17,8720,2026-01-03T15:00:05+00:00,1.0,22,False,True,True,True,True,1.0,1.0,1.0,1.0,2.700277777777778,True
17,8721,2026-01-03T15:55:03+00:00,1.0,22,True,True,True,True,True,1.0,1.0,1.0,1.0,2.8834999999999997,True
17,8722,2026-01-03T16:50:05+00:00,1.0,22,True,True,True,True,True,1.0,1.0,1.0,1.0,0.47930555555555554,True
17,8723,2026-01-03T17:45:03+00:00,1.0,22,True,True,True,True,False,0.0,0.0,0.0,0.21,0.3754166666666667,True
17,8724,2026-01-03T18:40:05+00:00,1.0,22,True,True,True,True,True,1.0,1.0,1.0,1.0,0.23277777777777778,True
17,8725,2026-01-03T19:35:03+00:00,1.0,22,True,True,True,True,True,1.0,1.0,1.0,1.0,0.39208333333333334,True
17,8726,2026-01-03T20:30:05+00:00,1.0,22,True,True,True,True,True,1.0,1.0,1.0,1.0,0.34930555555555554,True
17,8727,2026-01-03T21:25:03+00:00,1.0,22,True,True,True,True,True,0.0,0.755,0.896,0.897,0.1,True
17,8728,2026-01-03T22:20:05+00:00,1.0,22,True,True,True,True,False,0.0,0.0,0.281,0.552,0.23388888888888892,True
17,8729,2026-01-03T23:15:02+00:00,1.0,22,True,True,True,True,True,0.0,0.061,0.787,0.83,0.4498888888888889,True
17,8730,2026-01-04T00:10:07+00:00,1.0,22,True,True,True,True,True,0.0,0.135,0.739,0.941,0.2831388888888889,True
17,8731,2026-01-04T01:05:03+00:00,1.0,22,True,True,True,True,False,0.0,0.0,0.248,0.248,0.19158333333333336,True
17,8732,2026-01-04T02:00:05+00:00,1.0,22,True,True,True,True,False,0.0,0.0,0.0,0.001,0.1001388888888889,True
17,8733,2026-01-04T02:55:02+00:00,1.0,22,True,True,True,True,False,0.0,0.003,0.006,0.249,0.1917222222222222,True
17,8734,2026-01-04T03:50:05+00:00,1.0,22,True,True,True,True,False,0.0,0.008,0.054,0.086,0.2,True
17,8735,2026-01-04T04:45:02+00:00,1.0,22,True,True,True,True,True,0.161,0.788,0.841,0.873,0.12494444444444444,True
17,8736,2026-01-04T05:40:05+00:00,1.0,22,True,True,True,True,False,0.0,0.0,0.442,0.719,0.03319444444444444,False
17,8737,2026-01-04T06:35:03+00:00,1.0,22,True,True,True,True,False,0.0,0.0,0.0,0.367,0.0,False
17,8738,2026-01-04T07:30:05+00:00,1.0,22,True,True,True,True,True,1.0,1.0,1.0,1.0,0.0,False
17,8739,2026-01-04T08:25:03+00:00,1.0,22,True,True,True,True,True,0.309,0.315,0.327,0.327,0.0,False
17,8740,2026-01-04T09:20:05+00:00,1.0,22,True,True,True,True,False,0.0,0.0,0.0,0.0,0.03347222222222223,False
17,8741,2026-01-04T10:15:02+00:00,1.0,22,True,True,True,True,True,1.0,1.0,1.0,1.0,0.07494444444444445,False
17,8742,2026-01-04T11:10:05+00:00,1.0,22,True,True,True,True,True,0.0,0.0,0.299,0.299,0.0,False
17,8743,2026-01-04T12:05:03+00:00,1.0,22,True,True,True,True,False,0.0,0.0,0.0,0.0,0.00841666666666666,False
17,8744,2026-01-04T13:00:05+00:00,1.0,22,False,False,False,True,False,0.0,0.0,0.0,0.0,0.1001388888888889,True
17,8745,2026-01-04T13:55:03+00:00,1.0,22,True,False,False,False,False,0.0,0.0,0.003,0.029,0.19175,True
17,8746,2026-01-04T14:50:05+00:00,1.0,22,False,False,True,True,False,0.0,0.0,0.551,0.711,0.03305555555555555,False
17,8747,2026-01-04T15:45:03+00:00,1.0,22,True,True,True,True,False,0.0,0.0,0.0,0.0,0.0,False
17,8748,2026-01-04T16:40:05+00:00,1.0,22,False,False,False,False,False,0.0,0.0,0.054,0.054,0.0,False
17,8749,2026-01-04T17:35:03+00:00,1.0,22,False,False,False,False,False,0.0,0.005,0.861,0.9,0.0,False
17,8750,2026-01-04T18:30:05+00:00,1.0,22,False,False,True,True,False,0.0,0.039,0.145,0.393,0.05013888888888889,False
17,8751,2026-01-04T19:25:03+00:00,1.0,22,True,True,True,True,False,0.0,0.187,0.299,0.3,0.1,True
17,8752,2026-01-04T20:20:05+00:00,1.0,22,False,True,True,True,True,0.0,0.054,0.727,0.773,0.06652777777777778,False
17,8753,2026-01-04T21:15:03+00:00,1.0,22,True,True,True,True,True,1.0,1.0,1.0,1.0,0.07525,False
17,8754,2026-01-04T22:10:07+00:00,1.0,22,False,True,True,True,False,0.0,0.0,0.0,0.277,0.33372222222222225,True
17,8755,2026-01-04T23:05:03+00:00,1.0,22,False,True,True,True,True,0.0,0.187,0.618,0.799,0.52525,True
17,8756,2026-01-05T00:00:05+00:00,1.0,22,False,False,True,True,True,0.973,0.978,0.981,0.982,0.80625,True
17,8757,2026-01-05T00:55:03+00:00,1.0,22,True,True,True,True,True,0.0,0.26,0.712,0.767,4.92875,True
17,8758,2026-01-05T01:50:05+00:00,1.0,22,False,False,False,False,False,0.0,0.0,0.177,0.265,4.214861111111111,True
17,8759,2026-01-05T02:45:02+00:00,1.0,22,False,False,False,False,False,0.0,0.252,0.51,0.743,5.801333333333333,True
17,8760,2026-01-05T03:40:05+00:00,1.0,22,False,False,False,True,True,0.034,0.299,0.459,0.684,2.7925,True
17,8761,2026-01-05T04:35:03+00:00,1.0,22,True,True,True,True,True,1.0,1.0,1.0,1.0,0.8831666666666667,True
17,8762,2026-01-05T05:30:05+00:00,1.0,22,False,True,True,True,False,0.0,0.044,0.2,0.62,1.0005555555555556,True
17,8763,2026-01-05T06:25:03+00:00,1.0,22,True,True,True,True,True,1.0,1.0,1.0,1.0,1.15825,True
17,8764,2026-01-05T07:20:05+00:00,1.0,22,True,False,False,True,True,0.211,0.93,0.984,0.988,0.9326388888888889,True
17,8765,2026-01-05T08:15:02+00:00,1.0,22,False,True,True,True,True,0.274,0.625,0.753,0.753,1.9529999999999998,True
17,8766,2026-01-05T09:10:05+00:00,1.0,22,False,False,False,True,False,0.0,0.114,0.423,0.684,7.041944444444445,True
17,8767,2026-01-05T10:05:03+00:00,1.0,22,True,True,True,True,True,1.0,1.0,1.0,1.0,11.501416666666668,True
17,8768,2026-01-05T11:00:05+00:00,1.0,22,True,True,True,True,True,1.0,1.0,1.0,1.0,3.8955555555555557,True
17,8769,2026-01-05T11:55:03+00:00,1.0,22,True,False,False,True,True,0.008,0.299,0.299,0.314,0.964,True
17,8770,2026-01-05T12:50:05+00:00,1.0,22,True,True,True,True,True,0.0,0.0,0.371,0.481,2.285972222222222,True
17,8771,2026-01-05T13:45:03+00:00,1.0,22,True,True,True,True,False,0.0,0.0,0.0,0.0,3.9515000000000002,True
17,8772,2026-01-05T14:40:05+00:00,1.0,22,False,False,False,True,False,0.0,0.0,0.0,0.0,2.3958333333333335,True
17,8773,2026-01-05T15:35:02+00:00,1.0,22,True,True,True,True,True,1.0,1.0,1.0,1.0,3.093277777777778,True
17,8774,2026-01-05T16:30:05+00:00,1.0,22,True,True,True,True,True,1.0,1.0,1.0,1.0,6.105,True
17,8775,2026-01-05T17:25:03+00:00,1.0,22,True,True,True,True,True,1.0,1.0,1.0,1.0,8.27575,True
17,8776,2026-01-05T18:20:05+00:00,1.0,22,True,True,True,True,True,1.0,1.0,1.0,1.0,6.6577777777777785,True
17,8777,2026-01-05T19:15:03+00:00,1.0,22,True,True,True,True,False,0.0,0.0,0.001,0.038,2.62575,True
17,8778,2026-01-05T20:10:08+00:00,1.0,22,True,True,True,True,True,1.0,1.0,1.0,1.0,2.996,True
17,8779,2026-01-05T21:05:02+00:00,1.0,22,True,False,True,True,False,0.0,0.005,0.227,0.385,1.3741666666666665,True
17,8780,2026-01-05T22:00:05+00:00,1.0,22,True,True,True,True,False,0.0,0.0,0.282,0.343,0.0,False
17,8781,2026-01-05T22:55:03+00:00,1.0,22,False,True,True,True,False,0.0,0.0,0.054,0.327,0.0,False
17,8782,2026-01-05T23:50:05+00:00,1.0,22,False,False,False,True,True,0.0,0.106,0.672,0.684,0.0,False
17,8783,2026-01-06T00:45:03+00:00,1.0,22,False,True,True,True,True,0.984,0.984,0.984,0.989,0.0,False
17,8784,2026-01-06T01:40:05+00:00,1.0,22,False,False,False,False,False,0.0,0.0,0.02,0.199,0.0,False
17,8785,2026-01-06T02:35:03+00:00,1.0,22,False,False,False,True,False,0.0,0.0,0.003,0.011,0.0,False
17,8786,2026-01-06T03:30:05+00:00,1.0,22,False,True,True,True,False,0.0,0.002,0.005,0.005,0.0,False
17,8787,2026-01-06T04:25:03+00:00,1.0,22,False,False,False,False,False,0.0,0.0,0.0,0.647,0.0,False
17,8788,2026-01-06T05:20:05+00:00,1.0,22,False,False,False,False,False,0.0,0.0,0.0,0.0,0.0,False
17,8789,2026-01-06T06:15:03+00:00,1.0,22,False,False,False,True,False,0.0,0.087,0.097,0.186,0.0,False
17,8790,2026-01-06T07:10:05+00:00,1.0,22,True,True,True,True,True,1.0,1.0,1.0,1.0,0.033611111111111105,False
17,8791,2026-01-06T08:05:03+00:00,1.0,22,False,False,False,False,False,0.0,0.0,0.0,0.0,0.2,True
17,8792,2026-01-06T09:00:05+00:00,1.0,22,False,False,False,False,False,0.0,0.0,0.0,0.0,0.19986111111111113,True
17,8793,2026-01-06T09:55:03+00:00,1.0,22,False,False,False,False,False,0.0,0.04,0.044,0.133,0.10825,True
17,8794,2026-01-06T10:50:05+00:00,1.0,22,False,False,False,False,False,0.0,0.0,0.0,0.0,0.016527777777777777,False
17,8795,2026-01-06T11:45:02+00:00,1.0,22,False,False,False,False,False,0.0,0.0,0.0,0.0,0.07505555555555556,False
17,8796,2026-01-06T12:40:05+00:00,1.0,22,False,False,False,False,False,0.0,0.0,0.073,0.127,0.03319444444444444,False
17,8797,2026-01-06T13:35:02+00:00,1.0,22,False,False,False,False,True,0.946,0.947,0.948,0.948,0.0,False
17,8798,2026-01-06T14:30:05+00:00,1.0,22,False,False,False,True,False,0.0,0.0,0.151,0.728,0.15041666666666667,True
17,8799,2026-01-06T15:25:03+00:00,1.0,22,True,True,True,True,True,1.0,1.0,1.0,1.0,0.25825,True
17,8800,2026-01-06T16:20:05+00:00,1.0,22,False,True,True,True,True,1.0,1.0,1.0,1.0,0.2,True
17,8801,2026-01-06T17:15:03+00:00,1.0,22,False,False,False,False,False,0.0,0.0,0.001,0.001,0.14983333333333335,True
17,8802,2026-01-06T18:10:07+00:00,1.0,22,False,True,True,True,False,0.02,0.062,0.277,0.321,0.05058333333333335,False
17,8803,2026-01-06T19:05:03+00:00,1.0,22,True,True,True,True,True,1.0,1.0,1.0,1.0,0.4178333333333332,True
17,8804,2026-01-06T20:00:05+00:00,1.0,22,True,True,True,True,True,0.037,0.71,0.817,0.888,1.697638888888889,True
17,8805,2026-01-06T20:55:03+00:00,1.0,22,True,True,True,True,True,1.0,1.0,1.0,1.0,0.14025,True
17,8806,2026-01-06T21:50:05+00:00,1.0,22,False,False,False,False,True,0.0,0.644,0.744,0.757,0.0,False
17,8807,2026-01-06T22:45:03+00:00,1.0,22,False,False,False,False,True,0.505,0.956,0.972,0.973,0.0,False
17,8808,2026-01-06T23:40:05+00:00,1.0,22,False,False,False,False,False,0.0,0.0,0.495,0.611,0.0,False
17,8809,2026-01-07T00:35:03+00:00,1.0,22,False,False,False,False,True,0.02,0.276,0.285,0.433,0.0,False
17,8810,2026-01-07T01:30:05+00:00,1.0,22,False,False,False,False,False,0.0,0.0,0.0,0.012,0.0,False
17,8811,2026-01-07T02:25:03+00:00,1.0,22,False,False,False,False,False,0.0,0.0,0.0,0.0,0.0,False
17,8812,2026-01-07T03:20:05+00:00,1.0,21,False,False,False,False,False,0.0,0.0,0.013,0.014,0.03347222222222223,False
17,8813,2026-01-07T04:15:02+00:00,1.0,17,False,False,False,False,False,0.0,0.0,0.0,0.0,0.07494444444444445,False
17,8814,2026-01-07T05:10:05+00:00,1.0,18,False,False,False,False,False,0.0,0.0,0.0,0.0,0.0,False
17,8815,2026-01-07T06:05:03+00:00,1.0,22,False,False,False,False,False,0.0,0.0,0.0,0.0,0.0,False
17,8816,2026-01-07T07:00:05+00:00,1.0,22,False,False,False,False,False,0.0,0.0,0.0,0.0,0.0,False
17,8817,2026-01-07T07:55:03+00:00,1.0,22,False,False,False,False,False,0.0,0.0,0.299,0.299,0.0,False
17,8818,2026-01-07T08:50:05+00:00,1.0,22,False,False,False,True,False,0.0,0.0,0.0,0.008,0.0,False
17,8819,2026-01-07T09:45:03+00:00,1.0,22,True,False,True,True,False,0.0,0.008,0.146,0.192,0.15016666666666667,True
17,8820,2026-01-07T10:40:05+00:00,1.0,22,True,True,True,True,True,0.596,1.0,1.0,1.0,1.5361111111111114,True
17,8821,2026-01-07T11:35:03+00:00,1.0,22,True,True,True,True,False,0.0,0.0,0.664,0.674,2.3752500000000003,True
17,8822,2026-01-07T12:30:05+00:00,1.0,22,True,True,True,True,False,0.0,0.063,0.489,0.621,1.8983333333333332,True
17,8823,2026-01-07T13:25:02+00:00,1.0,22,False,False,True,True,True,0.0,0.27,0.407,0.705,1.0079444444444445,True
17,8824,2026-01-07T14:20:05+00:00,1.0,22,False,True,True,True,False,0.0,0.0,0.259,0.488,0.6334722222222222,True
17,8825,2026-01-07T15:15:02+00:00,1.0,22,False,False,True,True,False,0.0,0.04,0.324,0.325,0.6248333333333334,True
17,8826,2026-01-07T16:10:07+00:00,1.0,22,False,True,True,True,True,0.0,0.505,0.703,0.727,0.7035000000000001,True
17,8827,2026-01-07T17:05:02+00:00,1.0,22,False,True,True,True,False,0.0,0.0,0.337,0.799,2.191611111111111,True
17,8828,2026-01-07T18:00:05+00:00,1.0,22,False,False,False,True,False,0.0,0.0,0.026,0.038,2.098055555555556,True
17,8829,2026-01-07T18:55:03+00:00,1.0,22,True,True,True,True,True,1.0,1.0,1.0,1.0,0.8155,True
17,8830,2026-01-07T19:50:05+00:00,1.0,22,False,False,False,False,False,0.0,0.0,0.0,0.0,0.11569444444444443,True
17,8831,2026-01-07T20:45:03+00:00,1.0,22,False,False,False,False,False,0.0,0.0,0.0,0.001,0.0,False
17,8832,2026-01-07T21:40:05+00:00,1.0,22,False,False,False,False,True,0.0,0.112,0.313,0.337,0.0,False
17,8833,2026-01-07T22:35:03+00:00,1.0,22,False,False,True,True,False,0.0,0.0,0.0,0.283,0.35050000000000003,True
17,8834,2026-01-07T23:30:05+00:00,1.0,22,False,False,False,True,False,0.02,0.054,0.081,0.457,0.9008333333333334,True
17,8835,2026-01-08T00:25:03+00:00,1.0,22,False,True,True,True,False,0.0,0.0,0.0,0.403,2.4107499999999997,True
17,8836,2026-01-08T01:20:05+00:00,1.0,22,False,False,False,True,True,0.0,0.0,0.685,0.891,4.267361111111111,True
17,8837,2026-01-08T02:15:02+00:00,1.0,22,True,True,True,True,False,0.054,0.207,0.207,0.207,3.4724999999999997,True
17,8838,2026-01-08T03:10:05+00:00,1.0,18,False,False,False,False,False,0.0,0.0,0.0,0.0,0.1,True
17,8839,2026-01-08T04:05:02+00:00,1.0,7,False,False,False,False,False,0.0,0.0,0.0,0.0,0.09161111111111112,False
17,8840,2026-01-08T15:05:03+00:00,20.0,0,False,False,False,False,False,0.0,0.0,0.0,0.0,0.0,False
17,8841,2026-01-09T02:05:02+00:00,20.0,0,False,False,False,False,False,0.0,0.0,0.0,0.0,0.0,False
17,8842,2026-01-09T03:00:05+00:00,1.0,9,False,False,False,False,False,0.0,0.0,0.0,0.0,0.0,False
17,8843,2026-01-09T03:55:02+00:00,1.0,20,False,False,False,False,False,0.0,0.0,0.0,0.0,0.0,False
17,8844,2026-01-09T04:50:05+00:00,1.0,22,False,False,False,False,False,0.0,0.0,0.0,0.0,0.0,False
17,8845,2026-01-09T05:45:02+00:00,1.0,22,False,False,False,False,False,0.0,0.0,0.0,0.264,0.0,False
17,8846,2026-01-09T06:40:05+00:00,1.0,22,False,False,True,True,False,0.0,0.0,0.046,0.046,0.8016666666666667,True
17,8847,2026-01-09T07:35:02+00:00,1.0,22,False,False,False,False,False,0.0,0.0,0.0,0.0,0.9080555555555555,True
17,8848,2026-01-09T08:30:05+00:00,1.0,22,False,False,False,False,False,0.0,0.0,0.0,0.038,0.49944444444444447,True
17,8849,2026-01-09T09:25:02+00:00,1.0,22,False,False,False,False,False,0.0,0.0,0.0,0.0,0.5086111111111111,True
17,8850,2026-01-09T10:20:05+00:00,1.0,22,False,False,False,False,False,0.0,0.0,0.0,0.0,0.5322222222222223,True
17,8851,2026-01-09T11:15:03+00:00,1.0,22,False,False,False,False,False,0.0,0.0,0.0,0.0,0.0,False
17,8852,2026-01-09T12:10:07+00:00,1.0,22,False,False,False,False,False,0.0,0.0,0.0,0.0,0.016861111111111115,False
17,8853,2026-01-09T13:05:03+00:00,1.0,22,False,False,False,True,False,0.0,0.0,0.0,0.0,0.1,True
17,8854,2026-01-09T14:00:05+00:00,1.0,22,True,True,True,True,False,0.0,0.0,0.199,0.299,0.10083333333333334,True
17,8855,2026-01-09T14:55:02+00:00,1.0,22,False,False,False,False,False,0.0,0.0,0.001,0.004,0.6503333333333333,True
17,8856,2026-01-09T15:50:05+00:00,1.0,22,False,True,True,True,True,0.707,0.707,0.707,0.707,0.8669444444444445,True
17,8857,2026-01-09T16:45:03+00:00,1.0,22,True,True,True,True,True,1.0,1.0,1.0,1.0,1.5006666666666668,True
17,8858,2026-01-09T17:40:05+00:00,1.0,22,True,True,True,True,True,1.0,1.0,1.0,1.0,1.2991666666666668,True
17,8859,2026-01-09T18:35:02+00:00,1.0,22,True,True,True,True,False,0.0,0.0,0.054,0.054,1.4503333333333335,True
17,8860,2026-01-09T19:30:05+00:00,1.0,22,False,True,True,True,False,0.0,0.0,0.054,0.054,0.8476388888888888,True
17,8861,2026-01-09T20:25:03+00:00,1.0,22,False,False,False,False,True,0.207,0.221,0.369,0.786,0.0,False
17,8862,2026-01-09T21:20:05+00:00,1.0,22,False,False,False,False,False,0.0,0.02,0.02,0.371,0.0,False
17,8863,2026-01-09T22:15:03+00:00,1.0,22,False,False,True,True,True,0.0,0.61,0.72,0.799,0.0,False
17,8864,2026-01-09T23:10:05+00:00,1.0,22,True,True,True,True,True,1.0,1.0,1.0,1.0,0.1848611111111111,True
17,8865,2026-01-10T00:05:02+00:00,1.0,22,False,False,False,False,True,0.182,0.958,0.958,0.96,1.0077222222222222,True
17,8866,2026-01-10T01:00:05+00:00,1.0,22,False,False,False,False,False,0.0,0.0,0.034,0.062,0.0,False
17,8867,2026-01-10T01:55:02+00:00,1.0,22,False,False,False,False,False,0.0,0.0,0.0,0.008,0.0,False
17,8868,2026-01-10T02:50:05+00:00,1.0,22,False,False,False,False,False,0.0,0.061,0.504,0.534,0.9181944444444445,True
17,8869,2026-01-10T03:45:02+00:00,1.0,22,False,False,False,False,True,0.0,0.0,0.47,0.562,3.0514444444444444,True
17,8870,2026-01-10T04:40:05+00:00,1.0,22,False,False,False,True,False,0.244,0.266,0.481,0.623,4.16763888888889,True
17,8871,2026-01-10T05:35:02+00:00,1.0,22,True,True,True,True,True,1.0,1.0,1.0,1.0,2.7067222222222225,True
17,8872,2026-01-10T06:30:05+00:00,1.0,22,False,True,True,True,False,0.099,0.099,0.14,0.148,1.1490277777777778,True
17,8873,2026-01-10T07:25:03+00:00,1.0,22,True,True,True,True,True,0.0,0.062,0.823,0.823,0.92525,True
17,8874,2026-01-10T08:20:05+00:00,1.0,22,True,True,True,True,True,1.0,1.0,1.0,1.0,0.7318055555555556,True
17,8875,2026-01-10T09:15:03+00:00,1.0,22,False,True,True,True,False,0.0,0.0,0.0,0.15,0.6772500000000001,True
17,8876,2026-01-10T10:10:07+00:00,1.0,22,True,True,True,True,True,0.0,0.097,0.869,0.882,2.2447500000000002,True
17,8877,2026-01-10T11:05:02+00:00,1.0,22,False,True,True,True,False,0.0,0.0,0.022,0.093,0.00838888888888889,False
17,8878,2026-01-10T12:00:05+00:00,1.0,22,False,True,True,True,True,0.0,0.457,0.464,0.535,0.10041666666666668,True
17,8879,2026-01-10T12:55:02+00:00,1.0,22,False,False,False,True,True,0.0,0.224,0.267,0.512,0.37516666666666665,True
17,8880,2026-01-10T13:50:05+00:00,1.0,22,True,True,True,True,False,0.0,0.0,0.029,0.186,1.985972222222222,True
17,8881,2026-01-10T14:45:02+00:00,1.0,22,True,True,True,True,True,1.0,1.0,1.0,1.0,7.478833333333332,True
17,8882,2026-01-10T15:40:05+00:00,1.0,22,False,False,True,True,True,1.0,1.0,1.0,1.0,3.721944444444444,True
17,8883,2026-01-10T16:35:03+00:00,1.0,22,True,True,True,True,True,1.0,1.0,1.0,1.0,1.2920833333333335,True
17,8884,2026-01-10T17:30:05+00:00,1.0,22,False,True,True,True,False,0.0,0.0,0.0,0.0,0.9484722222222223,True
17,8885,2026-01-10T18:25:03+00:00,1.0,22,False,False,False,False,False,0.0,0.0,0.0,0.0,0.734,True
17,8886,2026-01-10T19:20:05+00:00,1.0,22,False,False,False,False,False,0.046,0.121,0.121,0.121,1.6686111111111113,True
17,8887,2026-01-10T20:15:03+00:00,1.0,22,False,False,True,True,True,0.307,0.351,0.351,0.351,2.2488333333333332,True
17,8888,2026-01-10T21:10:05+00:00,1.0,22,True,True,True,True,True,1.0,1.0,1.0,1.0,1.0655555555555556,True
17,8889,2026-01-10T22:05:02+00:00,1.0,22,True,True,True,True,True,1.0,1.0,1.0,1.0,0.38322222222222224,True
17,8890,2026-01-10T23:00:05+00:00,1.0,22,True,True,True,True,True,1.0,1.0,1.0,1.0,0.19986111111111113,True
17,8891,2026-01-10T23:55:02+00:00,1.0,18,True,False,False,False,True,1.0,1.0,1.0,1.0,0.10827777777777778,True
17,8892,2026-01-11T00:50:05+00:00,1.0,7,False,False,False,False,False,0.0,0.0,0.0,0.0,0.016527777777777777,False
17,8893,2026-01-11T03:35:03+00:00,20.0,0,False,False,False,False,False,0.0,0.0,0.0,0.0,0.0,False
17,8894,2026-01-12T02:30:05+00:00,20.0,0,False,False,False,False,False,0.0,0.0,0.0,0.0,0.0,False
17,8895,2026-01-13T01:25:03+00:00,1.0,4,False,False,False,False,False,0.0,0.0,0.0,0.0,0.0,False
17,8896,2026-01-13T02:20:05+00:00,1.0,15,False,False,False,False,False,0.0,0.0,0.0,0.0,0.0,False
17,8897,2026-01-13T03:15:03+00:00,1.0,22,False,False,False,False,False,0.0,0.0,0.0,0.0,0.0,False
17,8898,2026-01-13T04:10:08+00:00,1.0,22,False,False,False,False,False,0.0,0.0,0.0,0.0,0.0,False
17,8899,2026-01-13T05:05:02+00:00,1.0,22,False,False,False,False,False,0.0,0.0,0.0,0.0,0.0,False
17,8900,2026-01-13T06:00:05+00:00,1.0,13,False,False,False,False,False,0.0,0.0,0.0,0.0,0.0,False
17,8901,2026-01-13T06:55:02+00:00,1.0,2,False,False,False,False,False,0.0,0.0,0.0,0.0,0.0,False
17,8902,2026-01-13T07:50:05+00:00,1.0,1,False,False,False,False,False,0.0,0.0,0.0,0.0,0.0,False
17,8903,2026-01-13T08:45:03+00:00,1.0,12,False,False,False,False,False,0.0,0.0,0.0,0.0,0.0,False
17,8904,2026-01-13T09:40:05+00:00,1.0,16,False,False,False,False,False,0.0,0.0,0.0,0.0,0.0,False
17,8905,2026-01-13T10:35:02+00:00,1.0,5,False,False,False,False,False,0.0,0.0,0.0,0.0,0.0,False
17,8906,2026-01-13T11:30:05+00:00,1.0,1,False,False,False,False,False,0.0,0.0,0.0,0.0,0.0,False
17,8907,2026-01-13T12:25:03+00:00,1.0,12,False,False,False,False,False,0.0,0.0,0.0,0.0,0.04175,False
17,8908,2026-01-13T13:20:05+00:00,1.0,14,False,False,False,False,False,0.0,0.0,0.0,0.0,0.06652777777777778,False
17,8909,2026-01-13T14:15:02+00:00,1.0,3,False,False,False,False,False,0.0,0.0,0.0,0.0,0.0,False
17,8910,2026-01-13T18:50:05+00:00,1.0,1,False,False,False,False,False,0.0,0.0,0.0,0.0,0.0,False
17,8911,2026-01-13T19:45:03+00:00,1.0,2,False,False,False,False,False,0.0,0.0,0.0,0.02,0.0,False
17,8912,2026-01-13T20:40:04+00:00,1.0,1,False,False,False,False,False,0.0,0.0,0.0,0.0,0.0,False
17,8913,2026-01-14T03:05:03+00:00,20.0,0,False,False,False,False,False,0.0,0.0,0.0,0.0,0.0,False
17,8914,2026-01-14T12:20:05+00:00,1.0,14,False,False,False,False,False,0.0,0.0,0.0,0.207,0.0,False
17,8915,2026-01-14T13:15:02+00:00,1.0,13,False,False,False,False,False,0.0,0.0,0.0,0.0,0.0,False
17,8916,2026-01-14T14:10:07+00:00,1.0,18,False,False,False,False,False,0.0,0.0,0.0,0.0,0.0,False
17,8917,2026-01-14T15:05:02+00:00,1.0,9,False,False,False,False,False,0.0,0.0,0.0,0.0,0.0,False
17,8918,2026-01-14T16:00:05+00:00,1.0,3,False,False,False,False,False,0.0,0.0,0.0,0.0,0.0,False
17,8919,2026-01-14T16:55:02+00:00,1.0,2,False,False,False,False,False,0.0,0.0,0.008,0.046,0.0,False
17,8920,2026-01-15T10:40:05+00:00,20.0,0,False,False,False,False,False,0.0,0.0,0.0,0.0,0.0,False
17,8921,2026-01-16T00:25:03+00:00,1.0,4,False,False,False,False,False,0.0,0.0,0.0,0.0,0.0,False
17,8922,2026-01-16T01:20:05+00:00,1.0,7,False,False,False,False,False,0.0,0.0,0.0,0.0,0.0,False
17,8923,2026-01-16T02:15:03+00:00,1.0,3,False,False,False,False,False,0.0,0.0,0.0,0.0,0.0,False
17,8924,2026-01-16T05:00:05+00:00,1.0,7,False,False,False,False,False,0.0,0.0,0.0,0.0,0.0,False
17,8925,2026-01-16T05:55:03+00:00,1.0,18,False,False,False,False,False,0.0,0.0,0.0,0.0,0.0,False
17,8926,2026-01-16T06:50:05+00:00,1.0,19,False,False,False,False,False,0.0,0.0,0.0,0.037,0.0,False
17,8927,2026-01-16T07:45:02+00:00,1.0,8,False,False,False,False,False,0.0,0.0,0.0,0.001,0.0,False
17,8928,2026-01-16T08:40:05+00:00,20.0,0,False,False,False,False,False,0.0,0.0,0.0,0.0,0.0,False
17,8929,2026-01-16T15:25:02+00:00,20.0,0,False,False,False,False,False,0.0,0.0,0.0,0.0,0.0,False
17,8930,2026-01-17T18:55:02+00:00,20.0,0,False,False,False,False,False,0.0,0.0,0.0,0.0,0.0,False
17,8931,2026-01-18T09:35:03+00:00,20.0,0,False,False,False,False,False,0.0,0.0,0.0,0.0,0.0,False
17,8932,2026-01-19T06:40:05+00:00,20.0,0,False,False,False,False,False,0.0,0.0,0.0,0.0,0.0,False
17,8933,2026-01-20T23:15:03+00:00,1.0,10,False,False,False,False,False,0.0,0.0,0.0,0.0,0.0,False
17,8934,2026-01-21T00:10:07+00:00,1.0,16,False,False,False,False,False,0.0,0.0,0.0,0.0,0.0,False
17,8935,2026-01-21T01:05:03+00:00,1.0,17,False,False,False,False,False,0.0,0.0,0.0,0.0,0.0,False
17,8936,2026-01-21T02:00:05+00:00,1.0,22,False,False,False,False,False,0.0,0.0,0.0,0.0,0.0,False
17,8937,2026-01-21T02:55:02+00:00,1.0,22,False,False,False,False,False,0.0,0.0,0.0,0.0,0.0,False
17,8938,2026-01-21T03:50:05+00:00,1.0,17,False,False,False,False,False,0.0,0.0,0.0,0.0,0.0,False
17,8939,2026-01-21T04:45:02+00:00,1.0,17,False,False,False,False,False,0.0,0.0,0.0,0.0,0.0,False
17,8940,2026-01-21T05:40:05+00:00,1.0,11,False,False,False,False,False,0.0,0.0,0.0,0.0,0.06680555555555556,False
17,8941,2026-01-21T07:30:05+00:00,1.0,6,False,False,False,False,False,0.0,0.0,0.0,0.0,0.2498611111111111,True
17,8942,2026-01-21T08:25:03+00:00,1.0,17,False,False,False,False,False,0.0,0.0,0.0,0.0,0.24175000000000002,True
17,8943,2026-01-21T09:20:05+00:00,1.0,22,False,False,False,False,False,0.0,0.0,0.0,0.0,0.3669444444444444,True
17,8944,2026-01-21T11:40:06+00:00,1.0,22,False,False,False,False,False,0.0,0.0,0.0,0.0,0.36583333333333334,True
17,8945,2026-01-21T12:35:02+00:00,1.0,22,False,True,True,True,False,0.0,0.0,0.0,0.408,0.14161111111111113,True
17,8946,2026-01-21T13:30:05+00:00,1.0,22,False,False,False,False,False,0.0,0.0,0.0,0.054,0.1,True
17,8947,2026-01-21T14:25:03+00:00,1.0,22,False,False,False,False,False,0.0,0.0,0.0,0.0,0.05825,False
17,8948,2026-01-21T15:20:05+00:00,1.0,22,False,False,False,True,False,0.0,0.0,0.0,0.046,0.0,False
17,8949,2026-01-21T16:15:03+00:00,1.0,22,False,False,False,False,False,0.0,0.0,0.0,0.0,0.025083333333333336,False
17,8950,2026-01-21T17:10:05+00:00,1.0,22,False,False,False,False,False,0.0,0.0,0.0,0.0,0.11680555555555557,True
17,8951,2026-01-21T18:05:02+00:00,1.0,22,False,False,True,True,True,0.0,0.0,0.701,0.701,0.2167777777777778,True
17,8952,2026-01-21T19:00:05+00:00,1.0,22,True,False,False,False,True,1.0,1.0,1.0,1.0,0.40069444444444446,True
17,8953,2026-01-21T19:55:03+00:00,1.0,22,False,False,False,False,False,0.0,0.0,0.0,0.0,0.85875,True
17,8954,2026-01-21T20:50:05+00:00,1.0,22,False,False,False,False,False,0.0,0.0,0.213,0.371,0.4826388888888889,True
17,8955,2026-01-21T21:45:02+00:00,1.0,22,False,False,False,False,False,0.0,0.0,0.0,0.0,0.09977777777777778,False
17,8956,2026-01-21T22:40:05+00:00,1.0,22,False,False,False,False,False,0.0,0.0,0.0,0.0,0.0,False
17,8957,2026-01-21T23:35:02+00:00,1.0,22,False,False,False,False,False,0.0,0.0,0.0,0.0,0.0,False
17,8958,2026-01-22T00:30:05+00:00,1.0,22,False,False,False,False,False,0.0,0.0,0.0,0.0,0.05013888888888889,False
17,8959,2026-01-22T01:25:02+00:00,1.0,22,False,False,False,False,False,0.0,0.0,0.0,0.0,0.18344444444444447,True
17,8960,2026-01-22T02:20:05+00:00,1.0,22,False,False,False,False,False,0.0,0.0,0.0,0.0,0.1995833333333333,True
17,8961,2026-01-22T03:15:03+00:00,1.0,22,False,False,False,False,False,0.0,0.0,0.0,0.403,0.0,False
17,8962,2026-01-22T04:10:07+00:00,1.0,22,False,False,False,False,False,0.0,0.0,0.0,0.0,0.0,False
17,8963,2026-01-22T05:05:03+00:00,1.0,22,False,False,False,False,False,0.0,0.0,0.0,0.0,0.0,False
17,8964,2026-01-22T06:00:04+00:00,1.0,22,False,False,False,False,False,0.0,0.0,0.0,0.0,0.0,False
17,8965,2026-01-22T06:55:02+00:00,1.0,22,False,False,False,False,False,0.0,0.0,0.0,0.0,0.0,False
17,8966,2026-01-22T07:50:05+00:00,1.0,22,False,False,False,False,False,0.0,0.0,0.0,0.0,0.0,False
17,8967,2026-01-22T08:45:03+00:00,1.0,22,False,False,False,False,False,0.0,0.0,0.02,0.034,0.0,False
17,8968,2026-01-22T09:40:05+00:00,1.0,22,False,False,False,False,False,0.0,0.0,0.0,0.0,0.0,False
17,8969,2026-01-22T10:35:02+00:00,1.0,22,False,False,False,False,False,0.0,0.0,0.0,0.0,0.11677777777777779,True
17,8970,2026-01-22T11:30:05+00:00,1.0,22,False,False,False,False,False,0.0,0.0,0.0,0.0,0.09972222222222223,False
17,8971,2026-01-22T12:25:03+00:00,1.0,22,False,False,False,False,False,0.0,0.0,0.0,0.013,0.0835,False
17,8972,2026-01-22T13:20:05+00:00,1.0,22,False,False,False,False,False,0.0,0.0,0.0,0.0,0.5681944444444446,True
17,8973,2026-01-22T14:15:03+00:00,1.0,22,False,False,False,False,False,0.0,0.0,0.207,0.341,1.0491666666666666,True
17,8974,2026-01-22T15:10:05+00:00,1.0,22,False,False,False,False,False,0.0,0.0,0.0,0.054,0.24958333333333332,True
17,8975,2026-01-22T16:05:03+00:00,1.0,22,False,False,False,False,False,0.0,0.0,0.035,0.055,0.0,False
17,8976,2026-01-22T17:00:05+00:00,1.0,22,False,False,False,False,False,0.0,0.0,0.0,0.0,0.0,False
17,8977,2026-01-22T17:55:03+00:00,1.0,22,False,False,True,True,False,0.0,0.0,0.0,0.0,0.0,False
17,8978,2026-01-22T18:50:05+00:00,1.0,22,False,False,True,True,False,0.0,0.0,0.0,0.0,0.0,False
17,8979,2026-01-22T19:45:03+00:00,1.0,22,False,False,False,False,False,0.0,0.0,0.0,0.0,0.0,False
17,8980,2026-01-22T20:40:05+00:00,1.0,22,False,False,False,True,False,0.0,0.0,0.358,0.549,0.0,False
17,8981,2026-01-22T21:35:02+00:00,1.0,22,False,True,True,True,False,0.0,0.0,0.0,0.0,0.0,False
17,8982,2026-01-22T22:30:05+00:00,1.0,22,False,False,False,False,True,0.717,0.717,0.717,0.717,0.0,False
17,8983,2026-01-22T23:25:03+00:00,1.0,22,False,False,False,False,False,0.0,0.0,0.003,0.008,0.0,False
17,8984,2026-01-23T00:20:05+00:00,1.0,22,False,False,False,False,False,0.0,0.0,0.0,0.0,0.0,False
17,8985,2026-01-23T01:15:02+00:00,1.0,22,False,False,False,False,False,0.0,0.0,0.0,0.207,0.0,False
17,8986,2026-01-23T02:10:07+00:00,1.0,22,False,False,False,False,False,0.0,0.0,0.0,0.008,0.0,False
17,8987,2026-01-23T03:05:03+00:00,1.0,22,False,False,False,False,False,0.0,0.0,0.0,0.0,0.0,False
17,8988,2026-01-23T04:00:05+00:00,1.0,22,False,False,False,False,False,0.0,0.0,0.0,0.0,0.0,False
17,8989,2026-01-23T04:55:02+00:00,1.0,22,False,False,False,False,False,0.0,0.0,0.0,0.495,0.0,False
17,8990,2026-01-23T05:50:05+00:00,1.0,22,False,False,False,False,False,0.0,0.0,0.0,0.0,0.0,False
17,8991,2026-01-23T06:45:03+00:00,1.0,22,False,False,False,False,False,0.046,0.076,0.076,0.076,0.0,False
17,8992,2026-01-23T07:40:05+00:00,1.0,22,False,True,True,True,False,0.0,0.0,0.0,0.037,0.0,False
17,8993,2026-01-23T08:35:03+00:00,1.0,22,False,False,False,False,False,0.046,0.046,0.046,0.046,0.0,False
17,8994,2026-01-23T09:30:05+00:00,1.0,22,False,False,False,False,False,0.0,0.0,0.0,0.0,0.0,False
17,8995,2026-01-23T10:25:03+00:00,1.0,22,False,False,False,False,False,0.0,0.0,0.0,0.0,0.0,False
17,8996,2026-01-23T11:20:05+00:00,1.0,22,False,False,False,False,False,0.0,0.0,0.0,0.0,0.0,False
17,8997,2026-01-23T12:15:03+00:00,1.0,22,False,False,False,False,False,0.0,0.0,0.0,0.0,0.0,False
17,8998,2026-01-23T13:10:05+00:00,1.0,22,False,False,False,False,False,0.0,0.0,0.0,0.0,0.0,False
17,8999,2026-01-23T14:05:03+00:00,1.0,22,False,False,False,False,False,0.0,0.0,0.0,0.0,0.0,False
18,9000,2026-01-23T15:00:05+00:00,1.0,22,False,False,False,False,False,0.0,0.0,0.0,0.0,0.0,False
18,9001,2026-01-23T15:55:03+00:00,1.0,22,False,False,False,False,False,0.0,0.0,0.0,0.0,0.0,False
18,9002,2026-01-23T16:50:05+00:00,1.0,22,False,False,False,False,False,0.0,0.0,0.0,0.0,0.0,False
18,9003,2026-01-23T17:45:03+00:00,1.0,22,False,False,False,False,False,0.0,0.0,0.0,0.0,0.0,False
18,9004,2026-01-23T18:40:05+00:00,1.0,22,False,False,False,False,False,0.0,0.0,0.647,0.647,0.0,False
18,9005,2026-01-23T19:35:02+00:00,1.0,22,False,False,False,False,False,0.0,0.0,0.0,0.0,0.0,False
18,9006,2026-01-23T20:30:05+00:00,1.0,22,False,False,False,False,False,0.0,0.0,0.0,0.046,0.0,False
18,9007,2026-01-23T21:25:02+00:00,1.0,22,False,False,False,False,False,0.0,0.0,0.0,0.0,0.0,False
18,9008,2026-01-23T22:20:05+00:00,1.0,22,False,False,False,False,False,0.0,0.0,0.0,0.0,0.0,False
18,9009,2026-01-23T23:15:03+00:00,1.0,22,False,False,False,False,False,0.0,0.0,0.0,0.0,0.0,False
18,9010,2026-01-24T00:10:07+00:00,1.0,22,False,False,False,False,False,0.0,0.0,0.0,0.054,0.0,False
18,9011,2026-01-24T01:05:03+00:00,1.0,22,False,False,False,False,False,0.0,0.0,0.0,0.0,0.0,False
18,9012,2026-01-24T02:00:05+00:00,1.0,22,False,False,False,False,False,0.0,0.0,0.0,0.0,0.0,False
18,9013,2026-01-24T02:55:03+00:00,1.0,22,False,False,False,False,False,0.0,0.0,0.0,0.663,0.0,False
18,9014,2026-01-24T03:50:05+00:00,1.0,22,False,False,True,True,False,0.0,0.0,0.261,0.582,0.0,False
18,9015,2026-01-24T04:45:03+00:00,1.0,19,True,True,True,True,False,0.0,0.0,0.02,0.02,0.0,False
18,9016,2026-01-24T05:40:05+00:00,1.0,10,False,False,False,False,False,0.0,0.0,0.0,0.0,0.0,False
18,9017,2026-01-24T06:35:03+00:00,1.0,2,False,False,False,False,False,0.0,0.0,0.0,0.0,0.0,False
18,9018,2026-01-24T07:30:05+00:00,1.0,7,False,False,False,False,False,0.0,0.0,0.008,0.054,0.0,False
18,9019,2026-01-24T08:25:02+00:00,1.0,18,False,False,False,False,False,0.0,0.0,0.0,0.0,0.0,False
18,9020,2026-01-24T09:20:05+00:00,1.0,22,False,False,False,True,True,0.0,0.0,0.278,0.378,0.0,False
18,9021,2026-01-24T10:15:02+00:00,1.0,22,False,True,True,True,False,0.0,0.099,0.593,0.594,0.3758333333333333,True
18,9022,2026-01-24T11:10:05+00:00,1.0,22,False,False,True,True,False,0.0,0.0,0.0,0.156,1.3991666666666667,True
18,9023,2026-01-24T12:05:03+00:00,1.0,22,False,True,True,True,True,1.0,1.0,1.0,1.0,0.8915833333333333,True
18,9024,2026-01-24T13:00:05+00:00,1.0,22,True,True,True,True,False,0.146,0.146,0.146,0.168,0.8008333333333334,True
18,9025,2026-01-24T13:55:02+00:00,1.0,22,False,False,True,True,True,1.0,1.0,1.0,1.0,1.3503333333333332,True
18,9026,2026-01-24T14:50:05+00:00,1.0,22,True,True,True,True,False,0.0,0.0,0.0,0.004,0.6487499999999999,True
18,9027,2026-01-24T15:45:02+00:00,1.0,22,False,True,True,True,False,0.0,0.0,0.0,0.008,1.325611111111111,True
18,9028,2026-01-24T16:40:05+00:00,1.0,22,False,False,False,False,False,0.0,0.0,0.008,0.008,0.5311111111111111,True
18,9029,2026-01-24T17:35:02+00:00,1.0,22,False,False,False,False,False,0.0,0.0,0.0,0.244,0.0,False
18,9030,2026-01-24T18:30:05+00:00,1.0,22,False,False,True,True,False,0.0,0.0,0.0,0.054,0.0,False
18,9031,2026-01-24T19:25:03+00:00,1.0,22,True,False,False,False,False,0.0,0.0,0.341,0.403,0.0,False
18,9032,2026-01-24T20:20:05+00:00,1.0,22,False,True,True,True,False,0.0,0.0,0.0,0.0,0.0,False
18,9033,2026-01-24T21:15:02+00:00,1.0,22,True,True,True,True,True,1.0,1.0,1.0,1.0,0.0,False
18,9034,2026-01-24T22:10:07+00:00,1.0,22,True,True,True,True,True,1.0,1.0,1.0,1.0,0.0,False
18,9035,2026-01-24T23:05:02+00:00,1.0,22,True,False,True,True,True,1.0,1.0,1.0,1.0,0.04194444444444445,False
18,9036,2026-01-25T00:00:06+00:00,1.0,22,False,False,True,True,True,0.241,0.299,0.509,0.521,0.502,True
18,9037,2026-01-25T00:55:03+00:00,1.0,22,True,True,True,True,True,1.0,1.0,1.0,1.0,1.601,True
18,9038,2026-01-25T01:50:06+00:00,1.0,22,True,True,True,True,True,1.0,1.0,1.0,1.0,0.865,True
18,9039,2026-01-25T02:45:03+00:00,1.0,22,False,True,True,True,True,1.0,1.0,1.0,1.0,0.5498333333333334,True
18,9040,2026-01-25T03:40:05+00:00,1.0,22,False,False,False,False,False,0.092,0.229,0.459,0.461,0.5,True
18,9041,2026-01-25T04:35:03+00:00,1.0,22,False,False,False,False,False,0.0,0.0,0.054,0.054,0.20791666666666667,True
18,9042,2026-01-25T05:30:05+00:00,1.0,22,False,False,False,True,True,0.0,0.64,0.704,0.724,0.0,False
18,9043,2026-01-25T06:25:02+00:00,1.0,22,True,True,True,True,True,1.0,1.0,1.0,1.0,0.0,False
18,9044,2026-01-25T07:20:05+00:00,1.0,22,False,False,False,True,False,0.0,0.0,0.078,0.178,0.0,False
18,9045,2026-01-25T08:15:03+00:00,1.0,22,False,False,True,True,True,0.0,0.517,0.82,0.82,0.0,False
18,9046,2026-01-25T09:10:05+00:00,1.0,22,False,False,False,False,True,0.0,0.462,0.9,0.9,0.0,False
18,9047,2026-01-25T10:05:03+00:00,1.0,22,False,False,False,False,False,0.0,0.0,0.037,0.153,0.0,False
18,9048,2026-01-25T11:00:05+00:00,1.0,22,False,False,False,False,False,0.0,0.0,0.029,0.03,0.0001388888888888884,False
18,9049,2026-01-25T11:55:03+00:00,1.0,22,False,False,False,False,False,0.0,0.0,0.054,0.177,0.09175,False
18,9050,2026-01-25T12:50:05+00:00,1.0,22,False,False,False,False,False,0.0,0.0,0.0,0.059,0.6843055555555556,True
18,9051,2026-01-25T13:45:02+00:00,1.0,22,False,True,True,True,False,0.0,0.0,0.0,0.0,0.19955555555555557,True
18,9052,2026-01-25T14:40:05+00:00,1.0,22,False,False,False,False,False,0.0,0.0,0.004,0.256,0.2004166666666667,True
18,9053,2026-01-25T15:35:02+00:00,1.0,22,False,False,False,True,True,1.0,1.0,1.0,1.0,0.12483333333333332,True
18,9054,2026-01-25T16:30:05+00:00,1.0,22,True,True,True,True,False,0.0,0.0,0.013,0.014,0.0,False
18,9055,2026-01-25T17:25:03+00:00,1.0,22,False,False,True,True,True,0.701,0.701,0.703,0.767,0.0,False
18,9056,2026-01-25T18:20:05+00:00,1.0,22,True,True,True,True,True,1.0,1.0,1.0,1.0,1.5731944444444446,True
18,9057,2026-01-25T19:15:03+00:00,1.0,22,True,True,True,True,True,1.0,1.0,1.0,1.0,7.18325,True
18,9058,2026-01-25T20:10:07+00:00,1.0,22,True,True,True,True,True,1.0,1.0,1.0,1.0,12.660972222222222,True
18,9059,2026-01-25T21:05:03+00:00,1.0,22,True,True,True,True,True,1.0,1.0,1.0,1.0,3.27675,True
18,9060,2026-01-25T22:00:05+00:00,1.0,22,True,True,True,True,True,1.0,1.0,1.0,1.0,5.2034722222222225,True
18,9061,2026-01-25T22:55:02+00:00,1.0,22,True,True,True,True,True,1.0,1.0,1.0,1.0,7.493055555555555,True
18,9062,2026-01-25T23:50:05+00:00,1.0,22,True,True,True,True,True,1.0,1.0,1.0,1.0,6.781805555555556,True
18,9063,2026-01-26T00:45:02+00:00,1.0,22,True,True,True,True,True,0.942,1.0,1.0,1.0,3.522722222222222,True
18,9064,2026-01-26T01:40:05+00:00,1.0,22,True,True,True,True,False,0.0,0.0,0.0,0.341,0.8966666666666666,True
18,9065,2026-01-26T02:35:02+00:00,1.0,22,True,True,True,True,True,1.0,1.0,1.0,1.0,0.04161111111111111,False
18,9066,2026-01-26T03:30:05+00:00,1.0,22,True,True,True,True,False,0.0,0.366,0.565,0.565,0.0,False
18,9067,2026-01-26T04:25:03+00:00,1.0,22,False,True,True,True,False,0.0,0.0,0.0,0.0,0.0,False
18,9068,2026-01-26T05:20:05+00:00,1.0,22,False,False,False,False,False,0.0,0.0,0.0,0.0,0.0,False
18,9069,2026-01-26T06:15:03+00:00,1.0,22,False,False,False,False,False,0.0,0.0,0.0,0.0,0.0,False
18,9070,2026-01-26T08:30:05+00:00,1.0,22,False,False,False,False,False,0.0,0.0,0.0,0.0,0.0,False
18,9071,2026-01-26T09:25:02+00:00,1.0,22,False,False,False,False,False,0.0,0.0,0.0,0.0,0.0,False
18,9072,2026-01-26T10:20:05+00:00,1.0,22,False,False,False,False,False,0.0,0.0,0.0,0.0,0.03347222222222223,False
18,9073,2026-01-26T11:15:03+00:00,1.0,22,False,False,False,False,False,0.0,0.0,0.0,0.0,0.07491666666666667,False
18,9074,2026-01-28T02:45:02+00:00,1.0,9,False,False,False,False,False,0.0,0.0,0.0,0.0,0.0,False
18,9075,2026-01-28T03:40:05+00:00,1.0,20,False,False,False,False,False,0.0,0.0,0.0,0.0,0.0,False
18,9076,2026-01-28T04:35:03+00:00,1.0,22,False,False,False,False,False,0.0,0.0,0.0,0.0,0.0,False
18,9077,2026-01-28T05:30:05+00:00,1.0,22,False,False,False,False,False,0.0,0.0,0.0,0.0,0.0,False
18,9078,2026-01-28T06:25:02+00:00,1.0,22,False,False,False,False,False,0.0,0.0,0.0,0.0,0.0,False
18,9079,2026-01-28T08:30:05+00:00,1.0,22,False,False,False,False,False,0.0,0.0,0.0,0.0,0.0,False
18,9080,2026-01-28T09:25:03+00:00,1.0,22,False,False,False,False,False,0.0,0.0,0.0,0.0,0.167,True
18,9081,2026-01-28T10:20:05+00:00,1.0,22,False,False,False,True,False,0.0,0.0,0.036,0.055,0.4,True
18,9082,2026-01-28T11:15:03+00:00,1.0,22,False,False,False,True,True,0.0,0.046,0.299,0.299,0.32475000000000004,True
18,9083,2026-01-28T12:10:07+00:00,1.0,22,False,True,True,True,False,0.0,0.0,0.159,0.228,0.25175000000000003,True
18,9084,2026-01-28T14:30:05+00:00,1.0,22,True,True,True,True,True,0.0,0.572,1.0,1.0,7.608611111111111,True
18,9085,2026-01-28T15:25:03+00:00,1.0,22,True,True,True,True,False,0.0,0.0,0.073,0.073,7.819249999999999,True
18,9086,2026-01-28T16:20:05+00:00,1.0,22,True,True,True,True,True,0.017,0.223,0.259,0.764,2.89625,True
18,9087,2026-01-28T17:15:02+00:00,1.0,22,True,True,True,True,False,0.0,0.054,0.227,0.241,0.824388888888889,True
18,9088,2026-01-28T18:10:07+00:00,1.0,22,True,True,True,True,True,1.0,1.0,1.0,1.0,0.0,False
18,9089,2026-01-28T19:05:02+00:00,1.0,22,True,False,False,False,False,0.0,0.0,0.0,0.0,0.0,False
18,9090,2026-01-28T20:00:05+00:00,1.0,22,False,False,False,False,True,0.835,1.0,1.0,1.0,0.0,False
18,9091,2026-01-28T20:55:02+00:00,1.0,22,False,False,False,False,False,0.0,0.0,0.151,0.252,0.0,False
18,9092,2026-01-28T21:50:05+00:00,1.0,22,False,False,False,False,False,0.0,0.0,0.0,0.0,0.0,False
18,9093,2026-01-28T22:45:02+00:00,1.0,22,False,False,False,False,False,0.0,0.0,0.0,0.151,0.0,False
18,9094,2026-01-28T23:40:05+00:00,1.0,22,False,False,False,False,False,0.0,0.046,0.054,0.054,0.0,False
18,9095,2026-01-29T00:35:02+00:00,1.0,22,False,False,False,False,False,0.0,0.0,0.0,0.034,0.0,False
18,9096,2026-01-29T01:30:05+00:00,1.0,22,False,False,False,False,False,0.0,0.0,0.0,0.0,0.0,False
18,9097,2026-01-29T02:25:03+00:00,1.0,22,False,False,False,False,False,0.0,0.0,0.0,0.0,0.0,False
18,9098,2026-01-29T03:20:05+00:00,1.0,13,False,False,False,False,False,0.0,0.0,0.0,0.0,0.0,False
18,9099,2026-01-29T04:15:03+00:00,1.0,2,False,False,False,False,False,0.0,0.0,0.0,0.0,0.0,False
18,9100,2026-01-29T05:10:05+00:00,1.0,1,False,False,False,False,False,0.0,0.0,0.153,0.244,0.0,False
18,9101,2026-01-29T06:05:03+00:00,1.0,12,False,False,False,False,False,0.0,0.0,0.0,0.0,0.0,False
18,9102,2026-01-29T07:00:05+00:00,1.0,22,False,False,False,False,False,0.0,0.0,0.0,0.0,0.0,False
18,9103,2026-01-29T07:55:02+00:00,1.0,22,False,False,False,False,False,0.0,0.0,0.0,0.0,0.0,False
18,9104,2026-01-29T08:50:05+00:00,1.0,22,False,False,False,False,False,0.0,0.0,0.0,0.0,0.0,False
18,9105,2026-01-29T09:45:02+00:00,1.0,22,False,False,False,False,False,0.0,0.0,0.0,0.0,0.0,False
18,9106,2026-01-29T10:40:05+00:00,1.0,22,False,False,False,False,False,0.0,0.0,0.0,0.0,0.06680555555555556,False
18,9107,2026-01-29T11:35:02+00:00,1.0,22,False,False,False,False,False,0.0,0.0,0.0,0.0,0.1,True
18,9108,2026-01-29T12:30:05+00:00,1.0,22,False,False,False,False,False,0.0,0.0,0.0,0.0,0.1,True
18,9109,2026-01-29T13:25:02+00:00,1.0,22,False,False,False,False,False,0.0,0.0,0.0,0.054,0.1,True
18,9110,2026-01-29T14:20:05+00:00,1.0,22,False,False,False,False,False,0.0,0.0,0.001,0.001,0.16694444444444445,True
18,9111,2026-01-29T15:15:02+00:00,1.0,22,False,False,False,False,False,0.0,0.0,0.0,0.0,0.32505555555555554,True
18,9112,2026-01-29T16:10:07+00:00,1.0,22,False,False,False,True,False,0.0,0.0,0.0,0.0,0.4,True
18,9113,2026-01-29T17:05:02+00:00,1.0,11,False,True,True,True,False,0.0,0.0,0.0,0.0,0.4083888888888889,True
18,9114,2026-01-29T18:00:05+00:00,1.0,3,False,False,False,False,False,0.0,0.0,0.0,0.0,0.5001388888888889,True
18,9115,2026-01-29T18:55:03+00:00,1.0,3,False,False,False,False,False,0.0,0.0,0.0,0.0,0.59175,True
18,9116,2026-01-29T20:45:03+00:00,1.0,5,False,False,False,False,False,0.0,0.0,0.0,0.0,0.17475000000000002,True
18,9117,2026-01-29T21:40:05+00:00,1.0,11,False,False,False,False,False,0.0,0.0,0.0,0.0,0.03319444444444444,False
18,9118,2026-01-29T22:35:03+00:00,1.0,17,False,False,False,False,False,0.0,0.0,0.008,0.187,0.0,False
18,9119,2026-01-29T23:30:05+00:00,1.0,22,False,False,False,False,False,0.0,0.0,0.0,0.006,0.0,False
18,9120,2026-01-30T00:25:02+00:00,1.0,22,False,False,False,False,False,0.0,0.0,0.0,0.0,0.0,False
18,9121,2026-01-30T01:20:05+00:00,1.0,22,False,False,False,False,False,0.0,0.0,0.002,0.005,0.0,False
18,9122,2026-01-30T02:15:03+00:00,1.0,22,False,False,False,False,False,0.0,0.0,0.0,0.008,0.0,False
18,9123,2026-01-30T03:10:05+00:00,1.0,22,False,False,False,False,False,0.0,0.0,0.0,0.0,0.0,False
18,9124,2026-01-30T04:05:03+00:00,1.0,22,False,False,False,False,False,0.0,0.005,0.022,0.022,0.0,False
18,9125,2026-01-30T05:00:05+00:00,1.0,22,False,False,False,False,False,0.0,0.0,0.0,0.0,0.0,False
18,9126,2026-01-30T05:55:02+00:00,1.0,22,False,False,False,False,False,0.0,0.0,0.0,0.207,0.0,False
18,9127,2026-01-30T06:50:05+00:00,1.0,22,False,False,False,False,False,0.0,0.057,0.057,0.057,2.1702777777777778,True
18,9128,2026-01-30T07:45:02+00:00,1.0,22,False,False,False,True,False,0.0,0.0,0.0,0.145,0.8737222222222222,True
18,9129,2026-01-30T08:40:05+00:00,1.0,22,True,True,True,True,False,0.0,0.0,0.032,0.032,0.09958333333333333,False
18,9130,2026-01-30T09:35:03+00:00,1.0,22,True,True,True,True,True,1.0,1.0,1.0,1.0,0.0,False
18,9131,2026-01-30T10:30:05+00:00,1.0,22,True,True,True,True,True,1.0,1.0,1.0,1.0,0.7520833333333333,True
18,9132,2026-01-30T11:25:03+00:00,1.0,22,True,True,True,True,True,1.0,1.0,1.0,1.0,2.62725,True
18,9133,2026-01-30T12:20:05+00:00,1.0,22,False,False,False,False,False,0.0,0.0,0.0,0.341,3.9322222222222223,True
18,9134,2026-01-30T13:15:03+00:00,1.0,22,False,False,False,False,False,0.0,0.0,0.0,0.0,2.72275,True
18,9135,2026-01-30T14:10:07+00:00,1.0,22,False,False,False,False,False,0.0,0.0,0.0,0.341,0.5819722222222221,True
18,9136,2026-01-30T15:05:03+00:00,1.0,22,False,False,False,False,False,0.0,0.005,0.022,0.39,0.0,False
18,9137,2026-01-30T16:00:05+00:00,1.0,22,False,False,False,False,False,0.0,0.0,0.0,0.153,0.0,False
18,9138,2026-01-30T16:55:02+00:00,1.0,22,False,False,False,False,False,0.0,0.0,0.0,0.0,0.0,False
18,9139,2026-01-30T17:50:05+00:00,1.0,22,False,False,False,True,False,0.0,0.0,0.0,0.046,0.0,False
18,9140,2026-01-30T18:45:02+00:00,1.0,22,True,True,True,True,True,0.95,0.958,0.973,1.0,0.0,False
18,9141,2026-01-30T19:40:05+00:00,1.0,22,True,True,True,True,True,1.0,1.0,1.0,1.0,0.0,False
18,9142,2026-01-30T20:35:03+00:00,1.0,22,False,False,False,False,False,0.024,0.024,0.024,0.043,0.05841666666666667,False
18,9143,2026-01-30T21:30:06+00:00,1.0,22,False,False,False,False,False,0.0,0.0,0.001,0.003,1.5046666666666668,True
18,9144,2026-01-30T22:25:02+00:00,1.0,22,False,False,False,False,False,0.0,0.0,0.019,0.096,2.315888888888889,True
18,9145,2026-01-30T23:20:06+00:00,1.0,22,False,False,False,False,False,0.0,0.439,0.693,0.74,0.9975,True
18,9146,2026-01-31T00:15:03+00:00,1.0,22,False,False,False,False,False,0.0,0.004,0.017,0.464,0.0,False
18,9147,2026-01-31T01:10:05+00:00,1.0,22,False,False,False,False,False,0.0,0.0,0.016,0.017,0.0,False
18,9148,2026-01-31T02:05:02+00:00,1.0,22,False,False,False,False,False,0.0,0.0,0.0,0.008,0.0,False
18,9149,2026-01-31T03:00:05+00:00,1.0,22,False,False,False,False,True,0.058,0.701,0.701,0.701,0.0,False
18,9150,2026-01-31T03:55:02+00:00,1.0,19,False,False,False,False,False,0.0,0.0,0.0,0.0,0.0,False
18,9151,2026-01-31T04:50:05+00:00,1.0,8,False,False,False,False,False,0.0,0.0,0.0,0.008,0.0,False
18,9152,2026-01-31T06:40:05+00:00,1.0,6,False,False,False,False,False,0.0,0.0,0.0,0.037,0.0,False
18,9153,2026-01-31T07:35:02+00:00,1.0,17,False,False,False,False,False,0.0,0.0,0.0,0.0,0.0,False
18,9154,2026-01-31T08:30:05+00:00,1.0,22,False,False,True,True,False,0.0,0.0,0.0,0.0,0.0,False
18,9155,2026-01-31T09:25:02+00:00,1.0,18,False,False,True,True,True,0.43,0.657,0.657,0.657,0.0,False
18,9156,2026-01-31T10:20:05+00:00,1.0,14,False,False,False,False,False,0.0,0.0,0.034,0.034,0.0,False
18,9157,2026-01-31T11:15:02+00:00,1.0,18,False,False,False,False,False,0.0,0.03,0.04,0.04,0.0,False
18,9158,2026-01-31T12:10:07+00:00,1.0,22,False,False,False,False,False,0.0,0.0,0.0,0.016,0.0,False
18,9159,2026-01-31T13:05:03+00:00,1.0,22,False,False,False,False,False,0.0,0.0,0.0,0.091,0.0,False
18,9160,2026-01-31T14:00:05+00:00,1.0,21,False,False,False,False,False,0.0,0.0,0.0,0.239,0.0,False
18,9161,2026-01-31T14:55:03+00:00,1.0,11,False,False,False,False,False,0.0,0.0,0.0,0.0,0.0,False
18,9162,2026-01-31T15:50:05+00:00,1.0,1,False,False,False,False,False,0.0,0.0,0.0,0.0,0.0,False
18,9163,2026-01-31T20:25:03+00:00,20.0,0,False,False,False,False,False,0.0,0.0,0.0,0.0,0.0,False
18,9164,2026-02-01T08:20:05+00:00,1.0,9,False,False,False,False,False,0.0,0.0,0.0,0.0,1.166111111111111,True
18,9165,2026-02-01T09:15:03+00:00,1.0,9,False,False,False,False,False,0.0,0.0,0.0,0.0,1.0003333333333333,True
18,9166,2026-02-01T12:00:05+00:00,20.0,0,False,False,False,False,False,0.0,0.0,0.0,0.0,0.20013888888888892,True
18,9167,2026-02-01T12:55:03+00:00,1.0,9,False,False,False,False,False,0.0,0.0,0.0,0.0,0.29175,True
18,9168,2026-02-01T13:50:05+00:00,1.0,19,False,False,False,False,False,0.0,0.0,0.0,0.0,0.13305555555555557,True
18,9169,2026-02-01T14:45:02+00:00,1.0,11,False,False,False,False,False,0.0,0.0,0.0,0.0,1.6011111111111112,True
18,9170,2026-02-01T15:40:05+00:00,1.0,5,False,False,False,False,False,0.0,0.0,0.0,0.0,1.0979166666666669,True
18,9171,2026-02-01T16:35:02+00:00,1.0,4,False,False,False,False,False,0.0,0.0,0.0,0.0,0.24966666666666665,True
18,9172,2026-02-02T15:30:05+00:00,20.0,0,False,False,False,False,False,0.0,0.0,0.0,0.0,0.0,False
18,9173,2026-02-03T00:40:05+00:00,20.0,0,False,False,False,False,False,0.0,0.0,0.0,0.0,0.0,False
18,9174,2026-02-03T03:10:05+00:00,1.0,5,False,False,False,False,False,0.0,0.0,0.0,0.0,0.0,False
18,9175,2026-02-03T04:05:03+00:00,1.0,16,False,False,False,False,False,0.0,0.0,0.0,0.0,0.0,False
18,9176,2026-02-03T05:00:05+00:00,1.0,22,False,False,False,False,False,0.0,0.0,0.0,0.0,0.0,False
18,9177,2026-02-03T05:55:02+00:00,1.0,17,False,False,False,False,False,0.0,0.0,0.0,0.0,0.0,False
18,9178,2026-02-03T06:50:05+00:00,1.0,10,False,False,False,False,False,0.0,0.0,0.0,0.0,0.0,False
18,9179,2026-02-03T07:45:02+00:00,1.0,4,False,False,False,False,False,0.0,0.0,0.0,0.0,0.0,False
18,9180,2026-02-03T09:35:03+00:00,1.0,1,False,False,False,False,False,0.0,0.0,0.0,0.0,0.05841666666666667,False
18,9181,2026-02-03T10:30:05+00:00,1.0,11,False,False,False,False,False,0.0,0.0,0.0,0.0,0.20027777777777778,True
18,9182,2026-02-03T11:25:03+00:00,1.0,18,False,False,False,False,False,0.0,0.0,0.0,0.0,0.17475,True
18,9183,2026-02-03T12:20:05+00:00,1.0,13,False,False,False,False,False,0.0,0.0,0.0,0.0,0.0,False
18,9184,2026-02-03T13:15:03+00:00,1.0,16,False,False,False,False,False,0.0,0.0,0.0,0.0,0.0,False
18,9185,2026-02-03T14:10:07+00:00,1.0,22,False,False,False,False,False,0.0,0.0,0.0,0.0,0.016861111111111115,False
18,9186,2026-02-03T15:05:03+00:00,1.0,22,False,False,False,False,False,0.0,0.0,0.0,0.0,0.09158333333333335,False
18,9187,2026-02-03T16:00:05+00:00,1.0,22,False,False,False,False,False,0.0,0.0,0.0,0.054,0.0,False
18,9188,2026-02-03T16:55:03+00:00,1.0,22,False,False,False,False,False,0.0,0.0,0.0,0.046,0.0,False
18,9189,2026-02-03T17:50:05+00:00,1.0,22,False,False,False,False,True,0.026,0.707,0.768,0.877,0.0,False
18,9190,2026-02-03T18:45:02+00:00,1.0,22,False,False,False,False,False,0.0,0.0,0.0,0.0,0.0,False
18,9191,2026-02-03T19:40:05+00:00,1.0,22,False,False,False,False,False,0.0,0.0,0.02,0.046,0.0,False
18,9192,2026-02-03T20:35:02+00:00,1.0,22,False,False,False,False,False,0.0,0.0,0.0,0.403,0.0,False
18,9193,2026-02-03T21:30:05+00:00,1.0,22,False,False,False,False,False,0.0,0.0,0.003,0.003,0.0,False
18,9194,2026-02-03T22:25:02+00:00,1.0,22,False,False,False,False,False,0.0,0.0,0.0,0.0,0.0,False
18,9195,2026-02-03T23:20:05+00:00,1.0,22,False,False,False,False,False,0.0,0.0,0.054,0.097,0.0,False
18,9196,2026-02-04T00:15:03+00:00,1.0,22,False,False,False,False,False,0.0,0.0,0.0,0.0,0.0,False
18,9197,2026-02-04T01:10:05+00:00,1.0,22,False,False,True,True,False,0.0,0.0,0.207,0.279,0.0,False
18,9198,2026-02-04T02:05:03+00:00,1.0,22,False,False,False,False,False,0.0,0.0,0.0,0.418,0.0,False
18,9199,2026-02-04T03:00:05+00:00,1.0,22,False,False,False,False,False,0.0,0.0,0.242,0.61,0.0,False
18,9200,2026-02-04T03:55:02+00:00,1.0,22,False,True,True,True,False,0.0,0.037,0.273,0.443,0.0,False
18,9201,2026-02-04T04:50:05+00:00,1.0,22,False,False,False,False,False,0.0,0.0,0.0,0.0,0.0,False
18,9202,2026-02-04T05:45:03+00:00,1.0,22,False,False,False,False,True,0.0,0.647,0.72,0.733,0.0,False
18,9203,2026-02-04T06:40:05+00:00,1.0,22,False,False,False,False,False,0.0,0.0,0.0,0.0,0.0,False
18,9204,2026-02-04T07:35:02+00:00,1.0,21,False,False,False,False,False,0.0,0.0,0.0,0.0,0.0,False
18,9205,2026-02-04T08:30:04+00:00,1.0,21,False,False,False,False,False,0.0,0.0,0.0,0.0,0.0,False
18,9206,2026-02-04T09:25:03+00:00,1.0,22,False,False,False,False,False,0.0,0.0,0.034,0.612,0.0,False
18,9207,2026-02-04T10:20:05+00:00,1.0,22,False,True,True,True,False,0.0,0.0,0.017,0.085,0.0,False
18,9208,2026-02-04T11:15:02+00:00,1.0,18,False,False,False,False,False,0.0,0.008,0.008,0.098,0.0,False
18,9209,2026-02-04T12:10:07+00:00,1.0,18,False,False,False,False,False,0.0,0.0,0.0,0.0,0.0,False
18,9210,2026-02-04T13:05:02+00:00,1.0,22,False,True,True,True,True,0.249,0.285,0.285,0.285,0.00838888888888889,False
18,9211,2026-02-04T14:00:05+00:00,1.0,22,False,False,False,False,False,0.0,0.0,0.0,0.0,0.09986111111111112,False
18,9212,2026-02-04T14:55:03+00:00,1.0,22,False,False,False,False,False,0.0,0.0,0.403,0.403,0.00825,False
18,9213,2026-02-04T15:50:05+00:00,1.0,22,False,False,False,True,False,0.0,0.001,0.022,0.067,0.08347222222222223,False
18,9214,2026-02-04T16:45:03+00:00,1.0,22,False,True,True,True,False,0.0,0.0,0.16,0.276,1.9020000000000001,True
18,9215,2026-02-04T17:40:05+00:00,1.0,22,False,False,True,True,False,0.0,0.154,0.154,0.282,3.3684722222222225,True
18,9216,2026-02-04T18:35:03+00:00,1.0,22,False,False,False,True,False,0.0,0.0,0.0,0.02,1.8722499999999997,True
18,9217,2026-02-04T19:30:05+00:00,1.0,22,False,True,True,True,False,0.0,0.0,0.03,0.283,1.4024999999999999,True
18,9218,2026-02-04T20:25:02+00:00,1.0,22,False,False,False,False,False,0.0,0.0,0.0,0.0,2.174833333333333,True
18,9219,2026-02-04T21:20:05+00:00,1.0,22,False,False,True,True,False,0.0,0.0,0.0,0.056,2.133888888888889,True
18,9220,2026-02-04T22:15:02+00:00,1.0,22,False,False,True,True,False,0.0,0.187,0.753,0.753,1.8738333333333332,True
18,9221,2026-02-04T23:10:05+00:00,1.0,22,False,False,False,False,False,0.0,0.0,0.0,0.0,0.4344444444444444,True
18,9222,2026-02-05T00:05:03+00:00,1.0,22,False,False,False,False,True,0.046,0.701,0.701,0.701,1.0074166666666668,True
18,9223,2026-02-05T01:00:05+00:00,1.0,22,False,False,True,True,False,0.0,0.0,0.0,0.026,0.0005555555555555536,False
18,9224,2026-02-05T01:55:03+00:00,1.0,22,True,True,True,True,True,1.0,1.0,1.0,1.0,0.367,True
18,9225,2026-02-05T02:50:05+00:00,1.0,22,True,True,True,True,True,1.0,1.0,1.0,1.0,0.0661111111111111,False
18,9226,2026-02-05T03:45:02+00:00,1.0,22,False,False,False,False,False,0.0,0.0,0.001,0.181,0.07505555555555556,False
18,9227,2026-02-05T04:40:05+00:00,1.0,22,False,False,True,True,False,0.0,0.0,0.0,0.578,0.9016666666666667,True
18,9228,2026-02-05T05:35:03+00:00,1.0,22,False,False,False,False,False,0.0,0.0,0.0,0.242,0.7158333333333333,True
18,9229,2026-02-05T06:30:04+00:00,1.0,22,False,False,False,True,False,0.0,0.0,0.415,0.582,1.6028888888888886,True
18,9230,2026-02-05T07:25:03+00:00,1.0,22,False,True,True,True,False,0.0,0.0,0.0,0.0,1.7727499999999998,True
18,9231,2026-02-05T08:20:06+00:00,1.0,22,True,False,False,False,True,1.0,1.0,1.0,1.0,1.004,True
18,9232,2026-02-05T09:15:03+00:00,1.0,22,False,False,False,True,False,0.0,0.0,0.0,0.199,1.9478333333333333,True
18,9233,2026-02-05T10:10:07+00:00,1.0,22,False,False,False,False,False,0.0,0.0,0.0,0.027,0.590138888888889,True
18,9234,2026-02-05T11:05:03+00:00,1.0,22,False,False,False,False,False,0.0,0.0,0.0,0.012,3.205416666666667,True
18,9235,2026-02-05T12:00:05+00:00,1.0,22,False,False,False,True,False,0.0,0.0,0.054,0.056,0.0,False
18,9236,2026-02-05T12:55:03+00:00,1.0,22,True,True,True,True,True,1.0,1.0,1.0,1.0,0.0,False
18,9237,2026-02-05T13:50:06+00:00,1.0,22,True,True,True,True,True,1.0,1.0,1.0,1.0,1.9204999999999999,True
18,9238,2026-02-05T14:45:02+00:00,1.0,22,True,True,True,True,True,1.0,1.0,1.0,1.0,14.60911111111111,True
18,9239,2026-02-05T15:40:05+00:00,1.0,22,True,True,True,True,True,1.0,1.0,1.0,1.0,6.942222222222221,True
18,9240,2026-02-05T16:35:03+00:00,1.0,22,False,False,False,False,True,0.264,0.264,0.264,0.264,1.3336666666666668,True
18,9241,2026-02-05T17:30:05+00:00,1.0,22,False,False,False,False,False,0.207,0.243,0.247,0.247,0.7479166666666667,True
18,9242,2026-02-05T18:25:03+00:00,1.0,22,False,False,False,False,False,0.0,0.0,0.0,0.0,0.0,False
18,9243,2026-02-05T19:20:05+00:00,1.0,14,False,False,False,False,True,0.0,0.02,0.299,0.299,0.0,False
18,9244,2026-02-05T20:15:02+00:00,1.0,3,False,False,False,False,False,0.0,0.0,0.0,0.0,0.0,False
18,9245,2026-02-05T21:10:05+00:00,1.0,4,False,False,False,False,False,0.0,0.0,0.0,0.0,0.0,False
18,9246,2026-02-05T22:05:02+00:00,1.0,15,False,False,False,False,False,0.0,0.0,0.0,0.0,0.0,False
18,9247,2026-02-05T23:00:05+00:00,1.0,22,False,False,True,True,False,0.0,0.0,0.0,0.0,0.0,False
18,9248,2026-02-05T23:55:02+00:00,1.0,22,True,True,True,True,True,1.0,1.0,1.0,1.0,0.0,False
18,9249,2026-02-06T00:50:05+00:00,1.0,22,False,False,False,False,False,0.0,0.0,0.0,0.0,0.08347222222222223,False
18,9250,2026-02-06T01:45:03+00:00,1.0,22,False,False,False,False,False,0.0,0.0,0.0,0.0,0.02491666666666667,False
18,9251,2026-02-06T02:40:05+00:00,1.0,22,False,False,False,False,False,0.0,0.0,0.0,0.0,0.0,False
18,9252,2026-02-06T03:35:02+00:00,1.0,22,False,False,True,True,False,0.0,0.0,0.0,0.153,0.11677777777777779,True
18,9253,2026-02-06T04:30:05+00:00,1.0,22,False,False,False,False,False,0.0,0.0,0.346,0.491,1.8545833333333333,True
18,9254,2026-02-06T05:25:03+00:00,1.0,22,False,False,False,True,False,0.0,0.0,0.0,0.023,3.5,True
18,9255,2026-02-06T06:20:05+00:00,1.0,22,True,True,True,True,False,0.0,0.0,0.0,0.641,3.7343055555555553,True
18,9256,2026-02-06T07:15:02+00:00,1.0,22,True,True,True,True,False,0.0,0.0,0.046,0.054,5.477833333333333,True
18,9257,2026-02-06T08:10:07+00:00,1.0,22,True,True,True,True,False,0.0,0.0,0.893,0.9,8.811027777777777,True
18,9258,2026-02-06T09:05:02+00:00,1.0,22,True,True,True,True,False,0.0,0.091,0.256,0.37,5.905055555555556,True
18,9259,2026-02-06T10:00:05+00:00,1.0,22,True,True,True,True,False,0.0,0.0,0.261,0.299,0.5005555555555555,True
18,9260,2026-02-06T10:55:03+00:00,1.0,22,True,True,True,True,True,1.0,1.0,1.0,1.0,0.867,True
18,9261,2026-02-06T11:50:05+00:00,1.0,22,True,True,True,True,False,0.0,0.0,0.0,0.376,4.739722222222222,True
18,9262,2026-02-06T12:45:03+00:00,1.0,22,False,False,True,True,False,0.0,0.007,0.007,0.007,2.3465,True
18,9263,2026-02-06T13:40:04+00:00,1.0,22,False,True,True,True,False,0.0,0.0,0.004,0.065,0.4318888888888889,True
18,9264,2026-02-06T14:35:03+00:00,1.0,22,False,False,False,False,False,0.0,0.037,0.496,0.525,0.0,False
18,9265,2026-02-06T15:30:05+00:00,1.0,22,False,False,False,False,True,0.0,0.891,0.968,0.976,0.0,False
18,9266,2026-02-06T16:25:03+00:00,1.0,22,False,False,False,False,False,0.0,0.0,0.0,0.158,0.0,False
18,9267,2026-02-06T17:20:05+00:00,1.0,22,False,False,False,False,False,0.0,0.0,0.0,0.034,0.0,False
18,9268,2026-02-06T18:15:03+00:00,1.0,22,False,False,False,False,False,0.0,0.0,0.247,0.815,0.0,False
18,9269,2026-02-06T19:10:05+00:00,1.0,22,False,False,True,True,True,0.0,0.021,0.329,0.35,0.0,False
18,9270,2026-02-06T20:05:03+00:00,1.0,22,False,False,False,False,False,0.0,0.0,0.24,0.642,0.0,False
18,9271,2026-02-06T21:00:05+00:00,1.0,22,False,False,False,False,True,0.126,0.299,0.347,0.531,0.0,False
18,9272,2026-02-06T21:55:03+00:00,1.0,22,False,False,False,True,False,0.0,0.0,0.059,0.236,0.0,False
18,9273,2026-02-06T22:50:05+00:00,1.0,22,True,True,True,True,False,0.0,0.0,0.0,0.008,0.0,False
18,9274,2026-02-06T23:45:02+00:00,1.0,22,False,False,False,False,False,0.0,0.0,0.054,0.448,0.0,False
18,9275,2026-02-07T00:40:05+00:00,1.0,22,False,False,False,True,False,0.245,0.245,0.245,0.245,0.0,False
18,9276,2026-02-07T01:35:02+00:00,1.0,22,False,False,False,False,False,0.0,0.0,0.0,0.097,0.0,False
18,9277,2026-02-07T02:30:05+00:00,1.0,22,False,False,False,False,False,0.0,0.0,0.0,0.037,0.0,False
18,9278,2026-02-07T03:25:02+00:00,1.0,22,False,False,True,True,False,0.0,0.0,0.0,0.0,0.0,False
18,9279,2026-02-07T04:20:05+00:00,1.0,22,False,True,True,True,False,0.0,0.0,0.054,0.054,0.0,False
18,9280,2026-02-07T05:15:03+00:00,1.0,22,False,True,True,True,True,0.746,0.796,0.796,0.825,0.0,False
18,9281,2026-02-07T06:10:07+00:00,1.0,22,True,True,True,True,True,1.0,1.0,1.0,1.0,0.0,False
18,9282,2026-02-07T07:05:02+00:00,1.0,22,True,True,True,True,True,0.542,0.542,0.542,0.727,0.0,False
18,9283,2026-02-07T08:00:05+00:00,1.0,22,False,False,False,False,False,0.0,0.0,0.001,0.076,0.0,False
18,9284,2026-02-07T08:55:03+00:00,1.0,22,False,False,False,True,False,0.0,0.0,0.0,0.207,0.0,False
18,9285,2026-02-07T09:50:05+00:00,1.0,22,True,True,True,True,True,1.0,1.0,1.0,1.0,0.0,False
18,9286,2026-02-07T10:45:03+00:00,1.0,22,False,False,True,True,False,0.0,0.0,0.046,0.062,0.0,False
18,9287,2026-02-07T11:40:05+00:00,1.0,22,True,True,True,True,True,1.0,1.0,1.0,1.0,0.0,False
18,9288,2026-02-07T12:35:03+00:00,1.0,22,True,False,False,False,False,0.0,0.0,0.0,0.054,0.0,False
18,9289,2026-02-07T13:30:05+00:00,1.0,22,False,False,False,False,False,0.0,0.0,0.0,0.02,0.0,False
18,9290,2026-02-07T14:25:03+00:00,1.0,22,False,False,False,False,False,0.0,0.0,0.0,0.054,0.0,False
18,9291,2026-02-07T15:20:05+00:00,1.0,22,False,False,False,False,False,0.0,0.0,0.0,0.02,0.0,False
18,9292,2026-02-07T16:15:03+00:00,1.0,22,False,False,False,False,False,0.0,0.0,0.0,0.0,0.0,False
18,9293,2026-02-07T17:10:05+00:00,1.0,22,False,False,False,False,False,0.0,0.0,0.0,0.008,0.0,False
18,9294,2026-02-07T18:05:03+00:00,1.0,22,False,False,False,True,True,0.0,0.008,0.361,0.744,0.0,False
18,9295,2026-02-07T19:00:05+00:00,1.0,22,True,True,True,True,True,1.0,1.0,1.0,1.0,0.0,False
18,9296,2026-02-07T19:55:03+00:00,1.0,22,False,False,False,False,False,0.0,0.0,0.0,0.045,0.0,False
18,9297,2026-02-07T20:50:05+00:00,1.0,22,False,False,False,True,False,0.0,0.0,0.078,0.236,0.0,False
18,9298,2026-02-07T21:45:03+00:00,1.0,22,False,True,True,True,True,0.099,0.908,0.948,0.95,0.0,False
18,9299,2026-02-07T22:40:05+00:00,1.0,22,True,True,True,True,True,1.0,1.0,1.0,1.0,0.13361111111111112,True
18,9300,2026-02-07T23:35:03+00:00,1.0,22,True,True,True,True,True,1.0,1.0,1.0,1.0,0.08316666666666667,False
18,9301,2026-02-08T00:30:05+00:00,1.0,22,True,True,True,True,True,1.0,1.0,1.0,1.0,0.05013888888888889,False
18,9302,2026-02-08T01:25:03+00:00,1.0,22,True,True,True,True,True,1.0,1.0,1.0,1.0,0.6427499999999999,True
18,9303,2026-02-08T02:20:05+00:00,1.0,22,True,True,True,True,False,0.0,0.0,0.0,0.026,1.1991666666666667,True
18,9304,2026-02-08T03:15:03+00:00,1.0,22,True,True,True,True,True,1.0,1.0,1.0,1.0,0.9505000000000001,True
18,9305,2026-02-08T04:10:08+00:00,1.0,22,False,False,True,True,True,1.0,1.0,1.0,1.0,1.2479999999999998,True
18,9306,2026-02-08T05:05:02+00:00,1.0,22,True,True,True,True,True,1.0,1.0,1.0,1.0,0.4916111111111111,True
18,9307,2026-02-08T06:00:05+00:00,1.0,22,False,False,False,False,False,0.0,0.008,0.022,0.022,0.4,True
18,9308,2026-02-08T06:55:03+00:00,1.0,22,False,False,False,False,False,0.0,0.0,0.0,0.0,0.4,True
18,9309,2026-02-08T07:50:04+00:00,1.0,22,False,False,False,False,False,0.0,0.0,0.151,0.403,0.14966666666666667,True
18,9310,2026-02-08T08:45:03+00:00,1.0,22,False,False,False,False,False,0.0,0.0,0.0,0.0,0.02491666666666667,False
18,9311,2026-02-08T09:40:04+00:00,1.0,22,False,False,False,False,False,0.0,0.0,0.0,0.0,0.0,False
18,9312,2026-02-08T10:35:02+00:00,1.0,22,False,False,False,False,False,0.0,0.0,0.0,0.0,0.0,False
18,9313,2026-02-08T11:30:05+00:00,1.0,22,False,False,False,False,False,0.0,0.0,0.0,0.0,0.0,False
18,9314,2026-02-08T12:25:02+00:00,1.0,22,False,False,False,False,True,0.0,0.0,0.279,0.58,0.0,False
18,9315,2026-02-08T13:20:05+00:00,1.0,22,False,False,False,False,False,0.0,0.0,0.0,0.0,0.0,False
18,9316,2026-02-08T14:15:02+00:00,1.0,22,False,False,False,False,False,0.0,0.0,0.0,0.0,0.0,False
18,9317,2026-02-08T15:10:05+00:00,1.0,22,False,False,False,False,False,0.0,0.0,0.0,0.0,0.0,False
18,9318,2026-02-08T16:05:02+00:00,1.0,22,False,False,False,False,False,0.0,0.0,0.0,0.0,0.0,False
18,9319,2026-02-08T17:00:05+00:00,1.0,22,False,False,False,False,False,0.0,0.0,0.0,0.008,0.0,False
18,9320,2026-02-08T17:55:03+00:00,1.0,15,False,False,False,False,False,0.0,0.0,0.0,0.008,0.0,False
18,9321,2026-02-08T18:50:05+00:00,1.0,4,False,False,False,False,False,0.0,0.0,0.0,0.0,0.0,False
18,9322,2026-02-08T22:30:05+00:00,1.0,6,False,False,False,False,False,0.0,0.0,0.0,0.0,0.0,False
18,9323,2026-02-08T23:25:03+00:00,1.0,17,False,False,False,False,False,0.0,0.0,0.0,0.0,0.0,False
18,9324,2026-02-09T00:20:05+00:00,1.0,22,False,False,False,False,False,0.0,0.0,0.0,0.0,0.0,False
18,9325,2026-02-09T01:15:02+00:00,1.0,22,False,False,False,False,False,0.0,0.0,0.0,0.37,0.0,False
18,9326,2026-02-09T02:10:07+00:00,1.0,22,False,False,False,False,False,0.0,0.0,0.0,0.365,0.0,False
18,9327,2026-02-09T03:05:02+00:00,1.0,22,False,False,False,True,False,0.0,0.0,0.0,0.02,0.00838888888888889,False
18,9328,2026-02-09T04:00:05+00:00,1.0,22,True,True,True,True,True,0.658,0.658,0.658,0.674,0.10041666666666668,True
18,9329,2026-02-09T04:55:03+00:00,1.0,22,True,False,False,False,False,0.0,0.0,0.0,0.0,0.37525,True
18,9330,2026-02-09T05:50:05+00:00,1.0,22,False,False,False,False,False,0.0,0.0,0.0,0.034,0.23305555555555557,True
18,9331,2026-02-09T08:30:05+00:00,1.0,22,False,True,True,True,False,0.0,0.0,0.0,0.0,0.7,True
18,9332,2026-02-09T09:25:03+00:00,1.0,22,False,False,False,False,False,0.0,0.0,0.0,0.0,0.533,True
18,9333,2026-02-09T10:20:05+00:00,1.0,22,False,False,False,False,False,0.0,0.0,0.0,0.0,0.23305555555555554,True
18,9334,2026-02-09T11:15:02+00:00,1.0,18,False,False,False,False,False,0.0,0.0,0.0,0.0,0.07494444444444445,False
18,9335,2026-02-09T12:10:07+00:00,1.0,18,False,False,False,False,False,0.0,0.0,0.0,0.0,0.0,False
18,9336,2026-02-09T13:05:02+00:00,1.0,22,False,False,False,False,False,0.0,0.0,0.0,0.0,0.0,False
18,9337,2026-02-09T14:00:05+00:00,1.0,22,False,False,False,False,False,0.0,0.0,0.0,0.0,0.0,False
18,9338,2026-02-09T14:55:03+00:00,1.0,22,False,False,False,False,False,0.0,0.261,0.463,0.463,0.0,False
18,9339,2026-02-09T15:50:05+00:00,1.0,13,False,False,False,False,False,0.0,0.0,0.0,0.0,0.08347222222222223,False
18,9340,2026-02-09T16:45:03+00:00,1.0,5,False,False,False,False,False,0.0,0.0,0.0,0.0,0.17508333333333334,True
18,9341,2026-02-09T17:40:05+00:00,1.0,14,False,False,False,False,False,0.0,0.0,0.0,0.0,0.2,True
18,9342,2026-02-09T18:35:02+00:00,1.0,22,False,False,False,False,False,0.0,0.0,0.0,0.0,0.14161111111111113,True
18,9343,2026-02-09T19:30:05+00:00,1.0,22,False,False,False,True,False,0.0,0.0,0.016,0.016,0.04986111111111111,False
18,9344,2026-02-09T20:25:03+00:00,1.0,22,True,True,True,True,True,1.0,1.0,1.0,1.0,0.0,False
18,9345,2026-02-09T21:20:05+00:00,1.0,22,True,True,True,True,True,1.0,1.0,1.0,1.0,0.0,False
18,9346,2026-02-09T22:15:02+00:00,1.0,22,False,False,False,False,False,0.0,0.0,0.008,0.046,0.0,False
18,9347,2026-02-09T23:10:05+00:00,1.0,22,False,False,False,False,False,0.0,0.0,0.0,0.0,0.0,False
18,9348,2026-02-10T00:05:03+00:00,1.0,22,False,False,False,False,False,0.0,0.0,0.002,0.002,0.0,False
18,9349,2026-02-10T01:00:05+00:00,1.0,22,False,False,False,False,False,0.0,0.0,0.0,0.0,0.0,False
18,9350,2026-02-10T01:55:03+00:00,1.0,22,False,False,False,False,False,0.0,0.0,0.0,0.0,0.0,False
18,9351,2026-02-10T02:50:05+00:00,1.0,22,False,False,False,False,False,0.0,0.0,0.0,0.0,0.0,False
18,9352,2026-02-10T03:45:02+00:00,1.0,22,False,False,False,False,False,0.0,0.0,0.0,0.0,0.0,False
18,9353,2026-02-10T04:40:05+00:00,1.0,22,False,False,False,False,False,0.0,0.0,0.0,0.0,0.0,False
18,9354,2026-02-10T05:35:02+00:00,1.0,22,False,False,False,False,False,0.0,0.0,0.0,0.0,0.0,False
18,9355,2026-02-10T06:30:04+00:00,1.0,22,False,False,False,True,False,0.0,0.0,0.0,0.0,0.0,False
18,9356,2026-02-10T07:25:02+00:00,1.0,22,True,True,True,True,True,1.0,1.0,1.0,1.0,0.0,False
18,9357,2026-02-10T08:20:06+00:00,1.0,22,True,True,True,True,False,0.0,0.0,0.02,0.299,0.0,False
18,9358,2026-02-10T09:15:03+00:00,1.0,22,True,True,True,True,True,1.0,1.0,1.0,1.0,0.0,False
18,9359,2026-02-10T10:10:07+00:00,1.0,22,True,True,True,True,False,0.0,0.0,0.0,0.109,0.03372222222222223,False
18,9360,2026-02-10T11:05:03+00:00,1.0,22,True,True,True,True,True,1.0,1.0,1.0,1.0,0.21683333333333335,True
18,9361,2026-02-10T12:00:05+00:00,1.0,22,True,True,True,True,True,1.0,1.0,1.0,1.0,0.39986111111111117,True
18,9362,2026-02-10T12:55:02+00:00,1.0,22,True,True,True,True,True,1.0,1.0,1.0,1.0,0.3082777777777777,True
18,9363,2026-02-10T13:50:05+00:00,1.0,22,True,True,True,True,True,1.0,1.0,1.0,1.0,0.04958333333333333,False
18,9364,2026-02-10T14:45:03+00:00,1.0,22,True,True,True,True,True,1.0,1.0,1.0,1.0,0.0,False
18,9365,2026-02-10T15:40:05+00:00,1.0,22,False,False,False,False,False,0.0,0.0,0.002,0.025,0.0,False
18,9366,2026-02-10T16:35:02+00:00,1.0,22,False,False,False,False,False,0.0,0.0,0.0,0.0,0.0,False
18,9367,2026-02-10T17:30:05+00:00,1.0,22,False,False,False,False,False,0.0,0.0,0.0,0.0,0.0,False
18,9368,2026-02-10T20:05:02+00:00,1.0,22,False,False,False,False,False,0.0,0.0,0.0,0.054,0.0,False
18,9369,2026-02-10T21:00:05+00:00,1.0,22,False,False,False,True,True,0.0,0.0,0.378,0.408,0.0,False
18,9370,2026-02-10T21:55:03+00:00,1.0,22,True,True,True,True,True,1.0,1.0,1.0,1.0,0.0,False
18,9371,2026-02-10T22:50:06+00:00,1.0,22,True,True,True,True,True,1.0,1.0,1.0,1.0,0.0,False
18,9372,2026-02-10T23:45:03+00:00,1.0,22,False,False,False,False,False,0.0,0.0,0.199,0.347,2.2525,True
18,9373,2026-02-11T00:40:05+00:00,1.0,22,False,False,False,True,False,0.0,0.0,0.253,0.407,5.805833333333334,True
18,9374,2026-02-11T01:35:02+00:00,1.0,22,True,True,True,True,True,1.0,1.0,1.0,1.0,6.382555555555555,True
18,9375,2026-02-11T02:30:05+00:00,1.0,22,False,False,False,False,False,0.0,0.0,0.0,0.0,2.8919444444444444,True
18,9376,2026-02-11T03:25:03+00:00,1.0,22,False,False,False,True,False,0.0,0.0,0.0,0.0,0.0,False
18,9377,2026-02-11T04:20:05+00:00,1.0,22,True,True,True,True,False,0.0,0.0,0.0,0.001,0.0,False
18,9378,2026-02-11T05:15:02+00:00,1.0,22,True,True,True,True,True,1.0,1.0,1.0,1.0,1.3028888888888888,True
18,9379,2026-02-11T06:10:07+00:00,1.0,22,False,False,False,False,False,0.0,0.0,0.0,0.038,4.323222222222222,True
18,9380,2026-02-11T07:05:03+00:00,1.0,22,False,False,False,False,False,0.0,0.0,0.005,0.006,0.0,False
18,9381,2026-02-11T08:00:05+00:00,1.0,22,False,False,False,False,False,0.0,0.0,0.021,0.021,0.0,False
18,9382,2026-02-11T08:55:02+00:00,1.0,22,False,False,False,False,False,0.0,0.0,0.0,0.0,0.0,False
18,9383,2026-02-11T09:50:05+00:00,1.0,22,False,False,False,False,False,0.0,0.0,0.0,0.0,0.0,False
18,9384,2026-02-11T10:45:03+00:00,1.0,22,False,False,False,False,False,0.0,0.0,0.0,0.02,0.0,False
18,9385,2026-02-11T11:40:05+00:00,1.0,22,False,True,True,True,False,0.0,0.0,0.0,0.002,0.0,False
18,9386,2026-02-11T12:35:02+00:00,1.0,22,False,False,False,True,False,0.0,0.0,0.0,0.0,0.35033333333333333,True
18,9387,2026-02-11T13:30:05+00:00,1.0,22,True,True,True,True,True,1.0,1.0,1.0,1.0,0.7002777777777778,True
18,9388,2026-02-11T14:25:03+00:00,1.0,22,True,False,True,True,True,0.843,0.859,0.859,0.859,1.7185,True
18,9389,2026-02-11T15:20:05+00:00,1.0,22,True,True,True,True,True,1.0,1.0,1.0,1.0,2.598333333333333,True
18,9390,2026-02-11T16:15:02+00:00,1.0,22,True,True,True,True,True,1.0,1.0,1.0,1.0,1.5995555555555554,True
18,9391,2026-02-11T17:10:05+00:00,1.0,22,False,False,False,False,False,0.0,0.037,0.245,0.264,0.9159722222222222,True
18,9392,2026-02-11T18:05:02+00:00,1.0,22,False,False,False,False,False,0.042,0.042,0.042,0.042,0.47483333333333333,True
18,9393,2026-02-11T19:00:05+00:00,1.0,22,False,False,False,False,False,0.0,0.02,0.054,0.054,0.2,True
18,9394,2026-02-11T19:55:03+00:00,1.0,22,False,False,False,False,False,0.0,0.0,0.018,0.018,0.2,True
18,9395,2026-02-11T20:50:05+00:00,1.0,22,False,False,False,False,False,0.0,0.0,0.0,0.0,0.617361111111111,True
18,9396,2026-02-11T21:45:03+00:00,1.0,12,False,False,False,False,False,0.0,0.0,0.0,0.0,0.39966666666666667,True
18,9397,2026-02-11T22:40:05+00:00,1.0,2,False,False,False,False,False,0.0,0.0,0.0,0.0,0.23319444444444445,True
18,9398,2026-02-11T23:35:03+00:00,1.0,11,False,False,False,False,False,0.0,0.0,0.0,0.0,0.2,True
18,9399,2026-02-12T00:30:05+00:00,1.0,16,False,False,False,False,False,0.0,0.0,0.0,0.0,0.1498611111111111,True
18,9400,2026-02-12T01:25:03+00:00,1.0,6,False,False,False,False,False,0.0,0.0,0.0,0.034,0.05825,False
18,9401,2026-02-12T03:15:03+00:00,1.0,5,False,False,False,False,False,0.0,0.0,0.0,0.0,0.025083333333333336,False
18,9402,2026-02-12T04:10:08+00:00,1.0,7,False,False,False,False,False,0.0,0.0,0.0,0.0,0.1,True
18,9403,2026-02-12T05:05:03+00:00,1.0,2,False,False,False,False,False,0.0,0.0,0.0,0.0,0.09158333333333335,False
18,9404,2026-02-12T06:55:02+00:00,1.0,6,False,False,False,False,False,0.0,0.0,0.0,0.0,0.0,False
18,9405,2026-02-12T07:50:05+00:00,1.0,17,False,False,False,False,False,0.0,0.0,0.0,0.003,0.0,False
18,9406,2026-02-12T08:45:02+00:00,1.0,22,False,False,False,True,False,0.0,0.0,0.0,0.0,0.22516666666666665,True
18,9407,2026-02-12T09:40:05+00:00,1.0,22,True,True,True,True,True,1.0,1.0,1.0,1.0,0.3668055555555556,True
18,9408,2026-02-12T10:35:03+00:00,1.0,22,True,True,True,True,True,1.0,1.0,1.0,1.0,0.4,True
18,9409,2026-02-12T11:30:05+00:00,1.0,22,False,False,False,False,False,0.0,0.0,0.0,0.0,0.6005555555555556,True
18,9410,2026-02-12T12:25:03+00:00,1.0,22,False,True,True,True,True,0.0,0.0,0.304,0.305,0.466,True
18,9411,2026-02-12T13:20:05+00:00,1.0,22,False,True,True,True,False,0.0,0.0,0.252,0.403,0.5020833333333334,True
18,9412,2026-02-12T14:15:02+00:00,1.0,22,False,True,True,True,True,0.35,0.844,0.862,0.924,3.028388888888889,True
18,9413,2026-02-12T15:10:06+00:00,1.0,22,True,True,True,True,True,0.076,0.333,0.333,0.333,6.421666666666666,True
18,9414,2026-02-12T16:05:03+00:00,1.0,22,False,False,False,False,False,0.0,0.0,0.368,0.443,0.5831666666666666,True
18,9415,2026-02-12T17:00:05+00:00,1.0,22,False,False,False,False,True,0.948,0.948,0.95,0.951,0.4,True
18,9416,2026-02-12T17:55:02+00:00,1.0,22,False,True,True,True,False,0.0,0.0,0.039,0.039,0.39999999999999997,True
18,9417,2026-02-12T18:50:05+00:00,1.0,22,False,False,False,False,False,0.0,0.0,0.081,0.115,0.14958333333333335,True
18,9418,2026-02-12T19:45:02+00:00,1.0,22,False,False,False,False,False,0.0,0.0,0.0,0.02,1.3759444444444444,True
18,9419,2026-02-12T20:40:05+00:00,1.0,22,False,False,False,False,False,0.0,0.0,0.0,0.0,1.5995833333333334,True
18,9420,2026-02-12T21:35:03+00:00,1.0,22,False,False,False,False,False,0.0,0.0,0.0,0.0,0.62375,True
18,9421,2026-02-12T22:30:05+00:00,1.0,22,False,False,False,False,False,0.0,0.0,0.0,0.0,0.0,False
18,9422,2026-02-12T23:25:03+00:00,1.0,22,False,False,False,False,False,0.0,0.0,0.002,0.004,0.20875,True
18,9423,2026-02-13T00:20:05+00:00,1.0,22,False,False,False,False,False,0.0,0.0,0.0,0.02,0.3326388888888889,True
18,9424,2026-02-13T01:15:03+00:00,1.0,22,False,False,False,False,False,0.0,0.0,0.14,0.25,0.0,False
18,9425,2026-02-13T02:10:07+00:00,1.0,22,False,False,False,False,False,0.0,0.0,0.0,0.0,0.03372222222222223,False
18,9426,2026-02-13T03:05:03+00:00,1.0,22,False,False,False,False,False,0.0,0.0,0.0,0.0,0.22525,True
18,9427,2026-02-13T04:00:05+00:00,1.0,22,False,False,False,False,False,0.0,0.0,0.014,0.034,0.49930555555555556,True
18,9428,2026-02-13T04:55:02+00:00,1.0,22,False,False,False,False,False,0.0,0.0,0.0,0.0,0.04138888888888889,False
18,9429,2026-02-13T05:50:05+00:00,1.0,22,False,False,False,False,False,0.0,0.0,0.069,0.069,0.0,False
18,9430,2026-02-13T06:45:03+00:00,1.0,22,False,False,False,False,False,0.0,0.008,0.054,0.054,0.0,False
18,9431,2026-02-13T07:40:05+00:00,1.0,22,False,False,False,False,False,0.0,0.0,0.016,0.016,0.0,False
18,9432,2026-02-13T08:35:03+00:00,1.0,22,False,False,False,False,False,0.0,0.0,0.0,0.0,0.0,False
18,9433,2026-02-13T09:30:05+00:00,1.0,22,False,False,False,False,False,0.0,0.0,0.0,0.0,0.05013888888888889,False
18,9434,2026-02-13T10:25:02+00:00,1.0,22,False,False,False,False,False,0.0,0.0,0.0,0.0,0.058277777777777776,False
18,9435,2026-02-13T11:20:05+00:00,1.0,22,False,False,False,False,False,0.0,0.0,0.0,0.0,0.0,False
18,9436,2026-02-13T12:15:02+00:00,1.0,22,False,False,False,False,False,0.0,0.0,0.0,0.0,0.0,False
18,9437,2026-02-13T13:10:05+00:00,1.0,22,False,False,False,False,False,0.0,0.0,0.0,0.0,0.0,False
18,9438,2026-02-13T14:05:02+00:00,1.0,22,False,False,False,False,False,0.0,0.0,0.0,0.0,0.0,False
18,9439,2026-02-13T15:00:05+00:00,1.0,13,False,False,False,False,False,0.0,0.0,0.0,0.0,0.0002777777777777768,False
18,9440,2026-02-13T15:55:02+00:00,1.0,2,False,False,False,False,False,0.0,0.0,0.0,0.0,0.18344444444444444,True
18,9441,2026-02-14T03:50:05+00:00,1.0,7,False,False,False,False,False,0.0,0.0,0.0,0.0,0.16694444444444445,True
18,9442,2026-02-14T04:45:02+00:00,1.0,11,False,False,False,True,False,0.0,0.0,0.0,0.0,0.8004444444444444,True
18,9443,2026-02-14T05:40:05+00:00,1.0,12,False,False,True,True,True,0.854,0.854,0.854,0.854,0.33194444444444443,True
18,9444,2026-02-14T06:35:02+00:00,1.0,19,False,False,True,True,False,0.0,0.0,0.0,0.403,0.11677777777777779,True
18,9445,2026-02-14T07:30:05+00:00,1.0,22,False,False,False,False,False,0.0,0.0,0.0,0.0,0.09972222222222223,False
18,9446,2026-02-14T08:25:03+00:00,1.0,22,False,False,False,False,True,0.0,0.225,0.701,0.701,0.0,False
18,9447,2026-02-14T09:20:05+00:00,1.0,22,False,False,False,False,False,0.0,0.0,0.0,0.403,0.0,False
18,9448,2026-02-14T10:15:03+00:00,1.0,22,False,False,False,False,False,0.0,0.117,0.367,0.422,0.7023333333333334,True
18,9449,2026-02-14T11:10:05+00:00,1.0,22,False,True,True,True,False,0.0,0.0,0.0,0.037,2.9344444444444444,True
18,9450,2026-02-14T12:05:03+00:00,1.0,22,True,True,True,True,True,1.0,1.0,1.0,1.0,3.3811666666666667,True
18,9451,2026-02-14T13:00:05+00:00,1.0,22,False,False,False,False,False,0.0,0.006,0.027,0.318,0.9990277777777777,True
18,9452,2026-02-14T13:55:02+00:00,1.0,22,False,True,True,True,False,0.0,0.0,0.0,0.0,0.3579444444444444,True
18,9453,2026-02-14T14:50:05+00:00,1.0,22,True,True,True,True,False,0.0,0.02,0.054,0.296,0.9677777777777778,True
18,9454,2026-02-14T15:45:02+00:00,1.0,22,False,True,True,True,False,0.0,0.054,0.055,0.056,2.2258333333333336,True
18,9455,2026-02-14T16:40:05+00:00,1.0,22,True,True,True,True,True,1.0,1.0,1.0,1.0,2.1991666666666667,True
18,9456,2026-02-14T17:35:02+00:00,1.0,22,True,True,True,True,False,0.0,0.0,0.577,0.74,1.941611111111111,True
18,9457,2026-02-14T18:30:05+00:00,1.0,22,True,True,True,True,True,1.0,1.0,1.0,1.0,2.501666666666667,True
18,9458,2026-02-14T19:25:03+00:00,1.0,22,True,True,True,True,True,1.0,1.0,1.0,1.0,3.8515,True
18,9459,2026-02-14T20:20:05+00:00,1.0,22,True,True,True,True,True,1.0,1.0,1.0,1.0,4.699166666666667,True
18,9460,2026-02-14T21:15:03+00:00,1.0,22,True,True,True,True,True,1.0,1.0,1.0,1.0,4.22475,True
18,9461,2026-02-14T22:10:07+00:00,1.0,22,True,True,True,True,True,0.199,0.701,0.707,0.707,3.4773055555555556,True
18,9462,2026-02-14T23:05:02+00:00,1.0,22,True,True,True,True,True,1.0,1.0,1.0,1.0,0.8328888888888889,True
18,9463,2026-02-15T00:00:05+00:00,1.0,22,True,True,True,True,True,1.0,1.0,1.0,1.0,0.1001388888888889,True
18,9464,2026-02-15T00:55:03+00:00,1.0,22,True,True,True,True,False,0.0,0.0,0.016,0.025,0.19175,True
18,9465,2026-02-15T01:50:05+00:00,1.0,22,True,False,False,True,True,0.492,0.492,0.492,0.492,0.03305555555555555,False
18,9466,2026-02-15T02:45:02+00:00,1.0,22,False,False,False,False,False,0.0,0.0,0.0,0.0,0.0,False
18,9467,2026-02-15T03:40:05+00:00,1.0,22,False,True,True,True,False,0.0,0.0,0.0,0.0,0.13361111111111112,True
18,9468,2026-02-15T04:35:03+00:00,1.0,22,True,True,True,True,False,0.0,0.034,0.054,0.054,0.6089166666666668,True
18,9469,2026-02-15T05:30:05+00:00,1.0,22,False,False,False,False,False,0.0,0.038,0.046,0.435,0.6493055555555556,True
18,9470,2026-02-15T06:25:03+00:00,1.0,22,False,False,False,False,False,0.0,0.008,0.322,0.388,0.233,True
18,9471,2026-02-15T07:20:05+00:00,1.0,22,False,False,True,True,True,0.971,0.976,0.983,0.983,0.0,False
18,9472,2026-02-15T08:15:02+00:00,1.0,22,True,True,True,True,False,0.0,0.0,0.046,0.135,0.07516666666666666,False
18,9473,2026-02-15T09:10:05+00:00,1.0,22,False,False,True,True,False,0.0,0.0,0.0,0.021,0.6024999999999999,True
18,9474,2026-02-15T10:05:02+00:00,1.0,22,False,True,True,True,True,0.312,0.312,0.312,0.324,2.0664444444444445,True
18,9475,2026-02-15T11:00:05+00:00,1.0,22,False,True,True,True,True,0.126,0.461,0.463,0.543,1.698888888888889,True
18,9476,2026-02-15T11:55:03+00:00,1.0,22,True,True,True,True,False,0.0,0.0,0.0,0.173,0.966,True
18,9477,2026-02-15T12:50:05+00:00,1.0,22,False,True,True,True,True,1.0,1.0,1.0,1.0,0.39916666666666667,True
18,9478,2026-02-15T13:45:02+00:00,1.0,22,False,False,False,True,False,0.0,0.001,0.055,0.058,0.1498888888888889,True
18,9479,2026-02-15T14:40:05+00:00,1.0,21,True,True,True,True,True,1.0,1.0,1.0,1.0,0.23361111111111113,True
18,9480,2026-02-15T15:35:03+00:00,1.0,10,False,False,False,False,False,0.0,0.0,0.0,0.0,0.12475,True
18,9481,2026-02-16T11:45:03+00:00,1.0,7,False,False,False,False,False,0.0,0.0,0.0,0.0,0.0,False
18,9482,2026-02-16T12:40:05+00:00,1.0,18,False,False,False,False,False,0.0,0.0,0.0,0.0,0.0,False
18,9483,2026-02-16T13:35:03+00:00,1.0,22,False,False,False,False,False,0.0,0.0,0.0,0.001,0.0,False
18,9484,2026-02-16T14:30:05+00:00,1.0,22,False,False,False,False,False,0.0,0.0,0.0,0.0,0.0,False
18,9485,2026-02-16T15:25:03+00:00,1.0,22,False,False,False,False,False,0.0,0.0,0.0,0.012,0.0,False
18,9486,2026-02-16T16:20:05+00:00,1.0,22,False,False,False,False,False,0.0,0.0,0.286,0.345,0.0,False
18,9487,2026-02-16T17:15:03+00:00,1.0,22,False,False,False,False,False,0.0,0.0,0.245,0.277,0.0,False
18,9488,2026-02-16T18:10:07+00:00,1.0,22,False,False,False,False,False,0.0,0.0,0.0,0.0,0.0,False
18,9489,2026-02-16T19:05:03+00:00,1.0,22,False,False,False,False,False,0.0,0.0,0.0,0.207,0.03366666666666664,False
18,9490,2026-02-16T20:00:06+00:00,1.0,22,False,False,True,True,True,0.276,0.401,0.497,0.507,0.40933333333333355,True
18,9491,2026-02-16T20:55:02+00:00,1.0,22,False,True,True,True,False,0.0,0.0,0.037,0.759,5.536444444444444,True
18,9492,2026-02-16T21:50:05+00:00,1.0,22,False,True,True,True,False,0.0,0.585,0.684,0.684,21.943194444444448,True
18,9493,2026-02-16T22:45:03+00:00,1.0,22,True,True,True,True,True,1.0,1.0,1.0,1.0,10.608916666666667,True
18,9494,2026-02-16T23:40:05+00:00,1.0,22,True,True,True,True,False,0.0,0.0,0.081,0.371,2.927361111111111,True
18,9495,2026-02-17T00:35:02+00:00,1.0,22,True,True,True,True,False,0.0,0.0,0.313,0.768,0.6825555555555556,True
18,9496,2026-02-17T01:30:05+00:00,1.0,22,True,True,True,True,True,1.0,1.0,1.0,1.0,1.3033333333333335,True
18,9497,2026-02-17T02:25:02+00:00,1.0,22,True,True,True,True,True,0.008,0.305,0.319,0.402,1.4986666666666666,True
18,9498,2026-02-17T03:20:05+00:00,1.0,22,False,False,False,True,False,0.071,0.146,0.146,0.374,0.6020833333333334,True
18,9499,2026-02-17T04:15:02+00:00,1.0,22,True,True,True,True,False,0.0,0.0,0.253,0.259,1.2241666666666668,True
19,9500,2026-02-17T05:10:05+00:00,1.0,22,False,False,False,False,False,0.0,0.0,0.0,0.022,0.08319444444444446,False
19,9501,2026-02-17T06:05:02+00:00,1.0,22,False,False,False,False,True,0.0,0.051,0.255,0.371,0.0,False
19,9502,2026-02-17T07:00:05+00:00,1.0,22,False,False,False,False,False,0.0,0.0,0.001,0.002,0.0,False
19,9503,2026-02-17T07:55:02+00:00,1.0,22,False,False,False,False,False,0.0,0.0,0.0,0.0,0.0,False
19,9504,2026-02-17T08:50:05+00:00,1.0,22,False,False,False,False,False,0.0,0.558,0.567,0.583,0.0,False
19,9505,2026-02-17T09:45:02+00:00,1.0,22,False,False,False,False,False,0.0,0.0,0.004,0.004,0.0,False
19,9506,2026-02-17T10:40:05+00:00,1.0,22,False,False,False,False,False,0.0,0.0,0.0,0.723,0.4008333333333334,True
19,9507,2026-02-17T11:35:03+00:00,1.0,22,False,False,True,True,False,0.0,0.02,0.054,0.196,0.5415833333333333,True
19,9508,2026-02-17T12:30:05+00:00,1.0,22,False,True,True,True,True,0.779,0.779,0.779,0.779,0.8509722222222222,True
19,9509,2026-02-17T13:25:02+00:00,1.0,22,True,True,True,True,True,1.0,1.0,1.0,1.0,0.6993333333333333,True
19,9510,2026-02-17T14:20:05+00:00,1.0,19,True,True,True,True,True,1.0,1.0,1.0,1.0,0.0,False
19,9511,2026-02-17T15:15:03+00:00,1.0,8,False,False,False,False,False,0.0,0.0,0.003,0.064,0.0,False
19,9512,2026-02-18T00:25:02+00:00,20.0,0,False,False,False,False,False,0.0,0.0,0.0,0.0,0.0,False
19,9513,2026-02-18T02:15:03+00:00,20.0,0,False,False,False,False,False,0.0,0.0,0.0,0.0,0.0,False
19,9514,2026-02-18T03:10:05+00:00,20.0,0,False,False,False,False,False,0.0,0.0,0.0,0.0,0.0,False
19,9515,2026-02-19T05:40:05+00:00,1.0,4,False,False,False,False,False,0.0,0.0,0.0,0.0,0.0,False
19,9516,2026-02-19T06:35:02+00:00,1.0,11,False,False,False,False,False,0.0,0.0,0.0,0.0,0.05838888888888889,False
19,9517,2026-02-19T11:40:05+00:00,1.0,19,False,False,False,True,False,0.0,0.0,0.0,0.0,0.0,False
19,9518,2026-02-19T12:35:02+00:00,1.0,22,True,True,True,True,True,1.0,1.0,1.0,1.0,0.17516666666666666,True
19,9519,2026-02-19T13:30:05+00:00,1.0,22,True,True,True,True,False,0.0,0.0,0.0,0.0,0.2498611111111111,True
19,9520,2026-02-19T14:25:02+00:00,1.0,22,False,False,False,True,True,0.0,0.773,0.876,0.876,0.11655555555555555,True
19,9521,2026-02-19T15:20:05+00:00,1.0,22,False,False,False,False,False,0.0,0.0,0.0,0.0,0.0,False
19,9522,2026-02-19T16:15:03+00:00,1.0,22,False,False,False,False,False,0.0,0.0,0.0,0.0,0.0,False
19,9523,2026-02-19T17:10:05+00:00,1.0,22,False,False,False,False,False,0.0,0.0,0.0,0.0,0.0,False
19,9524,2026-02-19T18:05:02+00:00,1.0,22,False,False,False,False,False,0.0,0.468,0.469,0.469,0.0,False
19,9525,2026-02-19T19:00:05+00:00,1.0,22,False,True,True,True,False,0.0,0.0,0.153,0.244,0.0,False
19,9526,2026-02-19T19:55:03+00:00,1.0,22,False,False,False,False,False,0.0,0.034,0.054,0.054,0.0,False
19,9527,2026-02-19T20:50:05+00:00,1.0,22,False,False,True,True,False,0.0,0.0,0.125,0.169,0.0,False
19,9528,2026-02-19T21:45:03+00:00,1.0,22,False,True,True,True,True,0.0,0.058,0.299,0.299,0.3754166666666667,True
19,9529,2026-02-19T22:40:05+00:00,1.0,22,False,True,True,True,False,0.0,0.083,0.23,0.23,0.23277777777777778,True
19,9530,2026-02-19T23:35:02+00:00,1.0,22,True,True,True,True,False,0.0,0.0,0.004,0.231,2.669111111111111,True
19,9531,2026-02-20T00:30:05+00:00,1.0,22,True,True,True,True,True,0.0,0.242,0.647,0.768,5.653194444444445,True
19,9532,2026-02-20T01:25:02+00:00,1.0,22,True,True,True,True,True,0.701,0.701,0.701,0.711,5.840388888888889,True
19,9533,2026-02-20T02:20:05+00:00,1.0,22,True,True,True,True,True,1.0,1.0,1.0,1.0,3.6966666666666668,True
19,9534,2026-02-20T03:15:03+00:00,1.0,22,True,True,True,True,True,1.0,1.0,1.0,1.0,1.87425,True
19,9535,2026-02-20T04:10:07+00:00,1.0,22,True,True,True,True,True,1.0,1.0,1.0,1.0,1.1156944444444443,True
19,9536,2026-02-20T05:05:03+00:00,1.0,22,True,True,True,True,True,0.0,0.338,0.777,0.822,0.7,True
19,9537,2026-02-20T06:00:05+00:00,1.0,22,True,True,True,True,True,1.0,1.0,1.0,1.0,0.6991666666666666,True
19,9538,2026-02-20T06:55:03+00:00,1.0,22,False,False,False,False,False,0.0,0.199,0.299,0.582,0.1495,True
19,9539,2026-02-20T07:50:05+00:00,1.0,22,False,False,True,True,True,0.322,0.322,0.322,0.426,0.016527777777777777,False
19,9540,2026-02-20T08:45:03+00:00,1.0,22,True,True,True,True,True,1.0,1.0,1.0,1.0,0.15016666666666667,True
19,9541,2026-02-20T09:40:04+00:00,1.0,22,True,True,True,True,True,1.0,1.0,1.0,1.0,0.801,True
19,9542,2026-02-20T10:35:02+00:00,1.0,22,True,True,True,True,False,0.0,0.0,0.01,0.01,1.2751666666666668,True
19,9543,2026-02-20T11:30:05+00:00,1.0,22,True,True,True,True,True,1.0,1.0,1.0,1.0,0.8484722222222222,True
19,9544,2026-02-20T12:25:03+00:00,1.0,22,True,True,True,True,False,0.0,0.0,0.0,0.0,0.17475,True
19,9545,2026-02-20T13:20:05+00:00,1.0,22,True,True,True,True,False,0.0,0.0,0.0,0.0,0.0,False
19,9546,2026-02-20T14:15:03+00:00,1.0,22,True,True,True,True,True,1.0,1.0,1.0,1.0,0.0,False
19,9547,2026-02-20T15:10:05+00:00,1.0,22,False,False,False,False,False,0.0,0.052,0.052,0.052,0.0,False
19,9548,2026-02-20T16:05:03+00:00,1.0,22,False,False,False,False,True,0.711,0.711,0.711,0.711,0.0,False
19,9549,2026-02-20T17:00:05+00:00,1.0,22,False,False,False,False,False,0.0,0.0,0.0,0.0,0.0,False
19,9550,2026-02-20T17:55:02+00:00,1.0,22,False,False,False,False,False,0.0,0.0,0.0,0.0,0.0,False
19,9551,2026-02-20T18:50:05+00:00,1.0,22,False,False,False,False,False,0.0,0.0,0.0,0.0,0.0,False
19,9552,2026-02-20T19:45:02+00:00,1.0,22,False,False,False,False,True,0.0,0.0,0.403,0.403,0.0,False
19,9553,2026-02-20T20:40:05+00:00,1.0,22,False,False,False,False,False,0.0,0.059,0.059,0.059,0.0,False
19,9554,2026-02-20T21:35:03+00:00,1.0,22,False,False,False,False,False,0.0,0.0,0.0,0.0,0.0,False
19,9555,2026-02-20T22:30:05+00:00,1.0,22,False,False,False,False,False,0.0,0.0,0.0,0.0,0.0,False
19,9556,2026-02-20T23:25:03+00:00,1.0,12,False,False,False,False,False,0.0,0.0,0.0,0.0,0.0,False
19,9557,2026-02-21T00:20:05+00:00,1.0,1,False,False,False,False,False,0.0,0.0,0.0,0.0,0.0,False
19,9558,2026-02-21T01:15:02+00:00,1.0,5,False,False,False,False,False,0.0,0.0,0.0,0.0,0.0,False
19,9559,2026-02-21T02:10:08+00:00,1.0,6,False,False,False,False,False,0.0,0.0,0.0,0.0,0.0,False
19,9560,2026-02-21T03:05:03+00:00,1.0,1,False,False,False,False,False,0.0,0.0,0.0,0.0,0.0,False
19,9561,2026-02-21T12:15:02+00:00,20.0,0,False,False,False,False,False,0.0,0.0,0.0,0.0,0.0,False
19,9562,2026-02-21T18:40:05+00:00,1.0,1,False,False,False,False,False,0.0,0.0,0.0,0.0,0.0,False
19,9563,2026-02-21T19:35:03+00:00,1.0,1,False,False,False,False,False,0.0,0.0,0.0,0.0,0.0,False
19,9564,2026-02-22T18:30:05+00:00,20.0,0,False,False,False,False,False,0.0,0.0,0.0,0.0,0.0,False
19,9565,2026-02-23T17:25:02+00:00,20.0,0,False,False,False,False,False,0.0,0.0,0.0,0.0,0.0,False
19,9566,2026-02-23T22:55:03+00:00,1.0,1,False,False,False,False,False,0.0,0.0,0.0,0.0,0.0,False
19,9567,2026-02-23T23:50:04+00:00,1.0,1,False,False,False,False,False,0.0,0.0,0.0,0.0,0.0,False
19,9568,2026-02-24T12:30:05+00:00,1.0,3,False,False,False,False,False,0.0,0.0,0.0,0.0,0.0,False
19,9569,2026-02-24T13:25:02+00:00,1.0,3,False,False,False,False,False,0.0,0.0,0.0,0.0,0.0,False
19,9570,2026-02-24T20:45:02+00:00,20.0,0,False,False,False,False,False,0.0,0.0,0.0,0.0,0.0,False
19,9571,2026-02-25T05:55:03+00:00,20.0,0,False,False,False,False,False,0.0,0.0,0.0,0.0,0.0,False
19,9572,2026-02-25T19:35:03+00:00,20.0,0,False,False,False,False,False,0.0,0.0,0.0,0.0,0.0,False
19,9573,2026-02-26T02:40:05+00:00,20.0,0,False,False,False,False,False,0.0,0.0,0.0,0.0,0.0,False
19,9574,2026-02-26T05:35:02+00:00,20.0,0,False,False,False,False,False,0.0,0.0,0.0,0.0,0.0,False
19,9575,2026-02-27T07:15:03+00:00,20.0,0,False,False,False,False,False,0.0,0.0,0.0,0.0,0.0,False
19,9576,2026-02-27T22:50:05+00:00,1.0,1,False,False,False,False,False,0.0,0.0,0.0,0.0,0.0,False
19,9577,2026-02-27T23:45:03+00:00,1.0,1,False,False,False,False,False,0.0,0.0,0.0,0.0,0.0,False
19,9578,2026-02-28T04:20:05+00:00,20.0,0,False,False,False,False,False,0.0,0.0,0.0,0.0,0.0,False
19,9579,2026-02-28T07:05:03+00:00,20.0,0,False,False,False,False,False,0.0,0.0,0.0,0.0,0.0,False
19,9580,2026-02-28T09:50:05+00:00,20.0,0,False,False,False,False,False,0.0,0.0,0.0,0.0,0.0,False
19,9581,2026-02-28T20:50:05+00:00,20.0,0,False,False,False,False,False,0.0,0.0,0.0,0.0,0.0,False
19,9582,2026-03-02T03:05:02+00:00,20.0,0,False,False,False,False,False,0.0,0.0,0.0,0.0,0.0,False
19,9583,2026-03-02T20:50:05+00:00,20.0,0,False,False,False,False,False,0.0,0.0,0.0,0.0,0.0,False
19,9584,2026-03-03T01:25:02+00:00,1.0,1,False,False,False,False,False,0.0,0.0,0.0,0.0,0.0,False
19,9585,2026-03-03T02:20:05+00:00,1.0,1,False,False,False,False,False,0.0,0.0,0.0,0.0,0.0,False
19,9586,2026-03-03T19:45:02+00:00,20.0,0,False,False,False,False,False,0.0,0.0,0.0,0.0,0.0,False
19,9587,2026-03-04T00:20:05+00:00,20.0,0,False,False,False,False,False,0.0,0.0,0.0,0.0,0.0,False
19,9588,2026-03-04T07:40:05+00:00,20.0,0,False,False,False,False,False,0.0,0.0,0.0,0.0,0.0,False
19,9589,2026-03-04T11:20:05+00:00,20.0,0,False,False,False,False,False,0.0,0.0,0.0,0.0,0.0,False
19,9590,2026-03-04T12:15:03+00:00,1.0,8,False,False,False,False,False,0.0,0.0,0.0,0.0,0.0,False
19,9591,2026-03-04T13:10:05+00:00,1.0,19,False,False,False,False,False,0.0,0.0,0.0,0.0,0.0,False
19,9592,2026-03-04T14:05:03+00:00,1.0,22,False,False,False,False,False,0.0,0.0,0.0,0.0,0.0,False
19,9593,2026-03-04T15:00:05+00:00,1.0,22,False,False,False,False,False,0.0,0.0,0.0,0.0,0.0,False
19,9594,2026-03-04T15:55:03+00:00,1.0,22,False,False,False,False,False,0.0,0.0,0.0,0.0,0.0,False
19,9595,2026-03-04T16:50:05+00:00,1.0,22,False,False,False,False,False,0.0,0.0,0.0,0.0,0.0,False
19,9596,2026-03-04T17:45:03+00:00,1.0,22,False,False,False,False,False,0.0,0.0,0.0,0.0,0.0,False
19,9597,2026-03-04T18:40:05+00:00,1.0,22,False,False,False,False,False,0.0,0.0,0.0,0.0,0.0,False
19,9598,2026-03-04T19:35:03+00:00,1.0,20,False,False,False,False,False,0.0,0.0,0.0,0.0,0.0,False
19,9599,2026-03-04T20:30:05+00:00,1.0,14,False,False,False,False,False,0.0,0.0,0.0,0.0,0.0,False
19,9600,2026-03-04T21:25:03+00:00,1.0,16,False,False,False,False,False,0.0,0.0,0.0,0.0,0.0,False
19,9601,2026-03-04T22:20:05+00:00,1.0,22,False,False,False,False,False,0.0,0.0,0.0,0.0,0.0,False
19,9602,2026-03-04T23:15:03+00:00,1.0,22,False,False,False,False,False,0.0,0.0,0.0,0.0,0.0,False
19,9603,2026-03-05T00:10:07+00:00,1.0,22,False,False,False,False,False,0.0,0.0,0.0,0.0,0.0,False
19,9604,2026-03-05T01:05:03+00:00,1.0,22,False,False,False,False,False,0.0,0.0,0.012,0.012,0.0,False
19,9605,2026-03-05T02:00:05+00:00,1.0,20,False,False,False,False,False,0.0,0.0,0.0,0.001,0.0,False
19,9606,2026-03-05T02:55:02+00:00,1.0,9,False,False,False,False,False,0.0,0.0,0.0,0.0,0.0,False
19,9607,2026-03-05T06:35:02+00:00,1.0,8,False,False,False,False,False,0.0,0.0,0.0,0.0,0.0,False
19,9608,2026-03-05T07:30:05+00:00,1.0,19,False,False,False,False,False,0.0,0.0,0.0,0.0,0.0,False
19,9609,2026-03-05T08:25:03+00:00,1.0,13,False,False,False,False,False,0.0,0.0,0.0,0.0,0.0,False
19,9610,2026-03-05T09:20:05+00:00,1.0,2,False,False,False,False,False,0.0,0.0,0.252,0.403,0.0,False
19,9611,2026-03-05T10:15:02+00:00,20.0,0,False,False,False,False,False,0.0,0.0,0.0,0.0,0.0,False
19,9612,2026-03-06T00:55:03+00:00,1.0,1,False,False,False,False,False,0.0,0.0,0.0,0.0,0.0,False
19,9613,2026-03-06T01:50:05+00:00,1.0,1,False,False,False,False,False,0.0,0.0,0.0,0.0,0.0,False
19,9614,2026-03-06T18:20:05+00:00,20.0,0,False,False,False,False,False,0.0,0.0,0.0,0.0,0.0,False
19,9615,2026-03-08T03:20:05+00:00,1.0,1,False,False,False,False,False,0.0,0.0,0.0,0.0,0.0,False
19,9616,2026-03-08T04:15:03+00:00,1.0,1,False,False,False,False,False,0.0,0.0,0.0,0.0,0.0,False
19,9617,2026-03-08T10:40:05+00:00,1.0,1,False,False,False,False,False,0.0,0.0,0.0,0.0,0.0,False
19,9618,2026-03-08T11:35:03+00:00,1.0,12,False,False,False,False,False,0.0,0.0,0.0,0.0,0.0,False
19,9619,2026-03-08T12:30:05+00:00,1.0,22,False,False,False,False,False,0.0,0.0,0.0,0.0,0.0,False
19,9620,2026-03-08T13:25:02+00:00,1.0,22,False,False,False,False,False,0.0,0.0,0.0,0.0,0.0,False
19,9621,2026-03-08T14:20:05+00:00,1.0,22,False,False,False,False,False,0.0,0.0,0.0,0.0,0.0,False
19,9622,2026-03-08T15:15:02+00:00,1.0,22,False,False,False,False,False,0.0,0.0,0.0,0.0,0.0,False
19,9623,2026-03-08T16:10:07+00:00,1.0,22,False,False,False,False,False,0.0,0.0,0.0,0.0,0.0,False
19,9624,2026-03-08T17:05:03+00:00,1.0,22,False,False,False,False,False,0.0,0.0,0.0,0.0,0.0,False
19,9625,2026-03-08T18:00:05+00:00,1.0,13,False,False,False,False,False,0.0,0.0,0.0,0.0,0.0,False
19,9626,2026-03-08T18:55:03+00:00,1.0,7,False,False,False,False,False,0.0,0.0,0.0,0.0,0.0,False
19,9627,2026-03-08T19:50:05+00:00,1.0,16,False,False,False,False,False,0.0,0.0,0.0,0.0,0.0,False
19,9628,2026-03-08T20:45:03+00:00,1.0,22,False,False,False,False,False,0.0,0.013,0.077,0.077,0.0,False
19,9629,2026-03-08T21:40:05+00:00,1.0,22,False,False,False,False,False,0.0,0.0,0.0,0.0,0.0,False
19,9630,2026-03-08T22:35:03+00:00,1.0,22,False,False,False,False,False,0.0,0.0,0.0,0.0,0.0,False
19,9631,2026-03-08T23:30:05+00:00,1.0,19,False,False,False,False,False,0.0,0.0,0.0,0.0,0.0,False
19,9632,2026-03-09T00:25:03+00:00,1.0,8,False,False,False,False,False,0.0,0.0,0.0,0.0,0.0,False
19,9633,2026-03-09T04:05:02+00:00,20.0,0,False,False,False,False,False,0.0,0.0,0.0,0.0,0.0,False
19,9634,2026-03-09T09:35:03+00:00,1.0,11,False,False,False,False,False,0.0,0.0,0.0,0.0,0.0,False
19,9635,2026-03-09T10:30:05+00:00,1.0,22,False,False,False,False,False,0.0,0.0,0.0,0.037,0.0,False
19,9636,2026-03-09T11:25:02+00:00,1.0,22,False,False,False,False,False,0.0,0.0,0.0,0.0,0.0,False
19,9637,2026-03-09T12:20:05+00:00,1.0,22,False,False,False,False,False,0.0,0.0,0.0,0.0,0.0,False
19,9638,2026-03-09T13:15:03+00:00,1.0,22,False,False,False,False,False,0.0,0.0,0.0,0.0,0.0,False
19,9639,2026-03-09T14:10:07+00:00,1.0,22,False,False,False,False,False,0.0,0.0,0.0,0.0,0.0,False
19,9640,2026-03-09T15:05:02+00:00,1.0,22,False,False,False,False,False,0.0,0.0,0.0,0.0,0.02516666666666667,False
19,9641,2026-03-09T16:00:05+00:00,1.0,18,False,False,False,False,False,0.0,0.0,0.0,0.0,0.2998611111111111,True
19,9642,2026-03-09T16:55:02+00:00,1.0,7,False,True,True,True,False,0.0,0.0,0.0,0.0,0.20827777777777778,True
19,9643,2026-03-09T17:50:05+00:00,1.0,7,False,False,False,False,False,0.0,0.0,0.0,0.0,0.03305555555555555,False
19,9644,2026-03-09T18:45:03+00:00,1.0,18,False,False,False,False,False,0.0,0.0,0.0,0.0,0.0,False
19,9645,2026-03-09T19:40:05+00:00,1.0,19,False,False,False,False,False,0.0,0.0,0.0,0.0,0.0,False
19,9646,2026-03-09T20:35:03+00:00,1.0,10,False,False,False,False,False,0.0,0.0,0.0,0.0,0.0,False
19,9647,2026-03-09T21:30:05+00:00,1.0,9,False,False,False,False,False,0.0,0.0,0.0,0.0,0.0,False
19,9648,2026-03-09T22:25:02+00:00,1.0,18,False,False,False,False,False,0.0,0.0,0.0,0.0,0.0,False
19,9649,2026-03-09T23:20:05+00:00,1.0,22,False,False,False,False,False,0.0,0.0,0.0,0.0,0.0,False
19,9650,2026-03-10T00:15:03+00:00,1.0,22,False,False,False,False,False,0.0,0.0,0.0,0.0,0.0,False
19,9651,2026-03-10T01:10:05+00:00,1.0,22,False,False,False,False,False,0.0,0.0,0.0,0.0,0.0,False
19,9652,2026-03-10T02:05:03+00:00,1.0,22,False,False,False,False,False,0.0,0.0,0.003,0.003,0.0,False
19,9653,2026-03-10T03:00:05+00:00,1.0,22,False,False,False,False,False,0.0,0.0,0.0,0.0,0.0,False
19,9654,2026-03-10T03:55:03+00:00,1.0,22,False,False,False,False,False,0.0,0.0,0.0,0.0,0.0,False
19,9655,2026-03-10T04:50:05+00:00,1.0,22,False,False,False,False,False,0.0,0.0,0.037,0.244,0.0,False
19,9656,2026-03-10T05:45:02+00:00,1.0,22,False,False,False,False,False,0.0,0.0,0.0,0.0,0.0,False
19,9657,2026-03-10T06:40:05+00:00,1.0,22,False,False,False,False,False,0.0,0.0,0.0,0.0,0.0,False
19,9658,2026-03-10T07:35:02+00:00,1.0,22,False,False,False,False,False,0.0,0.0,0.0,0.0,0.0,False
19,9659,2026-03-10T08:30:05+00:00,1.0,22,False,False,False,False,False,0.0,0.0,0.0,0.0,0.0,False
19,9660,2026-03-10T09:25:02+00:00,1.0,22,False,False,False,False,False,0.0,0.0,0.0,0.0,0.0,False
19,9661,2026-03-10T10:20:05+00:00,1.0,12,False,False,False,False,False,0.0,0.0,0.341,0.403,0.0,False
19,9662,2026-03-10T11:15:03+00:00,1.0,1,False,False,False,False,False,0.0,0.0,0.0,0.0,0.0,False
19,9663,2026-03-10T12:10:07+00:00,1.0,4,False,False,False,False,False,0.0,0.0,0.0,0.0,0.0,False
19,9664,2026-03-10T13:05:03+00:00,1.0,15,False,False,False,False,False,0.0,0.0,0.0,0.0,0.0,False
19,9665,2026-03-10T14:00:05+00:00,1.0,22,False,False,False,False,False,0.0,0.0,0.0,0.0,0.0,False
19,9666,2026-03-10T14:55:03+00:00,1.0,11,False,False,False,False,False,0.0,0.0,0.0,0.0,0.0,False
19,9667,2026-03-10T19:30:05+00:00,1.0,1,False,False,False,False,False,0.0,0.0,0.0,0.0,0.0,False
19,9668,2026-03-10T20:25:03+00:00,1.0,2,False,False,False,False,False,0.0,0.0,0.0,0.0,0.0,False
19,9669,2026-03-10T21:20:05+00:00,1.0,1,False,False,False,False,False,0.0,0.0,0.0,0.0,0.0,False
19,9670,2026-03-12T23:15:03+00:00,20.0,0,False,False,False,False,False,0.0,0.0,0.0,0.0,0.0,False
19,9671,2026-03-13T11:10:05+00:00,1.0,8,False,False,False,False,False,0.0,0.0,0.0,0.0,0.0,False
19,9672,2026-03-13T12:05:03+00:00,1.0,19,False,False,False,False,False,0.0,0.0,0.0,0.0,0.0,False
19,9673,2026-03-13T13:00:05+00:00,1.0,22,False,False,False,False,False,0.0,0.0,0.0,0.0,0.0,False
19,9674,2026-03-13T13:55:03+00:00,1.0,22,False,False,False,False,False,0.0,0.0,0.0,0.0,0.0,False
19,9675,2026-03-13T14:50:05+00:00,1.0,22,False,False,False,False,False,0.0,0.0,0.0,0.0,0.0,False
19,9676,2026-03-13T15:45:03+00:00,1.0,12,False,False,False,False,False,0.0,0.0,0.0,0.0,0.0,False
19,9677,2026-03-13T16:40:05+00:00,1.0,1,False,False,False,False,False,0.0,0.0,0.0,0.0,0.0,False
19,9678,2026-03-13T17:35:03+00:00,1.0,1,False,False,False,False,False,0.0,0.0,0.0,0.0,0.0,False
19,9679,2026-03-13T18:30:05+00:00,1.0,1,False,False,False,False,False,0.0,0.0,0.0,0.0,0.0,False
19,9680,2026-03-14T09:10:06+00:00,20.0,0,False,False,False,False,False,0.0,0.0,0.0,0.0,0.0,False
19,9681,2026-03-14T11:55:02+00:00,1.0,6,False,False,False,False,False,0.0,0.0,0.0,0.0,0.0,False
19,9682,2026-03-14T12:50:05+00:00,1.0,17,False,False,False,False,False,0.0,0.0,0.0,0.0,0.0,False
19,9683,2026-03-14T13:45:03+00:00,1.0,22,False,False,False,False,False,0.0,0.0,0.061,0.403,0.0,False
19,9684,2026-03-14T14:40:05+00:00,1.0,15,False,False,False,False,False,0.0,0.0,0.0,0.0,0.0,False
19,9685,2026-03-14T15:35:03+00:00,1.0,4,False,False,False,False,False,0.0,0.0,0.0,0.0,0.0,False
19,9686,2026-03-14T23:50:05+00:00,1.0,5,False,False,False,False,False,0.0,0.0,0.0,0.0,0.0,False
19,9687,2026-03-15T00:45:03+00:00,1.0,16,False,False,False,False,False,0.0,0.0,0.0,0.0,0.0,False
19,9688,2026-03-15T01:40:05+00:00,1.0,22,False,False,False,False,False,0.0,0.0,0.0,0.0,0.0,False
19,9689,2026-03-15T02:35:02+00:00,1.0,14,False,False,False,False,False,0.0,0.0,0.0,0.0,0.0,False
19,9690,2026-03-15T03:30:05+00:00,1.0,3,False,False,False,False,False,0.0,0.0,0.0,0.0,0.0,False
19,9691,2026-03-15T05:20:05+00:00,1.0,9,False,False,False,False,False,0.0,0.0,0.0,0.0,0.0,False
19,9692,2026-03-15T06:15:03+00:00,1.0,16,False,False,False,False,False,0.0,0.0,0.0,0.0,0.0,False
19,9693,2026-03-15T07:10:05+00:00,1.0,7,False,False,False,False,False,0.0,0.0,0.0,0.0,0.0,False
19,9694,2026-03-15T12:40:05+00:00,1.0,10,False,False,False,False,False,0.0,0.0,0.0,0.0,0.0,False
19,9695,2026-03-15T13:35:03+00:00,1.0,21,False,False,False,False,False,0.0,0.0,0.0,0.0,0.0,False
19,9696,2026-03-15T14:30:05+00:00,1.0,22,False,False,False,False,False,0.0,0.0,0.0,0.0,0.0,False
19,9697,2026-03-15T15:25:02+00:00,1.0,22,False,False,False,False,False,0.0,0.0,0.0,0.0,0.0,False
19,9698,2026-03-15T16:20:05+00:00,1.0,22,False,False,False,False,False,0.0,0.0,0.0,0.0,0.0,False
19,9699,2026-03-15T17:15:02+00:00,1.0,22,False,False,False,False,False,0.0,0.0,0.0,0.0,0.0,False
19,9700,2026-03-15T18:10:08+00:00,1.0,15,False,False,False,False,False,0.0,0.0,0.0,0.0,0.0,False
19,9701,2026-03-15T19:05:03+00:00,1.0,4,False,False,False,False,False,0.0,0.0,0.0,0.0,0.0,False
19,9702,2026-03-16T01:30:05+00:00,20.0,0,False,False,False,False,False,0.0,0.0,0.0,0.0,0.0,False
19,9703,2026-03-16T10:40:05+00:00,1.0,2,False,False,False,False,False,0.0,0.0,0.0,0.0,0.0,False
19,9704,2026-03-16T11:35:03+00:00,1.0,13,False,False,False,False,False,0.0,0.0,0.0,0.0,0.0,False
19,9705,2026-03-16T12:30:05+00:00,1.0,22,False,False,False,False,False,0.0,0.0,0.0,0.0,0.0,False
19,9706,2026-03-16T13:25:03+00:00,1.0,22,False,False,False,False,False,0.0,0.0,0.0,0.0,0.0,False
19,9707,2026-03-16T14:20:05+00:00,1.0,22,False,False,False,False,False,0.0,0.0,0.0,0.0,0.0,False
19,9708,2026-03-16T15:15:03+00:00,1.0,22,False,False,False,False,False,0.0,0.0,0.0,0.0,0.0,False
19,9709,2026-03-16T16:10:07+00:00,1.0,18,False,False,False,False,False,0.0,0.0,0.0,0.0,0.0,False
19,9710,2026-03-16T17:05:03+00:00,1.0,7,False,False,False,False,False,0.0,0.0,0.0,0.0,0.0,False
19,9711,2026-03-16T22:35:02+00:00,1.0,3,False,False,False,False,False,0.0,0.0,0.0,0.0,0.0,False
19,9712,2026-03-16T23:30:05+00:00,1.0,14,False,False,False,False,False,0.0,0.0,0.0,0.0,0.0,False
19,9713,2026-03-17T00:25:02+00:00,1.0,22,False,False,False,False,False,0.0,0.0,0.0,0.0,0.0,False
19,9714,2026-03-17T01:20:05+00:00,1.0,22,False,False,False,False,False,0.0,0.002,0.005,0.005,0.0,False
19,9715,2026-03-17T02:15:02+00:00,1.0,22,False,False,False,False,True,0.0,0.061,0.501,0.501,0.0,False
19,9716,2026-03-17T03:10:05+00:00,1.0,22,False,False,False,False,False,0.0,0.0,0.0,0.0,0.0,False
19,9717,2026-03-17T04:05:02+00:00,1.0,22,False,False,False,False,False,0.0,0.0,0.0,0.0,0.00838888888888889,False
19,9718,2026-03-17T05:00:05+00:00,1.0,22,False,False,False,False,False,0.0,0.0,0.0,0.0,0.1001388888888889,True
19,9719,2026-03-17T05:55:03+00:00,1.0,22,False,False,False,False,False,0.036,0.169,0.169,0.207,0.19175,True
19,9720,2026-03-17T06:50:05+00:00,1.0,22,False,False,True,True,True,0.717,0.717,0.717,0.717,0.2,True
19,9721,2026-03-17T07:45:03+00:00,1.0,22,True,True,True,True,True,1.0,1.0,1.0,1.0,0.04983333333333334,False
19,9722,2026-03-17T08:40:05+00:00,1.0,22,True,True,True,True,True,1.0,1.0,1.0,1.0,0.0,False
19,9723,2026-03-17T09:35:03+00:00,1.0,22,True,True,True,True,True,1.0,1.0,1.0,1.0,0.11683333333333334,True
19,9724,2026-03-17T10:30:05+00:00,1.0,22,False,False,False,False,True,0.046,0.701,0.701,0.701,0.3002777777777778,True
19,9725,2026-03-17T11:25:02+00:00,1.0,22,False,False,False,False,False,0.0,0.0,0.0,0.0,0.6503333333333334,True
19,9726,2026-03-17T12:20:05+00:00,1.0,22,False,False,False,False,False,0.0,0.001,0.005,0.005,0.9330555555555555,True
19,9727,2026-03-17T13:15:03+00:00,1.0,22,False,False,False,False,False,0.0,0.0,0.01,0.409,0.72475,True
19,9728,2026-03-17T14:10:07+00:00,1.0,22,False,True,True,True,False,0.0,0.0,0.0,0.0,0.5674444444444444,True
19,9729,2026-03-17T15:05:03+00:00,1.0,22,True,True,True,True,False,0.0,0.0,0.0,0.153,0.9420833333333333,True
19,9730,2026-03-17T16:00:06+00:00,1.0,22,False,False,False,False,False,0.0,0.0,0.0,0.0,1.4005,True
19,9731,2026-03-17T16:55:03+00:00,1.0,22,False,False,False,False,True,0.476,1.0,1.0,1.0,1.67525,True
19,9732,2026-03-17T17:50:05+00:00,1.0,22,False,False,False,False,False,0.0,0.0,0.0,0.0,1.8669444444444443,True
19,9733,2026-03-17T18:45:02+00:00,1.0,22,False,True,True,True,True,1.0,1.0,1.0,1.0,1.5997777777777777,True
19,9734,2026-03-17T19:40:05+00:00,1.0,22,True,True,True,True,True,1.0,1.0,1.0,1.0,1.9008333333333334,True
19,9735,2026-03-17T20:35:03+00:00,1.0,22,False,True,True,True,False,0.0,0.0,0.0,0.0,2.0415833333333335,True
19,9736,2026-03-17T21:30:05+00:00,1.0,22,False,False,True,True,True,0.0,0.0,0.261,0.299,2.2506944444444446,True
19,9737,2026-03-17T22:25:03+00:00,1.0,22,True,True,True,True,True,0.116,0.751,0.825,0.825,2.79225,True
19,9738,2026-03-17T23:20:05+00:00,1.0,22,False,False,False,False,False,0.0,0.0,0.0,0.0,2.831805555555556,True
19,9739,2026-03-18T00:15:03+00:00,1.0,22,False,False,True,True,False,0.0,0.0,0.0,0.303,2.2505,True
19,9740,2026-03-18T01:10:05+00:00,1.0,22,False,False,False,False,False,0.0,0.0,0.0,0.054,2.582361111111111,True
19,9741,2026-03-18T02:05:03+00:00,1.0,22,False,False,False,False,False,0.0,0.0,0.002,0.002,1.9074166666666668,True
19,9742,2026-03-18T03:00:05+00:00,1.0,22,False,False,False,False,False,0.0,0.0,0.0,0.008,0.8994444444444445,True
19,9743,2026-03-18T03:55:03+00:00,1.0,22,False,False,False,False,False,0.0,0.0,0.0,0.153,0.533,True
19,9744,2026-03-18T04:50:05+00:00,1.0,22,False,False,False,False,False,0.0,0.0,0.0,0.0,0.1661111111111111,True
19,9745,2026-03-18T05:45:02+00:00,1.0,22,False,False,False,False,False,0.0,0.0,0.0,0.0,0.024944444444444446,False
19,9746,2026-03-18T06:40:05+00:00,1.0,22,False,False,False,False,False,0.0,0.0,0.0,0.0,0.0,False
19,9747,2026-03-18T07:35:03+00:00,1.0,22,False,False,False,False,False,0.0,0.0,0.108,0.199,0.0,False
19,9748,2026-03-18T08:30:05+00:00,1.0,22,False,False,False,False,False,0.0,0.0,0.0,0.0,0.0,False
19,9749,2026-03-18T09:25:02+00:00,1.0,22,False,False,False,False,False,0.0,0.0,0.042,0.042,0.0,False
19,9750,2026-03-18T10:20:05+00:00,1.0,22,False,False,False,False,False,0.0,0.0,0.0,0.0,0.0,False
19,9751,2026-03-18T11:15:02+00:00,1.0,22,False,False,False,False,False,0.0,0.252,0.403,0.403,0.0,False
19,9752,2026-03-18T12:10:07+00:00,1.0,22,False,False,False,False,False,0.0,0.008,0.036,0.08,0.0,False
19,9753,2026-03-18T13:05:02+00:00,1.0,22,False,False,False,False,False,0.0,0.0,0.0,0.0,0.01677777777777778,False
19,9754,2026-03-18T14:00:05+00:00,1.0,22,False,False,False,False,False,0.0,0.0,0.008,0.277,0.2,True
19,9755,2026-03-18T14:55:02+00:00,1.0,22,False,False,False,False,False,0.0,0.0,0.0,0.0,0.19999999999999998,True
19,9756,2026-03-18T15:50:05+00:00,1.0,16,False,False,False,False,False,0.0,0.0,0.0,0.0,0.2,True
19,9757,2026-03-18T16:45:03+00:00,1.0,6,False,False,False,False,False,0.0,0.0,0.0,0.0,0.2,True
19,9758,2026-03-18T17:40:05+00:00,1.0,11,False,False,False,False,False,0.0,0.0,0.0,0.0,0.06638888888888889,False
19,9759,2026-03-18T18:35:03+00:00,1.0,21,False,False,False,False,False,0.0,0.0,0.341,0.403,0.0,False
19,9760,2026-03-18T19:30:05+00:00,1.0,22,False,False,False,False,False,0.0,0.0,0.0,0.0,0.0,False
19,9761,2026-03-18T20:25:03+00:00,1.0,22,False,False,False,False,False,0.0,0.0,0.207,0.244,0.0,False
19,9762,2026-03-18T21:20:05+00:00,1.0,22,False,False,False,False,False,0.0,0.0,0.0,0.0,0.0,False
19,9763,2026-03-18T22:15:03+00:00,1.0,22,False,False,False,False,False,0.0,0.0,0.0,0.0,0.0,False
19,9764,2026-03-18T23:10:05+00:00,1.0,22,False,False,False,False,False,0.0,0.0,0.0,0.153,0.0,False
19,9765,2026-03-19T00:05:03+00:00,1.0,20,False,False,False,False,False,0.0,0.0,0.0,0.0,0.0,False
19,9766,2026-03-19T01:00:05+00:00,1.0,9,False,False,False,False,False,0.0,0.0,0.0,0.0,0.0,False
19,9767,2026-03-19T06:30:05+00:00,20.0,0,False,False,False,False,False,0.0,0.0,0.0,0.0,0.0,False
19,9768,2026-03-19T08:20:05+00:00,20.0,0,False,False,False,False,False,0.0,0.0,0.0,0.0,0.0,False
19,9769,2026-03-20T20:05:02+00:00,20.0,0,False,False,False,False,False,0.0,0.0,0.0,0.0,0.0,False
19,9770,2026-03-21T08:00:05+00:00,20.0,0,False,False,False,False,False,0.0,0.0,0.0,0.0,0.0,False
19,9771,2026-03-21T14:25:03+00:00,20.0,0,False,False,False,False,False,0.0,0.0,0.0,0.0,0.0,False
19,9772,2026-03-22T01:25:02+00:00,1.0,3,False,False,False,False,False,0.0,0.0,0.0,0.0,0.0,False
19,9773,2026-03-22T02:20:05+00:00,1.0,14,False,False,False,False,False,0.0,0.0,0.0,0.0,0.0,False
19,9774,2026-03-22T03:15:02+00:00,1.0,22,False,False,False,False,False,0.0,0.0,0.0,0.0,0.0,False
19,9775,2026-03-22T04:10:07+00:00,1.0,22,False,False,False,False,False,0.0,0.0,0.0,0.0,0.0,False
19,9776,2026-03-22T05:05:03+00:00,1.0,22,False,False,False,False,False,0.0,0.0,0.0,0.0,0.0,False
19,9777,2026-03-22T06:00:05+00:00,1.0,22,False,False,False,False,False,0.0,0.0,0.0,0.0,0.0,False
19,9778,2026-03-22T06:55:02+00:00,1.0,22,False,False,False,False,False,0.0,0.0,0.151,0.439,0.0,False
19,9779,2026-03-22T07:50:05+00:00,1.0,22,False,False,False,False,False,0.0,0.0,0.0,0.0,0.0,False
19,9780,2026-03-22T08:45:03+00:00,1.0,11,False,False,False,False,False,0.0,0.0,0.0,0.0,0.0,False
19,9781,2026-03-22T09:40:05+00:00,1.0,4,False,False,False,False,False,0.0,0.0,0.0,0.0,0.0,False
19,9782,2026-03-22T10:35:03+00:00,1.0,15,False,False,False,False,False,0.0,0.0,0.0,0.0,0.0,False
19,9783,2026-03-22T11:30:05+00:00,1.0,22,False,False,False,False,False,0.0,0.0,0.0,0.0,0.0,False
19,9784,2026-03-22T13:40:05+00:00,1.0,22,False,False,False,False,False,0.0,0.0,0.0,0.0,0.0,False
19,9785,2026-03-22T14:35:03+00:00,1.0,22,False,False,False,False,False,0.0,0.0,0.0,0.0,0.0,False
19,9786,2026-03-22T15:30:05+00:00,1.0,22,False,False,False,False,False,0.0,0.0,0.0,0.0,0.0,False
19,9787,2026-03-22T16:25:03+00:00,1.0,22,False,False,False,False,False,0.0,0.0,0.0,0.0,0.0,False
19,9788,2026-03-22T17:20:05+00:00,1.0,22,False,False,False,False,False,0.0,0.0,0.0,0.0,0.0,False
19,9789,2026-03-22T18:15:03+00:00,1.0,22,False,False,False,False,False,0.0,0.0,0.0,0.0,0.0,False
19,9790,2026-03-22T19:10:05+00:00,1.0,22,False,False,False,False,False,0.0,0.0,0.0,0.0,0.0,False
19,9791,2026-03-22T20:05:03+00:00,1.0,22,False,False,False,False,False,0.0,0.0,0.0,0.0,0.0,False
19,9792,2026-03-22T21:00:06+00:00,1.0,22,False,False,False,True,False,0.0,0.0,0.0,0.0,0.0,False
19,9793,2026-03-22T21:55:03+00:00,1.0,22,True,False,False,False,False,0.0,0.0,0.0,0.0,0.0,False
19,9794,2026-03-22T22:50:05+00:00,1.0,22,False,False,True,True,False,0.0,0.0,0.0,0.0,0.0,False
19,9795,2026-03-22T23:45:03+00:00,1.0,22,True,True,True,True,True,1.0,1.0,1.0,1.0,0.0,False
19,9796,2026-03-23T00:40:05+00:00,1.0,22,True,False,False,False,True,0.138,0.301,0.301,0.792,0.0,False
19,9797,2026-03-23T01:35:03+00:00,1.0,22,False,False,False,False,True,0.0,0.0,0.315,0.697,0.0,False
19,9798,2026-03-23T02:30:05+00:00,1.0,22,False,False,False,False,False,0.0,0.046,0.047,0.05,0.0,False
19,9799,2026-03-23T03:25:02+00:00,1.0,22,False,False,False,False,False,0.0,0.0,0.0,0.0,0.0,False
19,9800,2026-03-23T04:20:05+00:00,1.0,22,False,True,True,True,True,1.0,1.0,1.0,1.0,0.0,False
19,9801,2026-03-23T05:15:03+00:00,1.0,22,False,False,False,False,False,0.0,0.0,0.0,0.0,0.0,False
19,9802,2026-03-23T06:10:07+00:00,1.0,22,False,False,False,False,False,0.0,0.0,0.0,0.008,0.0,False
19,9803,2026-03-23T07:05:03+00:00,1.0,22,False,False,False,False,False,0.0,0.0,0.0,0.0,0.0,False
19,9804,2026-03-23T08:00:05+00:00,1.0,22,False,False,False,False,False,0.0,0.0,0.0,0.0,0.0,False
19,9805,2026-03-23T08:55:02+00:00,1.0,22,False,False,False,True,False,0.0,0.0,0.0,0.0,0.0,False
19,9806,2026-03-23T09:50:05+00:00,1.0,22,False,False,True,True,False,0.0,0.0,0.0,0.0,0.0,False
19,9807,2026-03-23T10:45:02+00:00,1.0,22,True,True,True,True,True,1.0,1.0,1.0,1.0,0.0,False
19,9808,2026-03-23T11:40:05+00:00,1.0,22,False,False,False,False,False,0.0,0.0,0.0,0.0,0.06680555555555556,False
19,9809,2026-03-23T12:35:03+00:00,1.0,22,False,False,False,False,False,0.0,0.0,0.0,0.006,0.04158333333333333,False
19,9810,2026-03-23T13:30:05+00:00,1.0,22,False,False,False,False,True,0.199,0.299,0.299,0.299,0.0,False
19,9811,2026-03-23T14:25:02+00:00,1.0,22,False,True,True,True,False,0.0,0.0,0.0,0.112,0.0,False
19,9812,2026-03-23T15:20:05+00:00,1.0,22,False,False,False,False,False,0.0,0.0,0.0,0.0,0.0,False
19,9813,2026-03-23T16:15:03+00:00,1.0,22,False,False,False,False,True,0.717,0.717,0.723,0.773,0.0,False
19,9814,2026-03-23T17:10:05+00:00,1.0,22,False,False,False,False,False,0.0,0.0,0.0,0.0,0.0,False
19,9815,2026-03-23T18:05:03+00:00,1.0,12,False,False,False,False,False,0.0,0.0,0.0,0.02,0.0,False
19,9816,2026-03-23T19:00:05+00:00,1.0,1,False,False,False,False,False,0.0,0.0,0.0,0.0,0.0,False
19,9817,2026-03-26T00:10:07+00:00,20.0,0,False,False,False,False,False,0.0,0.0,0.0,0.0,0.05058333333333335,False
19,9818,2026-03-26T01:05:03+00:00,1.0,2,False,False,False,False,False,0.0,0.0,0.0,0.0,0.2831666666666667,True
19,9819,2026-03-26T02:00:05+00:00,1.0,13,False,False,False,True,False,0.0,0.0,0.0,0.0,0.10333333333333333,True
19,9820,2026-03-26T02:55:02+00:00,1.0,20,True,True,True,True,False,0.0,0.0,0.0,0.0,2.301333333333333,True
19,9821,2026-03-26T03:50:05+00:00,1.0,11,False,False,False,False,False,0.0,0.0,0.0,0.0,0.5801388888888889,True
19,9822,2026-03-26T04:45:03+00:00,1.0,6,False,False,False,False,False,0.0,0.005,0.005,0.005,0.04983333333333334,False
19,9823,2026-03-26T05:40:05+00:00,1.0,9,False,False,False,False,False,0.0,0.0,0.0,0.265,0.0,False
19,9824,2026-03-26T06:35:03+00:00,1.0,16,False,False,False,False,False,0.0,0.0,0.0,0.0,0.0,False
19,9825,2026-03-26T07:30:05+00:00,1.0,22,False,False,False,False,False,0.0,0.0,0.244,0.244,0.0,False
19,9826,2026-03-26T08:25:03+00:00,1.0,22,False,False,False,False,False,0.0,0.0,0.001,0.001,0.0,False
19,9827,2026-03-26T09:20:05+00:00,1.0,22,False,False,False,True,True,0.0,0.338,0.702,0.702,0.0,False
19,9828,2026-03-26T10:15:03+00:00,1.0,22,True,True,True,True,True,1.0,1.0,1.0,1.0,0.10033333333333334,True
19,9829,2026-03-26T11:10:05+00:00,1.0,22,False,True,True,True,False,0.0,0.0,0.449,0.477,0.36638888888888893,True
19,9830,2026-03-26T12:05:03+00:00,1.0,22,False,False,True,True,True,0.058,0.653,0.774,0.774,0.2084166666666667,True
19,9831,2026-03-26T13:00:05+00:00,1.0,22,True,True,True,True,True,1.0,1.0,1.0,1.0,0.30013888888888884,True
19,9832,2026-03-26T13:55:02+00:00,1.0,22,True,True,True,True,True,1.0,1.0,1.0,1.0,0.3917222222222222,True
19,9833,2026-03-26T14:50:05+00:00,1.0,22,False,False,True,True,True,1.0,1.0,1.0,1.0,2.152916666666667,True
19,9834,2026-03-26T15:45:03+00:00,1.0,22,True,True,True,True,True,1.0,1.0,1.0,1.0,5.203,True
19,9835,2026-03-26T16:40:05+00:00,1.0,22,False,True,True,True,False,0.0,0.0,0.363,0.387,3.427777777777778,True
19,9836,2026-03-26T17:35:02+00:00,1.0,22,False,False,False,False,True,1.0,1.0,1.0,1.0,1.4577222222222224,True
19,9837,2026-03-26T18:30:05+00:00,1.0,22,False,True,True,True,False,0.0,0.0,0.001,0.003,2.0529166666666665,True
19,9838,2026-03-26T19:25:02+00:00,1.0,22,False,False,False,True,True,0.0,0.242,1.0,1.0,2.2238333333333333,True
19,9839,2026-03-26T20:20:05+00:00,1.0,22,True,False,False,False,True,0.511,0.511,0.657,0.657,0.6652777777777777,True
19,9840,2026-03-26T21:15:02+00:00,1.0,22,False,False,False,False,False,0.0,0.0,0.026,0.034,0.0,False
19,9841,2026-03-26T22:10:07+00:00,1.0,22,False,False,False,False,False,0.0,0.0,0.244,0.279,0.0,False
19,9842,2026-03-26T23:05:03+00:00,1.0,22,False,False,False,False,False,0.0,0.0,0.0,0.008,0.07574999999999996,False
19,9843,2026-03-27T00:00:05+00:00,1.0,22,False,False,False,False,False,0.0,0.005,0.01,0.01,0.9019444444444444,True
19,9844,2026-03-27T00:55:03+00:00,1.0,22,False,False,False,False,False,0.0,0.031,0.031,0.334,2.1845,True
19,9845,2026-03-27T01:50:05+00:00,1.0,22,False,False,False,False,False,0.0,0.0,0.0,0.0,1.0479166666666666,True
19,9846,2026-03-27T02:45:03+00:00,1.0,22,False,False,True,True,False,0.0,0.0,0.0,0.403,0.42458333333333337,True
19,9847,2026-03-27T03:40:04+00:00,1.0,22,True,True,True,True,True,1.0,1.0,1.0,1.0,0.7006666666666668,True
19,9848,2026-03-27T04:35:03+00:00,1.0,22,True,True,True,True,True,1.0,1.0,1.0,1.0,0.37425,True
19,9849,2026-03-27T05:30:05+00:00,1.0,22,True,True,True,True,False,0.0,0.005,0.007,0.266,0.0,False
19,9850,2026-03-27T06:25:03+00:00,1.0,22,False,False,False,True,False,0.0,0.008,0.072,0.398,0.0,False
19,9851,2026-03-27T07:20:05+00:00,1.0,22,True,True,True,True,False,0.0,0.0,0.322,0.753,0.0,False
19,9852,2026-03-27T08:15:03+00:00,1.0,22,True,True,True,True,False,0.0,0.0,0.037,0.037,0.0,False
19,9853,2026-03-27T09:10:05+00:00,1.0,22,True,True,True,True,True,1.0,1.0,1.0,1.0,0.016805555555555553,False
19,9854,2026-03-27T10:05:02+00:00,1.0,22,True,True,True,True,True,1.0,1.0,1.0,1.0,0.09161111111111112,False
19,9855,2026-03-27T11:00:05+00:00,1.0,22,True,True,True,True,True,1.0,1.0,1.0,1.0,0.0001388888888888884,False
19,9856,2026-03-27T11:55:03+00:00,1.0,22,False,False,False,False,False,0.0,0.0,0.0,0.041,0.09175,False
19,9857,2026-03-27T12:50:05+00:00,1.0,22,False,False,False,False,False,0.0,0.001,0.005,0.039,0.26694444444444443,True
19,9858,2026-03-27T13:45:03+00:00,1.0,22,False,False,False,False,False,0.0,0.0,0.034,0.034,0.07475,False
19,9859,2026-03-27T14:40:05+00:00,1.0,22,False,False,False,False,False,0.0,0.0,0.0,0.02,0.0,False
19,9860,2026-03-27T15:35:03+00:00,1.0,17,False,False,False,False,False,0.0,0.0,0.0,0.0,0.0,False
19,9861,2026-03-27T16:30:05+00:00,1.0,6,False,False,False,False,False,0.0,0.0,0.0,0.0,0.0,False
19,9862,2026-03-27T22:00:05+00:00,1.0,1,False,False,False,False,False,0.0,0.0,0.0,0.0,0.0,False
19,9863,2026-03-27T22:55:03+00:00,1.0,12,False,False,False,False,False,0.0,0.0,0.0,0.0,0.0,False
19,9864,2026-03-27T23:50:05+00:00,1.0,17,False,False,False,False,False,0.0,0.0,0.0,0.0,0.0,False
19,9865,2026-03-28T00:45:03+00:00,1.0,16,False,False,False,False,False,0.0,0.0,0.0,0.0,0.0,False
19,9866,2026-03-28T01:40:05+00:00,1.0,10,False,False,False,False,False,0.0,0.0,0.0,0.0,0.0,False
19,9867,2026-03-28T02:35:03+00:00,1.0,9,False,False,False,False,False,0.0,0.0,0.0,0.0,0.0,False
19,9868,2026-03-28T03:30:04+00:00,1.0,20,False,False,False,False,False,0.0,0.0,0.0,0.0,0.0,False
19,9869,2026-03-28T04:25:03+00:00,1.0,20,False,False,False,False,False,0.0,0.0,0.0,0.0,0.0,False
19,9870,2026-03-28T05:20:05+00:00,1.0,9,False,False,False,False,False,0.0,0.0,0.0,0.0,0.0,False
19,9871,2026-03-28T06:15:03+00:00,1.0,8,False,False,False,False,False,0.0,0.0,0.0,0.0,0.0,False
19,9872,2026-03-28T07:10:05+00:00,1.0,19,False,False,False,False,False,0.0,0.0,0.0,0.0,0.0,False
19,9873,2026-03-28T08:05:02+00:00,1.0,22,False,False,False,False,False,0.0,0.0,0.0,0.0,0.0,False
19,9874,2026-03-28T09:00:05+00:00,1.0,22,False,False,False,False,False,0.0,0.037,0.244,0.244,0.0,False
19,9875,2026-03-28T09:55:03+00:00,1.0,22,False,False,False,False,False,0.0,0.008,0.054,0.054,0.0,False
19,9876,2026-03-28T10:50:05+00:00,1.0,22,False,False,False,False,False,0.0,0.0,0.0,0.0,0.2504166666666667,True
19,9877,2026-03-28T11:45:03+00:00,1.0,22,False,True,True,True,False,0.0,0.0,0.0,0.046,0.3750833333333333,True
19,9878,2026-03-28T12:40:05+00:00,1.0,22,False,False,False,False,False,0.0,0.0,0.0,0.0,1.3352777777777778,True
19,9879,2026-03-28T13:35:03+00:00,1.0,14,False,False,False,False,False,0.0,0.0,0.0,0.0,0.9237500000000001,True
19,9880,2026-03-28T14:30:05+00:00,1.0,3,False,False,False,False,False,0.0,0.0,0.0,0.0,0.19972222222222222,True
19,9881,2026-03-28T20:55:03+00:00,1.0,8,False,False,False,False,False,0.0,0.0,0.0,0.0,0.0,False
19,9882,2026-03-28T21:50:05+00:00,1.0,19,False,False,False,False,False,0.0,0.0,0.0,0.0,0.0,False
19,9883,2026-03-28T22:45:02+00:00,1.0,22,False,False,False,False,False,0.0,0.0,0.0,0.0,0.0,False
19,9884,2026-03-28T23:40:05+00:00,1.0,21,False,False,False,False,False,0.0,0.0,0.0,0.0,0.0,False
19,9885,2026-03-29T00:35:03+00:00,1.0,21,False,False,False,False,False,0.0,0.0,0.0,0.0,0.0,False
19,9886,2026-03-29T01:30:05+00:00,1.0,14,False,False,False,False,False,0.0,0.0,0.0,0.151,0.0,False
19,9887,2026-03-29T02:25:03+00:00,1.0,3,False,False,False,False,False,0.0,0.0,0.0,0.0,0.0,False
19,9888,2026-03-30T14:10:07+00:00,1.0,3,False,False,False,False,False,0.0,0.0,0.0,0.0,0.0,False
19,9889,2026-03-30T15:05:03+00:00,1.0,14,False,False,False,False,False,0.0,0.0,0.0,0.0,0.0,False
19,9890,2026-03-30T16:00:05+00:00,1.0,22,False,False,False,False,False,0.0,0.0,0.0,0.0,0.0,False
19,9891,2026-03-30T16:55:03+00:00,1.0,22,False,False,False,False,False,0.0,0.0,0.016,0.016,0.0,False
19,9892,2026-03-30T17:50:05+00:00,1.0,20,False,False,False,False,False,0.0,0.0,0.0,0.0,0.0,False
19,9893,2026-03-30T18:45:03+00:00,1.0,9,False,False,False,False,False,0.0,0.0,0.0,0.0,0.0,False
19,9894,2026-03-30T23:20:05+00:00,1.0,11,False,False,False,False,False,0.0,0.0,0.0,0.0,0.0,False
19,9895,2026-03-31T00:15:03+00:00,1.0,22,False,False,False,False,False,0.0,0.0,0.0,0.0,0.025083333333333336,False
19,9896,2026-03-31T01:10:05+00:00,1.0,22,False,False,False,False,False,0.0,0.0,0.0,0.0,0.08319444444444446,False
19,9897,2026-03-31T02:05:03+00:00,1.0,22,False,False,False,False,False,0.0,0.0,0.0,0.0,0.0,False
19,9898,2026-03-31T03:00:05+00:00,1.0,22,False,False,False,False,False,0.0,0.008,0.066,0.302,0.0,False
19,9899,2026-03-31T03:55:02+00:00,1.0,22,False,False,False,False,False,0.0,0.0,0.13,0.137,0.0,False
19,9900,2026-03-31T04:50:05+00:00,1.0,22,False,False,False,False,False,0.0,0.0,0.0,0.0,0.0,False
19,9901,2026-03-31T05:45:03+00:00,1.0,22,False,False,False,False,False,0.0,0.001,0.005,0.105,0.0,False
19,9902,2026-03-31T06:40:05+00:00,1.0,22,False,False,False,False,False,0.0,0.0,0.0,0.001,0.0,False
19,9903,2026-03-31T07:35:03+00:00,1.0,22,False,False,False,False,False,0.0,0.0,0.061,0.403,0.0,False
19,9904,2026-03-31T08:30:05+00:00,1.0,22,False,False,False,False,False,0.0,0.0,0.0,0.0,0.0,False
19,9905,2026-03-31T09:25:03+00:00,1.0,22,False,False,False,False,False,0.0,0.0,0.0,0.0,0.0,False
19,9906,2026-03-31T10:20:05+00:00,1.0,22,False,False,False,False,False,0.0,0.0,0.0,0.0,0.0,False
19,9907,2026-03-31T11:15:03+00:00,1.0,22,False,False,False,False,False,0.0,0.0,0.0,0.0,0.0,False
19,9908,2026-03-31T12:10:07+00:00,1.0,22,False,False,False,False,False,0.0,0.0,0.0,0.0,0.0,False
19,9909,2026-03-31T13:05:02+00:00,1.0,22,False,False,False,False,False,0.0,0.0,0.0,0.037,0.00838888888888889,False
19,9910,2026-03-31T14:00:05+00:00,1.0,22,False,False,False,False,False,0.0,0.0,0.0,0.02,0.09986111111111112,False
19,9911,2026-03-31T14:55:02+00:00,1.0,22,False,False,False,False,False,0.0,0.0,0.0,0.0,0.008277777777777778,False
19,9912,2026-03-31T15:50:05+00:00,1.0,22,False,False,False,False,False,0.0,0.012,0.028,0.028,0.08347222222222223,False
19,9913,2026-03-31T16:45:02+00:00,1.0,22,False,False,False,False,False,0.0,0.0,0.0,0.0,0.024944444444444446,False
19,9914,2026-03-31T17:40:05+00:00,1.0,22,False,False,False,False,False,0.0,0.0,0.0,0.0,0.13361111111111112,True
19,9915,2026-03-31T18:35:02+00:00,1.0,22,False,False,False,False,False,0.0,0.0,0.0,0.0,0.3167777777777778,True
19,9916,2026-03-31T19:30:05+00:00,1.0,22,False,False,False,False,False,0.0,0.0,0.0,0.0,0.24958333333333335,True
19,9917,2026-03-31T20:25:03+00:00,1.0,22,False,False,False,False,False,0.0,0.0,0.0,0.0,0.05825,False
19,9918,2026-03-31T21:20:05+00:00,1.0,22,False,False,False,False,False,0.0,0.0,0.0,0.0,0.0,False
19,9919,2026-03-31T22:15:03+00:00,1.0,22,False,False,False,False,False,0.0,0.0,0.0,0.0,0.05016666666666667,False
19,9920,2026-03-31T23:10:05+00:00,1.0,22,False,False,False,False,False,0.0,0.0,0.0,0.0,0.5193055555555555,True
19,9921,2026-04-01T00:05:03+00:00,1.0,22,False,False,False,False,False,0.0,0.0,0.0,0.0,1.9232500000000001,True
19,9922,2026-04-01T01:00:05+00:00,1.0,22,False,False,False,False,False,0.0,0.054,0.054,0.054,0.0,False
19,9923,2026-04-01T01:55:03+00:00,1.0,22,False,False,False,True,False,0.0,0.0,0.0,0.0,0.0,False
19,9924,2026-04-01T02:50:05+00:00,1.0,22,False,False,False,False,False,0.0,0.109,0.163,0.239,0.0,False
19,9925,2026-04-01T03:45:03+00:00,1.0,22,False,False,False,False,False,0.0,0.0,0.009,0.009,0.0,False
19,9926,2026-04-01T04:40:05+00:00,1.0,22,False,False,False,False,False,0.0,0.0,0.0,0.0,0.0,False
19,9927,2026-04-01T05:35:03+00:00,1.0,22,False,False,False,False,False,0.0,0.0,0.0,0.02,0.0,False
19,9928,2026-04-01T06:30:05+00:00,1.0,22,False,False,False,False,False,0.0,0.0,0.0,0.0,0.0,False
19,9929,2026-04-01T07:25:03+00:00,1.0,22,False,False,False,False,False,0.0,0.0,0.0,0.0,0.0,False
19,9930,2026-04-01T08:20:05+00:00,1.0,22,False,False,False,False,False,0.0,0.0,0.0,0.0,0.0,False
19,9931,2026-04-01T09:15:03+00:00,1.0,22,False,False,False,False,False,0.0,0.0,0.003,0.073,0.0,False
19,9932,2026-04-01T10:10:07+00:00,1.0,22,False,False,False,True,False,0.0,0.0,0.061,0.494,0.03372222222222223,False
19,9933,2026-04-01T11:05:02+00:00,1.0,22,True,False,False,False,True,1.0,1.0,1.0,1.0,0.26711111111111113,True
19,9934,2026-04-01T12:00:05+00:00,1.0,22,False,False,True,True,False,0.0,0.0,0.008,0.034,0.9994444444444445,True
19,9935,2026-04-01T12:55:02+00:00,1.0,22,False,False,False,False,False,0.0,0.0,0.0,0.0,0.633111111111111,True
19,9936,2026-04-01T13:50:05+00:00,1.0,22,False,False,False,True,False,0.0,0.0,0.0,0.207,0.5165277777777778,True
19,9937,2026-04-01T14:45:02+00:00,1.0,22,False,False,False,False,False,0.0,0.299,0.299,0.538,0.5750555555555555,True
19,9938,2026-04-01T15:40:05+00:00,1.0,22,False,False,False,True,False,0.0,0.0,0.046,0.337,0.6000000000000001,True
19,9939,2026-04-01T16:35:02+00:00,1.0,22,True,False,False,False,True,1.0,1.0,1.0,1.0,0.4248333333333333,True
19,9940,2026-04-01T17:30:05+00:00,1.0,22,False,True,True,True,True,0.98,1.0,1.0,1.0,0.14958333333333332,True
19,9941,2026-04-01T18:25:02+00:00,1.0,22,False,False,False,True,False,0.0,0.112,0.299,0.43,0.0,False
19,9942,2026-04-01T19:20:05+00:00,1.0,22,False,False,False,False,False,0.0,0.0,0.0,0.0,0.0,False
19,9943,2026-04-01T20:15:02+00:00,1.0,22,False,False,False,False,False,0.0,0.0,0.0,0.054,0.0,False
19,9944,2026-04-01T21:10:05+00:00,1.0,22,False,False,False,True,False,0.0,0.0,0.0,0.0,0.016805555555555553,False
19,9945,2026-04-01T22:05:02+00:00,1.0,22,True,True,True,True,True,1.0,1.0,1.0,1.0,0.11677777777777779,True
19,9946,2026-04-01T23:00:05+00:00,1.0,22,True,True,True,True,True,1.0,1.0,1.0,1.0,0.30069444444444443,True
19,9947,2026-04-01T23:55:02+00:00,1.0,22,True,True,True,True,True,1.0,1.0,1.0,1.0,0.7586111111111111,True
19,9948,2026-04-02T00:50:05+00:00,1.0,22,True,True,True,True,True,1.0,1.0,1.0,1.0,1.6347222222222224,True
19,9949,2026-04-02T01:45:02+00:00,1.0,22,True,True,True,True,True,1.0,1.0,1.0,1.0,2.2503333333333333,True
19,9950,2026-04-02T02:40:05+00:00,1.0,22,True,False,False,False,True,1.0,1.0,1.0,1.0,1.9991666666666668,True
19,9951,2026-04-02T03:35:02+00:00,1.0,22,False,False,False,False,False,0.012,0.046,0.75,0.848,1.3912777777777778,True
19,9952,2026-04-02T04:30:05+00:00,1.0,22,False,False,True,True,False,0.0,0.0,0.058,0.299,0.7991666666666667,True
19,9953,2026-04-02T05:25:02+00:00,1.0,22,False,False,False,False,False,0.0,0.0,0.0,0.008,0.37483333333333335,True
19,9954,2026-04-02T06:20:05+00:00,1.0,22,False,False,False,False,True,0.351,0.351,0.352,0.361,0.13305555555555557,True
19,9955,2026-04-02T07:15:03+00:00,1.0,22,False,False,True,True,False,0.008,0.054,0.054,0.199,0.0,False
19,9956,2026-04-02T08:10:07+00:00,1.0,22,False,False,False,False,False,0.0,0.0,0.0,0.0,0.0,False
19,9957,2026-04-02T09:05:03+00:00,1.0,22,False,True,True,True,True,0.992,1.0,1.0,1.0,0.01683333333333332,False
19,9958,2026-04-02T10:00:05+00:00,1.0,22,False,False,False,False,True,0.958,0.958,0.958,0.958,0.2,True
19,9959,2026-04-02T10:55:03+00:00,1.0,22,False,False,False,False,False,0.0,0.0,0.0,0.0,0.2,True
19,9960,2026-04-02T11:50:05+00:00,1.0,22,False,False,False,False,True,0.0,0.841,0.99,0.99,0.2,True
19,9961,2026-04-02T12:45:03+00:00,1.0,22,False,False,False,False,False,0.0,0.0,0.008,0.008,0.5003333333333333,True
19,9962,2026-04-02T13:40:05+00:00,1.0,22,False,False,False,False,False,0.0,0.0,0.0,0.0,0.6668055555555555,True
19,9963,2026-04-02T14:35:03+00:00,1.0,22,False,False,False,False,False,0.0,0.0,0.0,0.0,0.52475,True
19,9964,2026-04-02T15:30:05+00:00,1.0,22,False,False,False,False,False,0.0,0.0,0.0,0.0,0.24958333333333335,True
19,9965,2026-04-02T16:25:02+00:00,1.0,22,False,False,False,False,False,0.0,0.0,0.0,0.02,0.058277777777777776,False
19,9966,2026-04-02T17:20:05+00:00,1.0,22,False,False,False,False,False,0.0,0.099,0.647,0.7,0.0,False
19,9967,2026-04-02T18:15:03+00:00,1.0,22,False,False,False,False,False,0.0,0.0,0.0,0.0,0.0,False
19,9968,2026-04-02T19:10:05+00:00,1.0,22,False,False,False,False,False,0.0,0.0,0.116,0.207,0.0,False
19,9969,2026-04-02T20:05:03+00:00,1.0,22,False,False,False,False,False,0.0,0.0,0.0,0.0,0.0,False
19,9970,2026-04-02T21:00:05+00:00,1.0,22,False,False,False,False,False,0.0,0.0,0.0,0.0,0.0,False
19,9971,2026-04-02T21:55:03+00:00,1.0,22,False,False,False,False,False,0.0,0.0,0.0,0.0,0.0,False
19,9972,2026-04-02T22:50:05+00:00,1.0,22,False,False,False,False,False,0.0,0.0,0.0,0.0,0.0,False
19,9973,2026-04-02T23:45:03+00:00,1.0,22,False,False,False,False,False,0.0,0.0,0.0,0.0,0.0,False
19,9974,2026-04-03T00:40:05+00:00,1.0,22,False,False,False,False,False,0.0,0.0,0.0,0.0,0.0,False
19,9975,2026-04-03T01:35:03+00:00,1.0,22,False,False,False,False,False,0.0,0.0,0.0,0.0,0.0,False
19,9976,2026-04-03T02:30:05+00:00,1.0,15,False,False,False,False,False,0.0,0.0,0.0,0.0,0.0,False
19,9977,2026-04-03T03:25:02+00:00,1.0,4,False,False,False,False,False,0.0,0.0,0.0,0.0,0.0,False
19,9978,2026-04-03T09:50:05+00:00,1.0,2,False,False,False,False,False,0.0,0.0,0.0,0.0,0.0,False
19,9979,2026-04-03T10:45:02+00:00,1.0,13,False,False,False,False,False,0.0,0.0,0.0,0.0,0.0,False
19,9980,2026-04-03T11:40:05+00:00,1.0,17,False,False,False,False,False,0.0,0.0,0.244,0.244,0.0,False
19,9981,2026-04-03T12:35:02+00:00,1.0,14,False,False,False,False,False,0.0,0.0,0.0,0.0,0.0,False
19,9982,2026-04-03T13:30:06+00:00,1.0,19,False,False,False,False,False,0.0,0.0,0.0,0.0,0.0,False
19,9983,2026-04-03T14:25:03+00:00,1.0,17,False,False,False,False,False,0.0,0.0,0.0,0.0,0.0,False
19,9984,2026-04-03T15:20:05+00:00,1.0,17,False,False,False,False,False,0.0,0.0,0.0,0.0,0.0,False
19,9985,2026-04-03T16:15:02+00:00,1.0,22,False,False,False,False,False,0.0,0.0,0.0,0.0,0.0,False
19,9986,2026-04-03T17:10:05+00:00,1.0,22,False,False,False,False,False,0.0,0.0,0.0,0.0,0.0,False
19,9987,2026-04-03T18:05:03+00:00,1.0,22,False,False,False,False,False,0.0,0.0,0.151,0.406,0.0,False
19,9988,2026-04-03T19:00:05+00:00,1.0,22,False,False,False,False,False,0.0,0.0,0.0,0.046,0.0,False
19,9989,2026-04-03T19:55:03+00:00,1.0,22,False,False,False,False,False,0.0,0.0,0.0,0.0,0.0,False
19,9990,2026-04-03T20:50:04+00:00,1.0,22,False,False,False,False,False,0.0,0.0,0.0,0.0,0.0,False
19,9991,2026-04-03T21:45:03+00:00,1.0,22,False,False,False,False,False,0.0,0.0,0.0,0.0,0.0,False
19,9992,2026-04-03T22:40:05+00:00,1.0,22,False,False,False,False,False,0.0,0.0,0.0,0.0,0.0,False
19,9993,2026-04-03T23:35:02+00:00,1.0,22,False,False,False,False,False,0.0,0.0,0.0,0.0,0.0,False
19,9994,2026-04-04T00:30:05+00:00,1.0,17,False,False,False,False,False,0.0,0.0,0.0,0.0,0.0,False
19,9995,2026-04-04T01:25:03+00:00,1.0,6,False,False,False,False,False,0.0,0.0,0.003,0.003,0.0,False
19,9996,2026-04-04T22:30:05+00:00,20.0,0,False,False,False,False,False,0.0,0.0,0.0,0.0,0.0,False
19,9997,2026-04-05T02:10:07+00:00,20.0,0,False,False,False,False,False,0.0,0.0,0.0,0.0,0.0,False
19,9998,2026-04-07T19:15:03+00:00,1.0,2,False,False,False,False,False,0.0,0.0,0.0,0.0,0.0,False
19,9999,2026-04-07T20:10:07+00:00,1.0,4,False,False,False,False,False,0.0,0.0,0.0,0.0,0.0,False
20,10000,2026-04-07T21:05:03+00:00,1.0,2,False,False,False,False,False,0.0,0.0,0.0,0.0,0.0,False
20,10001,2026-04-07T22:00:05+00:00,20.0,0,False,False,False,False,False,0.0,0.0,0.0,0.0,0.0,False
20,10002,2026-04-08T03:30:04+00:00,20.0,0,False,False,False,False,False,0.0,0.0,0.0,0.0,0.0,False
20,10003,2026-04-08T20:55:03+00:00,20.0,0,False,False,False,False,False,0.0,0.0,0.0,0.0,0.0,False
20,10004,2026-04-10T16:00:05+00:00,1.0,2,False,False,False,False,False,0.0,0.0,0.0,0.0,0.0,False
20,10005,2026-04-10T16:55:02+00:00,1.0,13,False,False,False,False,False,0.0,0.0,0.0,0.0,0.0,False
20,10006,2026-04-10T17:50:05+00:00,1.0,22,False,False,False,False,False,0.0,0.0,0.0,0.0,0.0,False
20,10007,2026-04-10T18:45:02+00:00,1.0,22,False,False,False,False,False,0.0,0.0,0.0,0.02,0.0,False
20,10008,2026-04-10T19:40:05+00:00,1.0,22,False,False,False,False,False,0.0,0.0,0.0,0.0,0.0,False
20,10009,2026-04-10T20:35:02+00:00,1.0,19,False,False,False,False,False,0.0,0.0,0.0,0.0,0.0,False
20,10010,2026-04-10T21:30:05+00:00,1.0,15,False,False,False,False,False,0.0,0.0,0.0,0.0,0.0,False
20,10011,2026-04-10T22:25:03+00:00,1.0,18,False,False,False,False,False,0.0,0.0,0.0,0.0,0.0,False
20,10012,2026-04-10T23:20:04+00:00,1.0,22,False,False,False,False,False,0.0,0.003,0.005,0.005,0.0,False
20,10013,2026-04-11T00:15:02+00:00,1.0,22,False,False,False,False,False,0.0,0.0,0.0,0.0,0.0,False
20,10014,2026-04-11T01:10:06+00:00,1.0,22,False,False,False,False,False,0.0,0.0,0.0,0.0,0.0,False
20,10015,2026-04-11T02:05:03+00:00,1.0,22,False,False,False,False,False,0.0,0.0,0.0,0.17,0.0,False
20,10016,2026-04-11T03:00:05+00:00,1.0,22,False,False,False,False,False,0.0,0.0,0.0,0.0,0.0,False
20,10017,2026-04-11T03:55:03+00:00,1.0,22,False,False,False,False,False,0.0,0.0,0.0,0.0,0.0,False
20,10018,2026-04-11T04:50:05+00:00,1.0,22,False,False,False,True,False,0.0,0.0,0.016,0.052,0.0,False
20,10019,2026-04-11T05:45:02+00:00,1.0,22,True,True,True,True,True,1.0,1.0,1.0,1.0,0.0,False
20,10020,2026-04-11T06:40:05+00:00,1.0,15,False,False,False,False,False,0.02,0.054,0.054,0.292,0.0,False
20,10021,2026-04-11T07:35:03+00:00,1.0,4,False,False,False,False,False,0.0,0.0,0.0,0.0,0.0,False
20,10022,2026-04-11T14:00:05+00:00,20.0,0,False,False,False,False,False,0.0,0.0,0.0,0.0,0.0,False
20,10023,2026-04-11T16:45:02+00:00,20.0,0,False,False,False,False,False,0.0,0.0,0.0,0.0,0.0,False
20,10024,2026-04-11T17:40:05+00:00,1.0,1,False,False,False,False,False,0.0,0.0,0.0,0.0,0.0,False
20,10025,2026-04-11T18:35:03+00:00,1.0,1,False,False,False,False,False,0.0,0.0,0.0,0.0,0.0,False
20,10026,2026-04-11T20:25:02+00:00,20.0,0,False,False,False,False,False,0.0,0.0,0.0,0.0,0.0,False
20,10027,2026-04-12T12:00:05+00:00,20.0,0,False,False,False,False,False,0.0,0.0,0.0,0.0,0.0,False
20,10028,2026-04-13T00:50:05+00:00,1.0,11,False,False,False,False,False,0.0,0.0,0.0,0.0,0.0,False
20,10029,2026-04-13T01:45:03+00:00,1.0,13,False,False,False,False,False,0.0,0.0,0.0,0.02,0.0,False
20,10030,2026-04-13T02:40:06+00:00,1.0,6,False,False,False,False,False,0.0,0.0,0.0,0.0,0.0,False
20,10031,2026-04-13T03:35:02+00:00,1.0,15,False,False,False,False,False,0.0,0.0,0.0,0.0,0.0,False
20,10032,2026-04-13T04:30:05+00:00,1.0,11,False,False,False,False,False,0.0,0.0,0.0,0.0,0.0,False
20,10033,2026-04-13T16:25:02+00:00,20.0,0,False,False,False,False,False,0.0,0.0,0.0,0.0,0.0,False
20,10034,2026-04-13T20:05:03+00:00,1.0,2,False,False,False,False,False,0.0,0.0,0.0,0.0,0.0,False
20,10035,2026-04-13T21:00:05+00:00,1.0,13,False,False,False,False,False,0.0,0.0,0.0,0.0,0.0,False
20,10036,2026-04-13T21:55:03+00:00,1.0,22,False,False,False,False,False,0.0,0.0,0.037,0.207,0.0,False
20,10037,2026-04-13T22:50:05+00:00,1.0,22,False,False,False,False,False,0.0,0.0,0.0,0.0,0.0,False
20,10038,2026-04-13T23:45:03+00:00,1.0,22,False,False,False,False,False,0.0,0.0,0.0,0.0,0.0,False
20,10039,2026-04-14T00:40:05+00:00,1.0,22,False,False,False,False,False,0.0,0.0,0.0,0.054,0.0,False
20,10040,2026-04-14T01:35:03+00:00,1.0,22,False,False,False,False,False,0.0,0.0,0.011,0.334,0.0,False
20,10041,2026-04-14T02:30:05+00:00,1.0,22,False,False,False,False,True,0.0,0.001,0.316,0.316,0.0,False
20,10042,2026-04-14T03:25:03+00:00,1.0,22,False,False,False,False,False,0.0,0.0,0.054,0.054,0.0,False
20,10043,2026-04-14T04:20:05+00:00,1.0,22,False,True,True,True,False,0.0,0.0,0.265,0.417,0.0,False
20,10044,2026-04-14T05:15:02+00:00,1.0,22,False,True,True,True,False,0.0,0.0,0.417,0.587,0.050111111111111106,False
20,10045,2026-04-14T06:10:07+00:00,1.0,22,True,True,True,True,True,1.0,1.0,1.0,1.0,0.2,True
20,10046,2026-04-14T07:05:03+00:00,1.0,22,True,True,True,True,True,1.0,1.0,1.0,1.0,0.19158333333333336,True
20,10047,2026-04-14T08:00:05+00:00,1.0,22,True,True,True,True,True,1.0,1.0,1.0,1.0,0.09986111111111112,False
20,10048,2026-04-14T08:55:02+00:00,1.0,22,False,False,False,False,True,0.981,0.982,0.982,0.982,0.008277777777777778,False
20,10049,2026-04-14T09:50:05+00:00,1.0,22,False,False,False,False,False,0.0,0.0,0.0,0.0,0.0,False
20,10050,2026-04-14T10:45:03+00:00,1.0,20,False,False,False,False,False,0.0,0.0,0.0,0.0,0.0,False
20,10051,2026-04-14T11:40:04+00:00,1.0,9,False,False,False,False,False,0.0,0.0,0.0,0.0,0.0,False
20,10052,2026-04-14T13:30:05+00:00,1.0,2,False,False,False,False,False,0.0,0.0,0.0,0.0,0.0,False
20,10053,2026-04-14T14:25:03+00:00,1.0,11,False,False,False,False,False,0.0,0.0,0.0,0.0,0.0,False
20,10054,2026-04-14T15:20:05+00:00,1.0,19,False,False,False,False,False,0.0,0.0,0.0,0.0,0.0,False
20,10055,2026-04-14T16:15:02+00:00,1.0,15,False,False,False,False,False,0.0,0.0,0.0,0.0,0.0,False
20,10056,2026-04-14T17:10:05+00:00,1.0,5,False,False,False,False,False,0.0,0.0,0.0,0.0,0.0,False
20,10057,2026-04-14T19:00:05+00:00,1.0,9,False,False,False,False,False,0.0,0.0,0.0,0.0,0.0,False
20,10058,2026-04-14T19:55:02+00:00,1.0,9,False,False,False,False,False,0.0,0.0,0.0,0.0,0.0,False
20,10059,2026-04-14T23:35:02+00:00,20.0,0,False,False,False,False,False,0.0,0.0,0.0,0.0,0.0,False
20,10060,2026-04-15T01:25:03+00:00,1.0,7,False,False,False,False,False,0.0,0.0,0.0,0.0,0.04175,False
20,10061,2026-04-15T02:20:04+00:00,1.0,18,False,False,False,False,False,0.0,0.0,0.0,0.0,0.13344444444444445,True
20,10062,2026-04-15T03:15:03+00:00,1.0,21,False,False,False,False,False,0.0,0.0,0.0,0.0,0.6264166666666667,True
20,10063,2026-04-15T04:10:07+00:00,1.0,16,False,False,False,False,False,0.0,0.0,0.0,0.0,1.6808055555555554,True
20,10064,2026-04-15T05:05:02+00:00,1.0,6,False,False,False,False,False,0.0,0.0,0.0,0.054,0.5580555555555555,True
20,10065,2026-04-15T08:45:03+00:00,1.0,6,False,False,False,False,False,0.0,0.0,0.0,0.0,0.0,False
20,10066,2026-04-15T09:40:05+00:00,1.0,17,False,False,False,False,False,0.0,0.0,0.0,0.0,0.06680555555555556,False
20,10067,2026-04-15T10:35:03+00:00,1.0,22,False,False,False,False,False,0.0,0.0,0.0,0.037,0.04158333333333333,False
20,10068,2026-04-15T11:30:05+00:00,1.0,22,False,False,False,False,False,0.0,0.0,0.0,0.0,0.0,False
20,10069,2026-04-15T12:25:03+00:00,1.0,22,False,False,False,False,False,0.0,0.0,0.0,0.0,0.0,False
20,10070,2026-04-15T13:20:05+00:00,1.0,22,False,False,False,False,False,0.0,0.0,0.0,0.001,0.0,False
20,10071,2026-04-15T14:15:02+00:00,1.0,22,False,False,False,False,False,0.0,0.001,0.042,0.164,0.0,False
20,10072,2026-04-15T15:10:05+00:00,1.0,22,False,False,False,False,False,0.0,0.0,0.0,0.0,0.0,False
20,10073,2026-04-15T16:05:03+00:00,1.0,22,False,False,False,False,False,0.0,0.0,0.0,0.0,0.0,False
20,10074,2026-04-15T17:00:05+00:00,1.0,22,False,False,False,False,False,0.0,0.0,0.0,0.0,0.0,False
20,10075,2026-04-15T17:55:02+00:00,1.0,22,False,False,False,False,False,0.0,0.0,0.0,0.0,0.0,False
20,10076,2026-04-15T18:50:05+00:00,1.0,22,False,False,False,False,False,0.0,0.0,0.0,0.0,0.0,False
20,10077,2026-04-15T19:45:02+00:00,1.0,22,False,False,False,False,False,0.0,0.0,0.0,0.0,0.0,False
20,10078,2026-04-15T20:40:05+00:00,1.0,16,False,False,False,False,False,0.0,0.0,0.0,0.0,0.0,False
20,10079,2026-04-15T21:35:02+00:00,1.0,5,False,False,False,False,False,0.0,0.0,0.0,0.0,0.0,False
20,10080,2026-04-16T03:05:03+00:00,20.0,0,False,False,False,False,False,0.0,0.0,0.0,0.0,0.0,False
20,10081,2026-04-16T20:30:05+00:00,20.0,0,False,False,False,False,False,0.0,0.0,0.0,0.0,0.0,False
20,10082,2026-04-18T04:35:02+00:00,20.0,0,False,False,False,False,False,0.0,0.0,0.0,0.0,0.0,False
20,10083,2026-04-18T13:45:03+00:00,20.0,0,False,False,False,False,False,0.0,0.0,0.0,0.0,0.0,False
20,10084,2026-04-18T18:20:05+00:00,20.0,0,False,False,False,False,False,0.0,0.0,0.0,0.0,0.0,False
20,10085,2026-04-18T22:00:05+00:00,20.0,0,False,False,False,False,False,0.0,0.0,0.0,0.0,0.0,False
20,10086,2026-04-19T16:20:05+00:00,20.0,0,False,False,False,False,False,0.0,0.0,0.0,0.0,0.0,False
20,10087,2026-04-19T17:15:03+00:00,20.0,0,False,False,False,False,False,0.0,0.0,0.0,0.0,0.0,False
20,10088,2026-04-20T00:35:02+00:00,1.0,5,False,False,False,False,False,0.0,0.0,0.0,0.0,0.0,False
20,10089,2026-04-20T01:30:05+00:00,1.0,16,False,False,False,False,False,0.0,0.0,0.0,0.0,0.0,False
20,10090,2026-04-20T02:25:03+00:00,1.0,22,False,False,False,False,False,0.0,0.0,0.0,0.153,0.0,False
20,10091,2026-04-20T03:20:05+00:00,1.0,22,False,False,False,False,False,0.0,0.091,0.244,0.814,0.0,False
20,10092,2026-04-20T04:15:03+00:00,1.0,22,False,False,True,True,True,0.0,0.439,0.592,0.739,0.025083333333333336,False
20,10093,2026-04-20T05:10:05+00:00,1.0,22,True,True,True,True,False,0.118,0.368,0.807,0.844,0.08319444444444446,False
20,10094,2026-04-20T06:05:03+00:00,1.0,22,False,False,False,False,False,0.0,0.0,0.0,0.054,0.058916666666666624,False
20,10095,2026-04-20T07:00:05+00:00,1.0,22,False,False,True,True,True,0.0,0.823,0.992,0.992,0.699861111111111,True
20,10096,2026-04-20T07:55:02+00:00,1.0,22,True,True,True,True,True,1.0,1.0,1.0,1.0,0.6082777777777777,True
20,10097,2026-04-20T08:50:05+00:00,1.0,22,True,True,True,True,True,1.0,1.0,1.0,1.0,0.09916666666666667,False
20,10098,2026-04-20T09:45:03+00:00,1.0,22,True,True,True,True,False,0.0,0.0,0.0,0.0,0.0,False
20,10099,2026-04-20T10:40:05+00:00,1.0,16,False,False,False,False,True,1.0,1.0,1.0,1.0,0.0,False
20,10100,2026-04-20T11:35:02+00:00,1.0,5,False,False,False,False,False,0.0,0.0,0.0,0.0,0.0,False
20,10101,2026-04-20T13:25:02+00:00,20.0,0,False,False,False,False,False,0.0,0.0,0.0,0.0,0.0,False
20,10102,2026-04-20T15:15:03+00:00,1.0,7,False,False,False,False,False,0.0,0.0,0.0,0.0,0.0,False
20,10103,2026-04-20T16:10:07+00:00,1.0,18,False,False,False,False,False,0.0,0.0,0.0,0.0,0.0,False
20,10104,2026-04-20T17:05:03+00:00,1.0,22,False,False,False,False,False,0.0,0.0,0.0,0.0,0.0,False
20,10105,2026-04-20T18:00:05+00:00,1.0,22,False,False,False,False,False,0.0,0.0,0.0,0.0,0.0,False
20,10106,2026-04-20T18:55:02+00:00,1.0,22,False,False,False,False,False,0.0,0.0,0.0,0.0,0.0,False
20,10107,2026-04-20T19:50:05+00:00,1.0,22,False,False,False,False,False,0.0,0.0,0.0,0.0,0.0,False
20,10108,2026-04-20T20:45:03+00:00,1.0,22,False,False,False,False,False,0.0,0.0,0.0,0.0,0.0,False
20,10109,2026-04-20T21:40:05+00:00,1.0,22,False,False,False,False,False,0.0,0.0,0.0,0.026,0.0,False
20,10110,2026-04-20T22:35:03+00:00,1.0,22,False,False,False,False,False,0.0,0.0,0.0,0.41,0.0,False
20,10111,2026-04-20T23:30:05+00:00,1.0,22,False,False,False,True,True,0.0,0.0,0.788,0.792,0.15041666666666667,True
20,10112,2026-04-21T00:25:02+00:00,1.0,22,True,True,True,True,True,1.0,1.0,1.0,1.0,1.927166666666667,True
20,10113,2026-04-21T01:20:05+00:00,1.0,22,True,True,True,True,True,1.0,1.0,1.0,1.0,4.668611111111111,True
20,10114,2026-04-21T02:15:03+00:00,1.0,22,True,True,True,True,True,1.0,1.0,1.0,1.0,4.972916666666666,True
20,10115,2026-04-21T03:10:05+00:00,1.0,22,False,False,True,True,False,0.0,0.011,0.083,0.138,2.7134722222222227,True
20,10116,2026-04-21T04:05:02+00:00,1.0,22,True,True,True,True,True,0.164,0.511,0.533,0.677,0.8251666666666667,True
20,10117,2026-04-21T05:00:05+00:00,1.0,22,False,True,True,True,True,0.386,0.781,0.823,0.837,1.0984722222222223,True
20,10118,2026-04-21T05:55:03+00:00,1.0,22,True,True,True,True,False,0.0,0.0,0.097,0.277,0.09075000000000001,False
20,10119,2026-04-21T06:50:05+00:00,1.0,22,False,False,False,False,False,0.0,0.0,0.0,0.498,0.0,False
20,10120,2026-04-21T07:45:03+00:00,1.0,22,False,False,False,False,False,0.0,0.0,0.149,0.166,0.0,False
20,10121,2026-04-21T08:40:05+00:00,1.0,22,False,False,False,False,False,0.0,0.299,0.57,0.652,0.0,False
20,10122,2026-04-21T09:35:02+00:00,1.0,22,False,False,False,False,False,0.0,0.0,0.008,0.161,0.0,False
20,10123,2026-04-21T10:30:05+00:00,1.0,22,False,False,False,False,False,0.0,0.007,0.43,0.881,0.05013888888888889,False
20,10124,2026-04-21T11:25:03+00:00,1.0,22,False,False,False,False,False,0.0,0.033,0.037,0.09,0.05825,False
20,10125,2026-04-21T12:20:05+00:00,1.0,22,False,False,False,False,False,0.0,0.0,0.0,0.057,0.0,False
20,10126,2026-04-21T13:15:02+00:00,1.0,22,False,False,False,False,True,0.0,0.306,0.306,0.444,0.0,False
20,10127,2026-04-21T14:10:07+00:00,1.0,22,False,False,False,True,True,0.707,0.707,0.774,0.785,0.016861111111111115,False
20,10128,2026-04-21T15:05:03+00:00,1.0,22,True,True,True,True,False,0.128,0.128,0.371,0.562,0.1420833333333333,True
20,10129,2026-04-21T16:00:05+00:00,1.0,22,True,True,True,True,True,0.52,0.52,0.546,0.546,0.5991666666666666,True
20,10130,2026-04-21T16:55:02+00:00,1.0,22,False,False,False,True,False,0.0,0.0,0.576,0.833,0.04966666666666667,False
20,10131,2026-04-21T17:50:05+00:00,1.0,22,False,True,True,True,True,0.741,0.766,0.845,0.932,0.16694444444444445,True
20,10132,2026-04-21T18:45:02+00:00,1.0,22,False,True,True,True,False,0.024,0.024,0.024,0.173,3.2772777777777775,True
20,10133,2026-04-21T19:40:05+00:00,1.0,22,True,True,True,True,True,1.0,1.0,1.0,1.0,3.2979166666666666,True
20,10134,2026-04-21T20:35:03+00:00,1.0,22,True,True,True,True,True,1.0,1.0,1.0,1.0,1.1643333333333332,True
20,10135,2026-04-21T21:30:05+00:00,1.0,17,False,False,True,True,False,0.034,0.034,0.034,0.034,0.0,False
20,10136,2026-04-21T22:25:03+00:00,1.0,6,True,True,True,True,False,0.0,0.046,0.146,0.146,0.0,False
20,10137,2026-04-22T11:15:03+00:00,1.0,7,False,True,True,True,False,0.0,0.0,0.0,0.0,0.0,False
20,10138,2026-04-22T12:10:07+00:00,1.0,18,True,False,False,False,False,0.0,0.0,0.0,0.0,0.0,False
20,10139,2026-04-22T13:05:03+00:00,1.0,22,False,True,True,True,False,0.0,0.0,0.0,0.0,0.00841666666666666,False
20,10140,2026-04-22T14:00:05+00:00,1.0,22,False,False,False,True,False,0.0,0.0,0.0,0.433,0.10097222222222223,True
20,10141,2026-04-22T14:55:02+00:00,1.0,22,True,True,True,True,True,1.0,1.0,1.0,1.0,0.7420555555555556,True
20,10142,2026-04-22T15:50:05+00:00,1.0,22,True,True,True,True,True,1.0,1.0,1.0,1.0,0.46611111111111114,True
20,10143,2026-04-22T16:45:03+00:00,1.0,22,False,False,False,False,True,0.021,0.021,0.259,0.878,0.3249166666666667,True
20,10144,2026-04-22T17:40:05+00:00,1.0,22,False,True,True,True,True,0.0,0.221,0.37,0.37,0.23319444444444445,True
20,10145,2026-04-22T18:35:03+00:00,1.0,22,True,True,True,True,True,1.0,1.0,1.0,1.0,0.5505,True
20,10146,2026-04-22T19:30:04+00:00,1.0,11,False,False,False,False,False,0.234,0.238,0.238,0.238,0.39911111111111114,True
20,10147,2026-04-23T00:05:03+00:00,20.0,0,False,False,False,False,False,0.0,0.0,0.0,0.0,0.0,False
20,10148,2026-04-23T18:25:02+00:00,20.0,0,False,False,False,False,False,0.0,0.0,0.0,0.0,0.0,False
20,10149,2026-04-24T22:50:05+00:00,20.0,0,False,False,False,False,False,0.0,0.0,0.0,0.0,0.0,False
20,10150,2026-04-26T15:10:05+00:00,20.0,0,False,False,False,False,False,0.0,0.0,0.0,0.0,0.0,False
20,10151,2026-04-27T22:20:05+00:00,20.0,0,False,False,False,False,False,0.0,0.0,0.0,0.0,0.0,False
20,10152,2026-04-28T14:40:05+00:00,1.0,3,False,False,False,False,False,0.0,0.0,0.0,0.0,0.0,False
20,10153,2026-04-28T15:35:03+00:00,1.0,3,False,False,False,False,False,0.0,0.0,0.0,0.0,0.0,False
20,10154,2026-04-28T16:30:05+00:00,1.0,1,False,False,False,False,False,0.0,0.0,0.0,0.0,0.0,False
20,10155,2026-04-28T17:25:03+00:00,1.0,1,False,False,False,False,False,0.0,0.0,0.0,0.0,0.0,False
20,10156,2026-04-29T00:45:02+00:00,20.0,0,False,False,False,False,False,0.0,0.0,0.0,0.0,0.0,False
20,10157,2026-04-29T11:45:02+00:00,1.0,5,False,False,False,False,False,0.0,0.0,0.0,0.0,0.0,False
20,10158,2026-04-29T12:40:05+00:00,1.0,16,False,False,False,False,False,0.0,0.0,0.207,0.207,0.0,False
20,10159,2026-04-29T13:35:02+00:00,1.0,16,False,False,False,False,False,0.0,0.0,0.0,0.0,0.0,False
20,10160,2026-04-29T14:30:05+00:00,1.0,9,False,False,False,False,False,0.0,0.0,0.0,0.0,0.0,False
20,10161,2026-04-29T15:25:03+00:00,1.0,12,False,False,False,False,False,0.0,0.0,0.0,0.0,0.0,False
20,10162,2026-04-29T16:20:05+00:00,1.0,9,False,False,False,False,False,0.0,0.0,0.0,0.0,0.0,False
20,10163,2026-04-29T17:15:03+00:00,1.0,1,False,False,False,False,False,0.0,0.0,0.0,0.0,0.0,False
20,10164,2026-04-29T20:00:05+00:00,20.0,0,False,False,False,False,False,0.0,0.0,0.0,0.0,0.0,False
20,10165,2026-04-29T20:55:02+00:00,1.0,10,False,False,False,False,False,0.0,0.0,0.0,0.0,0.0,False
20,10166,2026-04-29T21:50:05+00:00,1.0,21,False,False,False,False,False,0.0,0.0,0.0,0.091,0.0,False
20,10167,2026-04-29T22:45:02+00:00,1.0,22,False,False,False,False,False,0.0,0.0,0.0,0.0,0.0,False
20,10168,2026-04-29T23:40:05+00:00,1.0,22,False,False,False,False,False,0.0,0.0,0.003,0.003,0.0,False
20,10169,2026-04-30T00:35:02+00:00,1.0,22,False,False,True,True,False,0.186,0.427,0.825,0.905,0.05838888888888889,False
20,10170,2026-04-30T01:30:05+00:00,1.0,22,True,True,True,True,True,1.0,1.0,1.0,1.0,0.20027777777777778,True
20,10171,2026-04-30T02:25:02+00:00,1.0,22,False,False,False,True,True,0.092,0.7,0.73,0.905,0.34172222222222226,True
20,10172,2026-04-30T03:20:05+00:00,1.0,22,True,True,True,True,True,1.0,1.0,1.0,1.0,0.6008333333333333,True
20,10173,2026-04-30T04:15:03+00:00,1.0,22,True,True,True,True,True,0.614,0.614,0.619,0.691,0.77425,True
20,10174,2026-04-30T05:10:05+00:00,1.0,22,False,False,True,True,True,0.0,0.307,0.334,0.634,0.08319444444444446,False
20,10175,2026-04-30T06:05:02+00:00,1.0,22,False,False,True,True,True,0.288,1.0,1.0,1.0,0.0,False
20,10176,2026-04-30T07:00:05+00:00,1.0,22,True,True,True,True,True,1.0,1.0,1.0,1.0,0.0002777777777777768,False
20,10177,2026-04-30T07:55:03+00:00,1.0,22,False,True,True,True,True,1.0,1.0,1.0,1.0,0.1835,True
20,10178,2026-04-30T08:50:05+00:00,1.0,22,True,True,True,True,True,1.0,1.0,1.0,1.0,0.28347222222222224,True
20,10179,2026-04-30T09:45:03+00:00,1.0,22,False,False,False,True,False,0.0,0.0,0.004,0.005,0.3750833333333333,True
20,10180,2026-04-30T10:40:05+00:00,1.0,22,False,True,True,True,True,1.0,1.0,1.0,1.0,0.8676388888888891,True
20,10181,2026-04-30T11:35:03+00:00,1.0,16,False,False,False,False,False,0.0,0.0,0.0,0.0,0.5158333333333334,True
20,10182,2026-04-30T12:30:05+00:00,1.0,5,False,False,False,False,False,0.0,0.0,0.0,0.0,0.04986111111111111,False
20,10183,2026-04-30T21:40:05+00:00,20.0,0,False,False,False,False,False,0.0,0.0,0.0,0.0,0.0,False
20,10184,2026-05-01T02:15:02+00:00,20.0,0,False,False,False,False,False,0.0,0.0,0.0,0.001,0.0,False
20,10185,2026-05-01T06:50:05+00:00,20.0,0,False,False,False,False,False,0.0,0.0,0.0,0.0,0.0,False
20,10186,2026-05-02T10:20:05+00:00,20.0,0,False,False,False,False,False,0.0,0.0,0.0,0.0,0.0,False
20,10187,2026-05-04T10:55:02+00:00,20.0,0,False,False,False,False,False,0.0,0.0,0.0,0.0,0.0,False
20,10188,2026-05-04T15:30:05+00:00,20.0,0,False,False,False,False,False,0.0,0.0,0.0,0.0,0.0,False
20,10189,2026-05-05T09:50:05+00:00,1.0,1,False,False,False,False,False,0.0,0.0,0.0,0.0,0.0,False
20,10190,2026-05-05T10:45:03+00:00,1.0,7,False,False,False,False,False,0.0,0.0,0.0,0.0,0.0,False
20,10191,2026-05-05T11:40:05+00:00,1.0,17,False,False,False,False,False,0.0,0.0,0.0,0.0,0.0,False
20,10192,2026-05-05T12:35:03+00:00,1.0,22,False,False,False,False,False,0.0,0.0,0.0,0.0,0.0,False
20,10193,2026-05-05T13:30:05+00:00,1.0,22,False,False,False,False,False,0.0,0.0,0.0,0.284,0.0,False
20,10194,2026-05-05T14:25:03+00:00,1.0,22,False,False,False,False,False,0.0,0.017,0.142,0.453,0.0,False
20,10195,2026-05-05T15:20:05+00:00,1.0,22,False,False,False,True,True,0.0,0.051,0.717,0.8,0.0,False
20,10196,2026-05-05T16:15:03+00:00,1.0,22,True,True,True,True,True,1.0,1.0,1.0,1.0,0.0,False
20,10197,2026-05-05T17:10:05+00:00,1.0,22,False,False,False,False,False,0.0,0.0,0.245,0.249,0.0,False
20,10198,2026-05-05T18:05:03+00:00,1.0,22,False,False,False,False,False,0.0,0.0,0.0,0.403,0.0,False
20,10199,2026-05-05T19:00:05+00:00,1.0,21,False,False,False,False,False,0.0,0.0,0.054,0.054,0.0,False
20,10200,2026-05-05T19:55:03+00:00,1.0,10,False,False,False,False,False,0.0,0.0,0.0,0.153,0.0,False
20,10201,2026-05-05T22:40:05+00:00,20.0,0,False,False,False,False,False,0.0,0.0,0.0,0.0,0.0,False
20,10202,2026-05-05T23:35:03+00:00,20.0,0,False,False,False,False,False,0.0,0.0,0.0,0.0,0.0,False
20,10203,2026-05-06T05:05:03+00:00,1.0,7,False,False,False,False,False,0.0,0.0,0.0,0.0,0.0,False
20,10204,2026-05-06T06:00:05+00:00,1.0,18,False,False,False,False,False,0.0,0.0,0.0,0.0,0.0,False
20,10205,2026-05-06T06:55:03+00:00,1.0,22,False,False,False,False,False,0.0,0.0,0.0,0.0,0.0,False
20,10206,2026-05-06T07:50:05+00:00,1.0,22,False,False,False,False,False,0.0,0.0,0.0,0.0,0.0,False
20,10207,2026-05-06T08:45:03+00:00,1.0,22,False,False,False,False,False,0.0,0.0,0.0,0.062,0.0,False
20,10208,2026-05-06T09:40:05+00:00,1.0,22,False,False,False,True,False,0.0,0.0,0.299,0.309,0.0,False
20,10209,2026-05-06T10:35:03+00:00,1.0,22,False,True,True,True,True,0.0,0.037,0.686,0.959,0.0,False
20,10210,2026-05-06T11:30:05+00:00,1.0,22,True,True,True,True,True,1.0,1.0,1.0,1.0,0.0,False
20,10211,2026-05-06T12:25:03+00:00,1.0,22,True,False,False,False,True,1.0,1.0,1.0,1.0,0.0,False
20,10212,2026-05-06T13:20:04+00:00,1.0,22,False,False,False,False,False,0.0,0.0,0.0,0.0,0.0,False
20,10213,2026-05-06T14:15:02+00:00,1.0,22,False,False,False,False,False,0.0,0.0,0.0,0.0,0.0,False
20,10214,2026-05-06T15:10:05+00:00,1.0,22,False,False,False,False,False,0.0,0.0,0.046,0.054,0.0,False
20,10215,2026-05-06T16:05:03+00:00,1.0,22,False,False,False,False,False,0.0,0.0,0.0,0.0,0.0,False
20,10216,2026-05-06T17:00:05+00:00,1.0,22,False,True,True,True,True,0.0,0.005,0.877,0.953,0.0,False
20,10217,2026-05-06T17:55:03+00:00,1.0,21,True,True,True,True,True,1.0,1.0,1.0,1.0,0.0,False
20,10218,2026-05-06T18:50:05+00:00,1.0,10,True,True,True,True,True,1.0,1.0,1.0,1.0,0.0,False
20,10219,2026-05-06T20:40:05+00:00,1.0,9,False,False,False,False,False,0.0,0.0,0.0,0.0,0.0,False
20,10220,2026-05-06T21:35:03+00:00,1.0,20,False,False,False,False,False,0.0,0.0,0.0,0.0,0.0,False
20,10221,2026-05-06T22:30:05+00:00,1.0,22,False,False,False,False,False,0.0,0.0,0.0,0.02,0.0,False
20,10222,2026-05-06T23:25:03+00:00,1.0,22,False,False,False,True,False,0.0,0.0,0.0,0.0,0.0,False
20,10223,2026-05-07T00:20:05+00:00,1.0,22,False,True,True,True,False,0.0,0.0,0.0,0.042,0.0,False
20,10224,2026-05-07T01:15:03+00:00,1.0,22,False,False,True,True,True,0.0,0.013,0.315,0.332,0.0,False
20,10225,2026-05-07T02:10:07+00:00,1.0,22,False,True,True,True,False,0.0,0.0,0.0,0.0,0.016861111111111115,False
20,10226,2026-05-07T03:05:02+00:00,1.0,22,True,True,True,True,False,0.0,0.064,0.064,0.064,0.1083888888888889,True
20,10227,2026-05-07T04:00:05+00:00,1.0,22,True,False,False,False,False,0.0,0.003,0.006,0.101,0.2,True
20,10228,2026-05-07T04:55:02+00:00,1.0,22,False,False,False,False,True,0.0,0.229,0.642,0.835,0.19999999999999998,True
20,10229,2026-05-07T05:50:05+00:00,1.0,22,False,False,False,True,False,0.0,0.0,0.245,0.245,0.28347222222222224,True
20,10230,2026-05-07T06:45:03+00:00,1.0,22,False,True,True,True,True,0.0,0.405,0.647,0.875,0.14983333333333332,True
20,10231,2026-05-07T07:40:05+00:00,1.0,22,False,False,False,False,False,0.0,0.0,0.0,0.0,0.03319444444444444,False
20,10232,2026-05-07T08:35:03+00:00,1.0,22,False,False,False,False,False,0.0,0.0,0.0,0.0,0.0,False
20,10233,2026-05-07T09:30:06+00:00,1.0,19,False,False,False,False,False,0.0,0.0,0.0,0.014,0.0,False
20,10234,2026-05-07T10:25:03+00:00,1.0,8,False,False,False,False,False,0.0,0.0,0.0,0.0,0.0,False
20,10235,2026-05-07T15:55:03+00:00,20.0,0,False,False,False,False,False,0.0,0.0,0.0,0.0,0.0,False
20,10236,2026-05-07T23:15:02+00:00,1.0,8,False,False,False,False,False,0.0,0.0,0.0,0.0,0.0,False
20,10237,2026-05-08T00:10:07+00:00,1.0,19,False,False,False,False,False,0.0,0.0,0.0,0.0,0.0,False
20,10238,2026-05-08T01:05:03+00:00,1.0,22,False,False,False,False,False,0.0,0.0,0.02,0.126,0.0,False
20,10239,2026-05-08T02:00:05+00:00,1.0,22,False,False,False,False,False,0.046,0.046,0.046,0.046,0.0,False
20,10240,2026-05-08T02:55:03+00:00,1.0,22,False,False,False,False,False,0.0,0.0,0.0,0.0,0.0,False
20,10241,2026-05-08T03:50:05+00:00,1.0,22,False,False,False,False,False,0.0,0.0,0.0,0.0,0.0,False
20,10242,2026-05-08T04:45:03+00:00,1.0,22,False,False,False,False,False,0.0,0.0,0.0,0.0,0.0,False
20,10243,2026-05-08T05:40:05+00:00,1.0,22,False,False,False,False,False,0.0,0.0,0.0,0.0,0.0,False
20,10244,2026-05-08T06:35:02+00:00,1.0,22,False,False,False,False,False,0.0,0.0,0.0,0.0,0.0,False
20,10245,2026-05-08T07:30:05+00:00,1.0,22,False,False,False,False,False,0.0,0.0,0.0,0.0,0.0,False
20,10246,2026-05-08T08:25:02+00:00,1.0,22,False,False,False,False,False,0.0,0.0,0.002,0.002,0.0,False
20,10247,2026-05-08T09:20:05+00:00,1.0,22,False,False,False,False,False,0.0,0.02,0.056,0.075,0.0,False
20,10248,2026-05-08T10:15:02+00:00,1.0,22,False,False,True,True,True,0.435,0.444,0.457,0.515,0.0,False
20,10249,2026-05-08T11:10:05+00:00,1.0,22,True,True,True,True,True,1.0,1.0,1.0,1.0,0.033611111111111105,False
20,10250,2026-05-08T12:05:03+00:00,1.0,22,True,True,True,True,True,1.0,1.0,1.0,1.0,0.1831666666666667,True
20,10251,2026-05-08T13:00:06+00:00,1.0,22,True,True,True,True,True,1.0,1.0,1.0,1.0,0.0,False
20,10252,2026-05-08T13:55:03+00:00,1.0,22,True,True,True,True,False,0.0,0.0,0.028,0.028,0.0,False
20,10253,2026-05-08T14:50:05+00:00,1.0,22,False,False,False,False,False,0.0,0.0,0.001,0.001,0.0,False
20,10254,2026-05-08T15:45:03+00:00,1.0,17,False,False,False,False,False,0.0,0.0,0.0,0.02,0.0,False
20,10255,2026-05-08T16:40:05+00:00,1.0,13,False,False,False,False,False,0.0,0.0,0.0,0.0,0.0,False
20,10256,2026-05-08T17:35:03+00:00,1.0,18,False,False,False,False,False,0.0,0.0,0.0,0.0,0.0,False
20,10257,2026-05-08T18:30:05+00:00,1.0,22,False,False,False,False,False,0.0,0.0,0.0,0.0,0.0,False
20,10258,2026-05-08T19:25:03+00:00,1.0,22,False,False,False,False,False,0.0,0.0,0.0,0.0,0.0,False
20,10259,2026-05-08T20:20:06+00:00,1.0,22,False,False,False,False,False,0.0,0.0,0.0,0.0,0.0,False
20,10260,2026-05-08T21:15:02+00:00,1.0,22,False,False,False,False,False,0.0,0.0,0.0,0.0,0.0,False
20,10261,2026-05-08T22:10:07+00:00,1.0,22,False,False,False,False,False,0.0,0.0,0.0,0.0,0.0,False
20,10262,2026-05-08T23:05:03+00:00,1.0,22,False,False,False,False,False,0.0,0.0,0.0,0.0,0.0,False
20,10263,2026-05-09T00:00:05+00:00,1.0,22,False,False,False,False,False,0.0,0.0,0.0,0.0,0.0001388888888888884,False
20,10264,2026-05-09T00:55:03+00:00,1.0,22,False,False,False,False,False,0.0,0.0,0.0,0.207,0.09175,False
20,10265,2026-05-09T01:50:05+00:00,1.0,22,False,False,False,False,False,0.0,0.0,0.0,0.026,0.1,True
20,10266,2026-05-09T02:45:03+00:00,1.0,22,False,False,False,False,False,0.0,0.0,0.0,0.056,0.02491666666666667,False
20,10267,2026-05-09T03:40:05+00:00,1.0,22,False,False,False,False,True,0.187,0.98,0.98,0.98,0.0,False
20,10268,2026-05-09T04:35:02+00:00,1.0,22,False,False,False,False,False,0.0,0.0,0.0,0.0,0.0,False
20,10269,2026-05-09T05:30:05+00:00,1.0,15,False,False,False,False,False,0.0,0.0,0.0,0.0,0.0,False
20,10270,2026-05-09T06:25:03+00:00,1.0,4,False,False,False,False,False,0.0,0.0,0.0,0.0,0.0,False
20,10271,2026-05-09T16:30:05+00:00,20.0,0,False,False,False,False,False,0.0,0.0,0.0,0.0,0.0,False
20,10272,2026-05-09T20:10:07+00:00,20.0,0,False,False,False,False,False,0.0,0.0,0.0,0.0,0.0,False
20,10273,2026-05-09T22:55:03+00:00,1.0,1,False,False,False,False,False,0.0,0.0,0.0,0.0,0.0,False
20,10274,2026-05-09T23:50:05+00:00,1.0,1,False,False,False,False,False,0.0,0.0,0.0,0.0,0.0,False
20,10275,2026-05-10T00:45:03+00:00,1.0,1,False,False,False,False,False,0.0,0.0,0.0,0.0,0.0,False
20,10276,2026-05-10T01:40:05+00:00,1.0,1,False,False,False,False,False,0.0,0.0,0.0,0.0,0.0,False
20,10277,2026-05-10T04:25:02+00:00,20.0,0,False,False,False,False,False,0.0,0.0,0.0,0.0,0.0,False
20,10278,2026-05-10T05:20:05+00:00,1.0,1,False,False,False,False,False,0.0,0.0,0.0,0.0,0.0,False
20,10279,2026-05-10T06:15:02+00:00,1.0,12,False,False,False,False,False,0.0,0.0,0.0,0.091,0.0,False
20,10280,2026-05-10T07:10:05+00:00,1.0,22,False,False,False,False,False,0.0,0.0,0.0,0.0,0.0,False
20,10281,2026-05-10T08:05:02+00:00,1.0,22,False,False,False,False,False,0.0,0.0,0.0,0.0,0.0,False
20,10282,2026-05-10T09:00:05+00:00,1.0,22,False,False,False,True,True,0.0,0.107,0.693,0.693,0.0,False
20,10283,2026-05-10T09:55:03+00:00,1.0,22,True,False,False,False,True,1.0,1.0,1.0,1.0,0.0,False
20,10284,2026-05-10T10:50:05+00:00,1.0,22,False,False,False,False,False,0.0,0.0,0.0,0.153,0.0,False
20,10285,2026-05-10T11:45:03+00:00,1.0,21,False,False,False,False,False,0.0,0.0,0.0,0.002,0.0,False
20,10286,2026-05-10T12:40:05+00:00,1.0,19,False,False,False,False,False,0.0,0.0,0.037,0.125,0.0,False
20,10287,2026-05-10T13:35:03+00:00,1.0,17,False,False,False,False,False,0.0,0.0,0.0,0.244,0.0,False
20,10288,2026-05-10T14:30:05+00:00,1.0,19,False,True,True,True,True,0.416,0.419,0.419,0.419,0.0,False
20,10289,2026-05-10T15:25:02+00:00,1.0,22,False,False,False,False,False,0.0,0.0,0.001,0.26,0.0,False
20,10290,2026-05-10T16:20:05+00:00,1.0,22,False,False,False,True,False,0.0,0.0,0.001,0.092,0.0,False
20,10291,2026-05-10T17:15:03+00:00,1.0,22,False,True,True,True,False,0.0,0.0,0.531,0.814,0.07525,False
20,10292,2026-05-10T18:10:07+00:00,1.0,22,False,False,False,False,False,0.0,0.007,0.09,0.162,0.2831388888888889,True
20,10293,2026-05-10T19:05:02+00:00,1.0,22,False,False,False,False,False,0.0,0.0,0.0,0.0,0.18322222222222223,True
20,10294,2026-05-10T20:00:05+00:00,1.0,22,False,False,False,False,False,0.0,0.0,0.0,0.0,0.0,False
20,10295,2026-05-10T20:55:02+00:00,1.0,22,False,False,False,False,False,0.0,0.0,0.0,0.0,0.0,False
20,10296,2026-05-10T21:50:05+00:00,1.0,22,False,False,False,False,False,0.0,0.0,0.0,0.0,0.0,False
20,10297,2026-05-10T22:45:03+00:00,1.0,17,False,False,False,False,False,0.0,0.0,0.02,0.207,0.0,False
20,10298,2026-05-10T23:40:05+00:00,1.0,17,False,False,False,False,False,0.0,0.0,0.0,0.008,0.0,False
20,10299,2026-05-11T00:35:03+00:00,1.0,20,False,False,False,True,False,0.0,0.0,0.0,0.0,0.0,False
20,10300,2026-05-11T01:30:05+00:00,1.0,9,True,False,False,False,False,0.0,0.0,0.0,0.0,0.0,False
20,10301,2026-05-11T13:25:02+00:00,1.0,5,False,False,False,False,False,0.0,0.0,0.0,0.0,0.0,False
20,10302,2026-05-11T14:20:05+00:00,1.0,5,False,False,False,False,False,0.0,0.0,0.0,0.0,0.0,False
20,10303,2026-05-11T20:45:03+00:00,20.0,0,False,False,False,False,False,0.0,0.0,0.0,0.0,0.0,False
20,10304,2026-05-11T22:35:02+00:00,1.0,7,False,False,False,False,False,0.0,0.0,0.0,0.0,0.0,False
20,10305,2026-05-11T23:30:05+00:00,1.0,18,False,False,False,False,False,0.0,0.0,0.0,0.034,0.0,False
20,10306,2026-05-12T00:25:03+00:00,1.0,22,False,False,False,False,False,0.0,0.0,0.0,0.0,0.0,False
20,10307,2026-05-12T01:20:05+00:00,1.0,14,False,False,False,False,False,0.0,0.0,0.0,0.0,0.0,False
20,10308,2026-05-12T02:15:03+00:00,1.0,3,False,False,False,False,False,0.0,0.0,0.0,0.0,0.0,False
20,10309,2026-05-12T05:55:03+00:00,1.0,9,False,False,False,False,False,0.0,0.0,0.0,0.0,0.0,False
20,10310,2026-05-12T07:55:03+00:00,1.0,22,False,False,False,False,False,0.0,0.0,0.0,0.0,0.0,False
20,10311,2026-05-12T08:50:05+00:00,1.0,22,False,False,False,False,False,0.0,0.0,0.0,0.0,0.0,False
20,10312,2026-05-12T09:45:03+00:00,1.0,22,False,False,False,False,False,0.0,0.0,0.008,0.008,0.0,False
20,10313,2026-05-12T10:40:05+00:00,1.0,22,False,False,False,False,False,0.0,0.0,0.0,0.0,0.0,False
20,10314,2026-05-12T11:35:02+00:00,1.0,22,False,False,False,False,False,0.0,0.0,0.091,0.244,0.0,False
20,10315,2026-05-12T12:30:05+00:00,1.0,22,False,False,False,False,False,0.0,0.0,0.0,0.0,0.0,False
20,10316,2026-05-12T13:25:02+00:00,1.0,22,False,False,False,False,False,0.0,0.0,0.002,0.048,0.0,False
20,10317,2026-05-12T14:20:05+00:00,1.0,22,False,False,False,False,False,0.0,0.0,0.0,0.0,0.0,False
20,10318,2026-05-12T15:15:02+00:00,1.0,22,False,False,False,False,False,0.0,0.0,0.0,0.0,0.0,False
20,10319,2026-05-12T16:10:07+00:00,1.0,22,False,False,False,False,False,0.0,0.0,0.0,0.034,0.0,False
20,10320,2026-05-12T17:05:03+00:00,1.0,22,False,False,False,False,False,0.0,0.0,0.037,0.358,0.0,False
20,10321,2026-05-12T18:00:05+00:00,1.0,22,False,False,True,True,False,0.038,0.038,0.038,0.04,0.0,False
20,10322,2026-05-12T18:55:03+00:00,1.0,22,False,False,False,False,False,0.0,0.0,0.0,0.008,0.0,False
20,10323,2026-05-12T19:50:05+00:00,1.0,22,False,False,False,False,False,0.0,0.0,0.0,0.08,0.0,False
20,10324,2026-05-12T20:45:02+00:00,1.0,22,False,False,False,False,False,0.0,0.0,0.016,0.556,0.0,False
20,10325,2026-05-12T21:40:05+00:00,1.0,20,False,False,False,True,False,0.0,0.0,0.014,0.014,0.0,False
20,10326,2026-05-12T22:35:02+00:00,1.0,16,True,False,False,False,False,0.0,0.0,0.0,0.152,0.0,False
20,10327,2026-05-12T23:30:05+00:00,1.0,14,False,False,False,False,False,0.0,0.0,0.0,0.008,0.0,False
20,10328,2026-05-13T00:25:03+00:00,1.0,7,False,False,False,False,False,0.0,0.0,0.261,0.476,0.0,False
20,10329,2026-05-13T10:30:05+00:00,1.0,1,False,False,False,False,False,0.0,0.0,0.0,0.0,0.0,False
20,10330,2026-05-13T11:25:03+00:00,1.0,12,False,False,False,False,False,0.0,0.0,0.0,0.0,0.0,False
20,10331,2026-05-13T12:20:05+00:00,1.0,22,False,False,False,False,False,0.0,0.0,0.0,0.034,0.0,False
20,10332,2026-05-13T13:15:02+00:00,1.0,22,False,False,False,False,False,0.0,0.0,0.061,0.403,0.0,False
20,10333,2026-05-13T14:10:07+00:00,1.0,18,False,False,False,False,False,0.0,0.0,0.0,0.153,0.0,False
20,10334,2026-05-13T15:05:03+00:00,1.0,7,False,False,False,False,False,0.0,0.0,0.0,0.244,0.0,False
20,10335,2026-05-13T16:00:05+00:00,1.0,4,False,False,False,False,False,0.0,0.0,0.0,0.0,0.0,False
20,10336,2026-05-13T16:55:03+00:00,1.0,4,False,False,False,False,False,0.0,0.0,0.0,0.093,0.0,False
20,10337,2026-05-14T14:00:05+00:00,1.0,8,False,False,False,False,False,0.0,0.0,0.0,0.0,0.0,False
20,10338,2026-05-14T14:55:02+00:00,1.0,19,False,False,False,False,False,0.0,0.0,0.0,0.0,0.0,False
20,10339,2026-05-14T15:50:05+00:00,1.0,22,False,False,False,False,False,0.0,0.0,0.0,0.0,0.0,False
20,10340,2026-05-14T16:45:03+00:00,1.0,22,False,False,False,False,False,0.0,0.0,0.006,0.006,0.0,False
20,10341,2026-05-14T17:40:05+00:00,1.0,21,False,False,False,False,False,0.0,0.0,0.0,0.0,0.0,False
20,10342,2026-05-14T18:35:03+00:00,1.0,16,False,False,False,False,False,0.0,0.0,0.0,0.0,0.0,False
20,10343,2026-05-14T19:30:05+00:00,1.0,17,False,False,False,True,False,0.0,0.0,0.0,0.0,0.0,False
20,10344,2026-05-14T20:25:02+00:00,1.0,22,False,True,True,True,True,1.0,1.0,1.0,1.0,5.173555555555557,True
20,10345,2026-05-14T21:20:04+00:00,1.0,22,True,True,True,True,True,1.0,1.0,1.0,1.0,8.520444444444445,True
20,10346,2026-05-14T22:15:03+00:00,1.0,22,True,True,True,True,False,0.0,0.005,0.165,0.559,2.7565000000000004,True
20,10347,2026-05-14T23:10:05+00:00,1.0,22,True,True,True,True,True,1.0,1.0,1.0,1.0,7.289166666666667,True
20,10348,2026-05-15T00:05:03+00:00,1.0,22,True,True,True,True,True,1.0,1.0,1.0,1.0,0.7326666666666668,True
20,10349,2026-05-15T01:00:05+00:00,1.0,22,False,False,False,True,False,0.0,0.0,0.0,0.0,0.0,False
20,10350,2026-05-15T01:55:03+00:00,1.0,22,False,True,True,True,False,0.0,0.0,0.0,0.0,0.0,False
20,10351,2026-05-15T02:50:05+00:00,1.0,22,False,False,False,False,False,0.0,0.0,0.0,0.0,0.0,False
20,10352,2026-05-15T03:45:03+00:00,1.0,22,False,False,False,False,True,0.242,0.35,0.373,0.373,0.0,False
20,10353,2026-05-15T04:40:05+00:00,1.0,11,False,False,False,False,False,0.0,0.0,0.0,0.0,0.0,False
20,10354,2026-05-15T07:10:05+00:00,1.0,22,False,False,False,False,False,0.0,0.0,0.0,0.0,0.0,False
20,10355,2026-05-15T08:05:02+00:00,1.0,22,False,False,False,False,False,0.0,0.0,0.0,0.153,0.01677777777777778,False
20,10356,2026-05-15T09:00:05+00:00,1.0,22,False,False,False,False,False,0.0,0.0,0.403,0.403,0.19972222222222225,True
20,10357,2026-05-15T09:55:02+00:00,1.0,22,False,False,False,True,False,0.0,0.0,0.0,0.0,0.016555555555555556,False
20,10358,2026-05-15T10:50:05+00:00,1.0,22,False,False,False,False,False,0.0,0.0,0.0,0.0,0.0,False
20,10359,2026-05-15T11:45:03+00:00,1.0,22,False,False,False,False,False,0.0,0.0,0.0,0.0,0.0,False
20,10360,2026-05-15T12:40:05+00:00,1.0,22,False,False,False,False,False,0.0,0.0,0.0,0.0,0.0,False
20,10361,2026-05-15T13:35:02+00:00,1.0,22,False,False,False,False,False,0.0,0.0,0.0,0.0,0.0,False
20,10362,2026-05-15T14:30:05+00:00,1.0,22,False,False,False,False,False,0.0,0.0,0.0,0.008,0.0,False
20,10363,2026-05-15T15:25:02+00:00,1.0,22,False,False,False,False,False,0.0,0.0,0.0,0.0,0.0,False
20,10364,2026-05-15T16:20:05+00:00,1.0,22,False,False,False,False,False,0.0,0.0,0.0,0.003,0.0,False
20,10365,2026-05-15T17:15:03+00:00,1.0,22,False,False,False,False,False,0.0,0.0,0.0,0.0,0.025083333333333336,False
20,10366,2026-05-15T18:10:08+00:00,1.0,18,False,False,False,True,False,0.0,0.0,0.006,0.006,0.1168888888888889,True
20,10367,2026-05-15T19:05:03+00:00,1.0,18,False,False,False,False,False,0.0,0.0,0.0,0.0,0.1831666666666667,True
20,10368,2026-05-15T20:00:05+00:00,1.0,22,False,False,False,False,False,0.0,0.0,0.0,0.0,0.0004166666666666652,False
20,10369,2026-05-15T20:55:03+00:00,1.0,22,False,False,False,False,False,0.0,0.0,0.0,0.314,0.27525,True
20,10370,2026-05-15T21:50:05+00:00,1.0,22,False,False,False,False,False,0.0,0.0,0.0,0.0,0.46694444444444444,True
20,10371,2026-05-15T22:45:02+00:00,1.0,22,False,False,True,True,True,0.0,0.0,0.449,0.703,0.19977777777777778,True
20,10372,2026-05-15T23:40:05+00:00,1.0,22,True,True,True,True,True,1.0,1.0,1.0,1.0,2.9058333333333333,True
20,10373,2026-05-16T00:35:02+00:00,1.0,22,True,True,True,True,True,1.0,1.0,1.0,1.0,1.7892777777777777,True
20,10374,2026-05-16T01:30:05+00:00,1.0,22,True,True,True,True,True,1.0,1.0,1.0,1.0,0.0,False
20,10375,2026-05-16T02:25:03+00:00,1.0,22,True,True,True,True,False,0.0,0.06,0.308,0.308,0.9602499999999999,True
20,10376,2026-05-16T03:20:05+00:00,1.0,22,True,True,True,True,True,0.589,0.589,0.752,0.857,1.5636111111111108,True
20,10377,2026-05-16T04:15:03+00:00,1.0,22,True,False,True,True,True,0.0,0.199,0.299,0.299,0.07491666666666667,False
20,10378,2026-05-16T05:10:05+00:00,1.0,22,True,True,True,True,True,1.0,1.0,1.0,1.0,0.0,False
20,10379,2026-05-16T06:05:03+00:00,1.0,22,False,False,False,False,False,0.0,0.0,0.008,0.083,0.0,False
20,10380,2026-05-16T07:00:05+00:00,1.0,22,False,False,False,False,False,0.0,0.007,0.553,0.664,0.0,False
20,10381,2026-05-16T07:55:03+00:00,1.0,22,False,False,False,True,True,0.017,0.08,0.693,0.887,0.0,False
20,10382,2026-05-16T08:50:05+00:00,1.0,22,False,True,True,True,True,1.0,1.0,1.0,1.0,0.6677777777777778,True
20,10383,2026-05-16T09:45:03+00:00,1.0,22,True,True,True,True,True,0.992,1.0,1.0,1.0,0.8,True
20,10384,2026-05-16T10:40:05+00:00,1.0,22,True,True,True,True,True,1.0,1.0,1.0,1.0,8.549444444444447,True
20,10385,2026-05-16T11:35:02+00:00,1.0,22,True,True,True,True,True,0.6,0.78,0.983,0.985,5.568499999999999,True
20,10386,2026-05-16T12:30:05+00:00,1.0,22,True,True,True,True,True,1.0,1.0,1.0,1.0,0.49944444444444447,True
20,10387,2026-05-16T13:25:02+00:00,1.0,22,False,False,False,False,False,0.0,0.022,0.093,0.11,0.21655555555555556,True
20,10388,2026-05-16T14:20:05+00:00,1.0,22,False,False,False,False,False,0.0,0.0,0.0,0.341,0.06652777777777778,False
20,10389,2026-05-16T15:15:02+00:00,1.0,22,False,False,False,False,False,0.0,0.0,0.0,0.0,0.0,False
20,10390,2026-05-16T16:10:07+00:00,1.0,22,False,False,False,False,False,0.0,0.0,0.0,0.0,0.0,False
20,10391,2026-05-16T17:05:02+00:00,1.0,22,False,False,False,False,False,0.0,0.0,0.0,0.0,0.0,False
20,10392,2026-05-16T18:00:04+00:00,1.0,22,False,False,True,True,False,0.0,0.02,0.146,0.149,0.0,False
20,10393,2026-05-16T18:55:02+00:00,1.0,22,False,False,True,True,False,0.0,0.0,0.006,0.049,0.0,False
20,10394,2026-05-16T19:50:05+00:00,1.0,22,True,False,False,False,True,1.0,1.0,1.0,1.0,0.08347222222222223,False
20,10395,2026-05-16T20:45:03+00:00,1.0,22,False,True,True,True,True,0.731,0.847,0.847,0.847,1.6767500000000002,True
20,10396,2026-05-16T21:40:05+00:00,1.0,22,True,True,True,True,True,1.0,1.0,1.0,1.0,0.9306944444444445,True
20,10397,2026-05-16T22:35:03+00:00,1.0,22,True,True,True,True,True,1.0,1.0,1.0,1.0,0.4168333333333334,True
20,10398,2026-05-16T23:30:05+00:00,1.0,16,False,True,True,True,True,0.215,0.392,0.392,0.392,0.24930555555555556,True
20,10399,2026-05-17T00:25:02+00:00,1.0,5,False,False,False,False,False,0.0,0.0,0.0,0.003,0.0,False
20,10400,2026-05-17T09:35:02+00:00,20.0,0,False,False,False,False,False,0.0,0.0,0.0,0.0,0.0,False
20,10401,2026-05-18T02:05:02+00:00,20.0,0,False,False,False,False,False,0.0,0.0,0.0,0.0,0.0,False
20,10402,2026-05-18T14:55:03+00:00,20.0,0,False,False,False,False,False,0.0,0.0,0.0,0.0,0.0,False
20,10403,2026-05-19T03:45:03+00:00,20.0,0,False,False,False,False,False,0.0,0.0,0.0,0.0,0.0,False
20,10404,2026-05-19T10:10:07+00:00,1.0,10,False,False,False,False,False,0.0,0.0,0.0,0.0,0.0,False
20,10405,2026-05-19T11:05:03+00:00,1.0,21,False,False,False,False,False,0.0,0.0,0.0,0.0,0.3029999999999998,True
20,10406,2026-05-19T12:00:05+00:00,1.0,22,False,True,True,True,False,0.0,0.0,0.0,0.207,3.595,True
20,10407,2026-05-19T12:55:03+00:00,1.0,22,False,False,False,False,True,0.0,0.225,0.477,0.477,0.29700000000000004,True
20,10408,2026-05-19T13:50:05+00:00,1.0,22,False,False,False,False,True,1.0,1.0,1.0,1.0,0.0,False
20,10409,2026-05-19T14:45:02+00:00,1.0,22,False,False,False,False,False,0.0,0.0,0.0,0.0,0.0,False
20,10410,2026-05-19T15:40:05+00:00,1.0,17,False,False,False,False,False,0.0,0.0,0.0,0.0,0.0,False
20,10411,2026-05-19T16:35:02+00:00,1.0,6,False,False,False,False,False,0.0,0.0,0.0,0.0,0.0,False
20,10412,2026-05-19T22:05:02+00:00,20.0,0,False,False,False,False,False,0.0,0.0,0.0,0.0,0.0,False
20,10413,2026-05-20T05:25:03+00:00,20.0,0,False,False,False,False,False,0.0,0.0,0.0,0.0,0.0,False
20,10414,2026-05-20T11:50:05+00:00,20.0,0,False,False,False,False,False,0.0,0.0,0.0,0.0,0.0,False
20,10415,2026-05-20T14:35:03+00:00,20.0,0,False,False,False,False,False,0.0,0.0,0.0,0.0,0.11683333333333334,True
20,10416,2026-05-21T08:55:03+00:00,20.0,0,False,False,False,False,False,0.0,0.0,0.0,0.0,0.0,False
20,10417,2026-05-21T10:45:02+00:00,1.0,4,False,False,False,False,False,0.0,0.0,0.0,0.0,0.0,False
20,10418,2026-05-21T11:40:05+00:00,1.0,9,False,False,False,False,False,0.0,0.0,0.0,0.0,0.0,False
20,10419,2026-05-21T12:35:03+00:00,1.0,5,False,False,False,False,False,0.0,0.0,0.153,0.244,0.0,False
20,10420,2026-05-21T17:10:05+00:00,1.0,2,False,False,False,False,False,0.0,0.0,0.0,0.0,0.0,False
20,10421,2026-05-21T18:05:03+00:00,1.0,6,False,False,False,False,False,0.0,0.0,0.0,0.0,0.0,False
20,10422,2026-05-21T19:00:05+00:00,1.0,6,False,False,False,False,False,0.0,0.0,0.0,0.0,0.0,False
20,10423,2026-05-21T19:55:03+00:00,1.0,6,False,False,False,False,False,0.0,0.0,0.0,0.0,0.0,False
20,10424,2026-05-21T20:50:05+00:00,1.0,4,False,False,False,False,False,0.0,0.0,0.0,0.0,0.0,False
20,10425,2026-05-22T02:20:05+00:00,1.0,11,False,False,False,False,False,0.0,0.0,0.0,0.0,0.0,False
20,10426,2026-05-22T03:15:02+00:00,1.0,22,False,False,False,False,False,0.0,0.0,0.0,0.0,0.0,False
20,10427,2026-05-22T04:10:07+00:00,1.0,22,False,False,False,False,False,0.0,0.0,0.0,0.0,0.0,False
20,10428,2026-05-22T05:05:03+00:00,1.0,20,False,False,False,False,False,0.0,0.0,0.0,0.0,0.0,False
20,10429,2026-05-22T06:00:05+00:00,1.0,9,False,False,False,False,False,0.0,0.0,0.0,0.0,0.0,False
20,10430,2026-05-22T18:50:05+00:00,1.0,1,False,False,False,False,False,0.0,0.0,0.0,0.0,0.0,False
20,10431,2026-05-22T19:45:03+00:00,1.0,12,False,False,False,False,False,0.0,0.0,0.0,0.0,0.0,False
20,10432,2026-05-22T20:40:05+00:00,1.0,16,False,False,False,False,False,0.0,0.0,0.182,0.182,0.0,False
20,10433,2026-05-22T21:35:02+00:00,1.0,5,False,False,False,False,False,0.0,0.0,0.0,0.0,0.0,False
20,10434,2026-05-23T04:00:04+00:00,20.0,0,False,False,False,False,False,0.0,0.0,0.0,0.0,0.0,False
20,10435,2026-05-24T07:30:05+00:00,20.0,0,False,False,False,False,False,0.0,0.0,0.0,0.0,0.0,False
20,10436,2026-05-24T20:20:05+00:00,20.0,0,False,False,False,False,False,0.0,0.0,0.0,0.0,0.0,False
20,10437,2026-05-25T01:50:05+00:00,20.0,0,False,False,False,False,False,0.0,0.0,0.0,0.0,0.0,False
20,10438,2026-05-25T18:15:02+00:00,20.0,0,False,False,False,False,False,0.0,0.0,0.0,0.0,0.0,False
20,10439,2026-05-25T23:45:02+00:00,20.0,0,False,False,False,False,False,0.0,0.0,0.0,0.0,0.0,False
20,10440,2026-05-26T13:30:05+00:00,1.0,3,False,False,False,False,False,0.0,0.0,0.0,0.0,0.0,False
20,10441,2026-05-26T14:25:03+00:00,1.0,14,False,False,False,False,False,0.0,0.0,0.0,0.207,0.0,False
20,10442,2026-05-26T15:20:05+00:00,1.0,18,False,False,False,False,False,0.0,0.0,0.0,0.27,0.0,False
20,10443,2026-05-26T16:15:03+00:00,1.0,7,False,False,False,False,False,0.0,0.0,0.0,0.405,0.0,False
20,10444,2026-05-27T03:15:02+00:00,20.0,0,False,False,False,False,False,0.0,0.0,0.0,0.0,0.0,False
20,10445,2026-05-27T07:50:05+00:00,20.0,0,False,False,False,False,False,0.0,0.0,0.0,0.0,0.0,False
20,10446,2026-05-27T15:10:05+00:00,20.0,0,False,False,False,False,False,0.0,0.0,0.0,0.0,0.0,False
20,10447,2026-05-28T01:15:03+00:00,1.0,2,False,False,False,False,False,0.0,0.0,0.0,0.0,0.0,False
20,10448,2026-05-28T02:10:07+00:00,1.0,13,False,False,False,False,False,0.0,0.0,0.0,0.0,0.0,False
20,10449,2026-05-28T03:05:03+00:00,1.0,22,False,False,False,False,False,0.0,0.0,0.0,0.0,0.0,False
20,10450,2026-05-28T04:00:05+00:00,1.0,22,False,False,False,False,False,0.0,0.0,0.0,0.02,0.0,False
20,10451,2026-05-28T04:55:02+00:00,1.0,22,False,False,False,False,False,0.0,0.0,0.0,0.0,0.0,False
20,10452,2026-05-28T07:25:03+00:00,1.0,22,False,False,False,False,False,0.0,0.0,0.0,0.02,0.0,False
20,10453,2026-05-28T08:20:05+00:00,1.0,22,False,False,False,False,False,0.0,0.0,0.0,0.435,0.0,False
20,10454,2026-05-28T10:35:02+00:00,1.0,22,False,False,False,False,True,0.0,0.493,0.701,0.701,1.6932777777777777,True
20,10455,2026-05-28T11:30:05+00:00,1.0,22,False,False,False,False,False,0.0,0.0,0.0,0.153,2.9501388888888886,True
20,10456,2026-05-28T12:25:03+00:00,1.0,22,False,False,False,False,False,0.0,0.0,0.0,0.363,2.499,True
20,10457,2026-05-28T13:20:04+00:00,1.0,22,False,False,True,True,True,0.702,0.981,0.981,0.981,1.198,True
20,10458,2026-05-28T14:15:03+00:00,1.0,22,False,False,False,False,False,0.0,0.061,0.466,0.655,0.0,False
20,10459,2026-05-28T15:10:05+00:00,1.0,22,False,True,True,True,True,0.365,0.694,0.694,0.698,0.0,False
20,10460,2026-05-28T16:05:02+00:00,1.0,15,True,True,True,True,True,1.0,1.0,1.0,1.0,0.0,False
20,10461,2026-05-28T17:00:05+00:00,1.0,4,False,False,False,False,False,0.231,0.231,0.231,0.231,0.0,False
20,10462,2026-05-29T17:25:02+00:00,20.0,0,False,False,False,False,False,0.0,0.0,0.0,0.0,0.0,False
20,10463,2026-05-29T20:10:07+00:00,20.0,0,False,False,False,False,False,0.0,0.0,0.0,0.0,0.0,False
20,10464,2026-05-29T21:05:03+00:00,20.0,0,False,False,False,False,False,0.0,0.0,0.0,0.0,0.0,False
20,10465,2026-05-31T02:25:02+00:00,1.0,1,False,False,False,False,False,0.0,0.0,0.0,0.0,0.0,False
20,10466,2026-05-31T03:20:05+00:00,1.0,12,False,False,False,False,False,0.0,0.0,0.0,0.0,0.0,False
20,10467,2026-05-31T04:15:02+00:00,1.0,22,False,False,False,False,False,0.0,0.0,0.0,0.0,0.0,False
20,10468,2026-05-31T05:10:05+00:00,1.0,21,False,False,False,False,False,0.0,0.0,0.0,0.0,0.0,False
20,10469,2026-05-31T06:05:03+00:00,1.0,10,False,False,False,False,False,0.0,0.0,0.001,0.406,0.0,False
20,10470,2026-05-31T17:05:03+00:00,20.0,0,False,False,False,False,False,0.0,0.0,0.0,0.0,0.0,False
20,10471,2026-06-01T09:35:03+00:00,1.0,11,False,False,False,False,False,0.0,0.0,0.0,0.0,0.0,False
20,10472,2026-06-01T10:30:05+00:00,1.0,22,False,False,False,False,False,0.0,0.0,0.242,0.647,0.0,False
20,10473,2026-06-01T11:25:03+00:00,1.0,22,False,False,False,False,False,0.0,0.0,0.0,0.0,0.0,False
20,10474,2026-06-01T14:00:05+00:00,1.0,22,False,False,False,False,False,0.0,0.0,0.0,0.054,0.0,False
20,10475,2026-06-01T14:55:02+00:00,1.0,22,False,False,False,False,False,0.0,0.0,0.0,0.0,0.0,False
20,10476,2026-06-01T15:50:05+00:00,1.0,22,False,False,False,False,False,0.0,0.0,0.0,0.0,0.0,False
20,10477,2026-06-01T16:45:03+00:00,1.0,22,False,False,False,False,False,0.0,0.0,0.0,0.0,0.0,False
20,10478,2026-06-01T17:40:05+00:00,1.0,22,False,False,False,False,False,0.0,0.0,0.0,0.0,0.0,False
20,10479,2026-06-01T18:35:02+00:00,1.0,22,False,False,False,False,False,0.0,0.0,0.0,0.0,0.46711111111111114,True
20,10480,2026-06-01T19:30:05+00:00,1.0,22,False,False,False,False,False,0.0,0.0,0.0,0.403,0.3988888888888889,True
20,10481,2026-06-01T20:25:02+00:00,1.0,22,False,False,False,False,False,0.0,0.0,0.0,0.153,0.0,False
20,10482,2026-06-01T21:20:05+00:00,1.0,22,False,False,False,False,True,0.088,0.453,0.505,0.516,0.0,False
20,10483,2026-06-01T22:15:03+00:00,1.0,22,False,False,False,False,False,0.0,0.0,0.049,0.095,0.0,False
20,10484,2026-06-01T23:10:05+00:00,1.0,22,False,False,False,False,False,0.008,0.314,0.682,0.825,0.0,False
20,10485,2026-06-02T00:05:02+00:00,1.0,22,False,False,True,True,True,0.0,0.151,0.408,0.841,0.0,False
20,10486,2026-06-02T01:00:05+00:00,1.0,22,True,True,True,True,True,1.0,1.0,1.0,1.0,0.0,False
20,10487,2026-06-02T01:55:03+00:00,1.0,22,False,False,False,False,True,0.0,0.476,0.633,0.636,0.0,False
20,10488,2026-06-02T02:50:05+00:00,1.0,22,False,False,False,False,False,0.083,0.234,0.234,0.351,0.0,False
20,10489,2026-06-02T03:45:03+00:00,1.0,22,False,True,True,True,True,0.037,0.921,0.956,0.982,0.0,False
20,10490,2026-06-02T04:40:05+00:00,1.0,22,True,True,True,True,True,1.0,1.0,1.0,1.0,0.0,False
20,10491,2026-06-02T05:35:02+00:00,1.0,22,False,False,False,False,True,0.276,0.96,0.972,0.972,0.05838888888888889,False
20,10492,2026-06-02T06:30:05+00:00,1.0,14,False,False,False,False,False,0.0,0.0,0.0,0.0,0.04986111111111111,False
20,10493,2026-06-02T14:20:05+00:00,1.0,7,False,False,False,False,False,0.0,0.0,0.0,0.0,0.0,False
20,10494,2026-06-02T15:15:02+00:00,1.0,14,False,False,False,False,False,0.0,0.0,0.0,0.0,0.0,False
20,10495,2026-06-02T16:10:07+00:00,1.0,7,False,False,False,False,False,0.0,0.0,0.0,0.0,0.0,False
20,10496,2026-06-02T22:35:02+00:00,20.0,0,False,False,False,False,False,0.0,0.0,0.0,0.0,0.0,False
20,10497,2026-06-03T02:15:03+00:00,1.0,2,False,False,False,False,False,0.0,0.0,0.0,0.054,0.07525,False
20,10498,2026-06-03T03:10:05+00:00,1.0,2,False,False,False,False,False,0.0,0.0,0.0,0.0,0.2663888888888889,True
20,10499,2026-06-03T07:45:03+00:00,1.0,6,False,False,False,False,False,0.0,0.0,0.0,0.0,0.0,False
21,10500,2026-06-03T08:40:05+00:00,1.0,17,False,False,False,False,False,0.0,0.0,0.0,0.0,0.0,False
21,10501,2026-06-03T09:35:02+00:00,1.0,22,False,False,False,False,False,0.0,0.0,0.0,0.0,0.0,False
21,10502,2026-06-03T10:30:05+00:00,1.0,22,False,False,False,False,False,0.0,0.0,0.061,0.46,0.0,False
21,10503,2026-06-03T11:25:03+00:00,1.0,22,False,False,False,True,True,0.0,0.0,0.26,0.92,0.04175,False
21,10504,2026-06-03T12:20:05+00:00,1.0,22,False,True,True,True,True,1.0,1.0,1.0,1.0,0.5016666666666667,True
21,10505,2026-06-03T13:15:02+00:00,1.0,22,True,True,True,True,True,1.0,1.0,1.0,1.0,0.9993333333333334,True
21,10506,2026-06-03T14:10:07+00:00,1.0,22,True,True,True,True,True,1.0,1.0,1.0,1.0,0.08313888888888889,False
21,10507,2026-06-03T15:05:03+00:00,1.0,22,True,True,True,True,False,0.0,0.0,0.232,0.232,0.06733333333333329,False
21,10508,2026-06-03T16:00:05+00:00,1.0,22,True,True,True,True,True,1.0,1.0,1.0,1.0,0.8059722222222223,True
21,10509,2026-06-03T16:55:02+00:00,1.0,22,True,True,True,True,True,1.0,1.0,1.0,1.0,4.744055555555556,True
21,10510,2026-06-03T17:50:05+00:00,1.0,22,True,True,True,True,True,1.0,1.0,1.0,1.0,2.345416666666667,True
21,10511,2026-06-03T18:45:03+00:00,1.0,22,True,True,True,True,True,1.0,1.0,1.0,1.0,0.4485,True
21,10512,2026-06-03T19:40:05+00:00,1.0,22,True,True,True,True,True,1.0,1.0,1.0,1.0,0.0,False
21,10513,2026-06-03T20:35:02+00:00,1.0,22,True,False,True,True,True,1.0,1.0,1.0,1.0,0.0,False
21,10514,2026-06-03T21:30:05+00:00,1.0,22,False,True,True,True,True,0.9,0.9,0.9,0.908,0.0,False
21,10515,2026-06-03T22:25:03+00:00,1.0,22,False,False,True,True,True,0.0,0.0,0.283,0.668,0.0,False
21,10516,2026-06-03T23:20:05+00:00,1.0,22,True,True,True,True,True,1.0,1.0,1.0,1.0,0.0,False
21,10517,2026-06-04T00:15:03+00:00,1.0,22,True,True,True,True,False,0.0,0.0,0.001,0.002,0.0,False
21,10518,2026-06-04T01:10:05+00:00,1.0,22,False,False,False,False,False,0.0,0.0,0.0,0.0,0.0,False
21,10519,2026-06-04T02:05:03+00:00,1.0,18,False,False,False,False,False,0.0,0.0,0.0,0.244,0.0,False
21,10520,2026-06-04T03:00:05+00:00,1.0,18,False,False,False,False,False,0.0,0.0,0.0,0.0,0.0,False
21,10521,2026-06-04T03:55:02+00:00,1.0,22,False,False,False,False,False,0.0,0.0,0.0,0.0,0.0,False
21,10522,2026-06-04T04:50:05+00:00,1.0,17,False,False,False,False,False,0.0,0.0,0.0,0.0,0.0,False
21,10523,2026-06-04T05:45:03+00:00,1.0,6,False,False,False,False,False,0.0,0.0,0.0,0.0,0.0,False
21,10524,2026-06-04T08:30:05+00:00,20.0,0,False,False,False,False,False,0.0,0.0,0.0,0.0,0.0,False
21,10525,2026-06-04T11:15:03+00:00,20.0,0,False,False,False,False,False,0.0,0.0,0.0,0.0,2.5471666666666666,True
21,10526,2026-06-05T01:00:05+00:00,20.0,0,False,False,False,False,False,0.0,0.0,0.0,0.0,0.0,False
21,10527,2026-06-05T03:45:03+00:00,1.0,1,False,False,False,False,False,0.0,0.0,0.0,0.0,0.0,False
21,10528,2026-06-05T04:40:05+00:00,1.0,1,False,False,False,False,False,0.0,0.0,0.0,0.0,0.0,False
21,10529,2026-06-05T17:30:05+00:00,20.0,0,False,False,False,False,False,0.0,0.0,0.0,0.0,0.0,False
21,10530,2026-06-05T19:20:05+00:00,1.0,4,False,False,False,False,False,0.0,0.0,0.0,0.0,0.0,False
21,10531,2026-06-05T20:15:02+00:00,1.0,4,False,False,False,False,False,0.0,0.0,0.004,0.005,0.0,False
21,10532,2026-06-05T23:00:05+00:00,20.0,0,False,False,False,False,False,0.0,0.0,0.0,0.0,0.0,False
21,10533,2026-06-06T08:10:07+00:00,20.0,0,False,False,False,False,False,0.0,0.0,0.0,0.0,0.0,False
21,10534,2026-06-06T14:35:03+00:00,1.0,2,False,False,False,False,False,0.0,0.0,0.0,0.0,0.0,False
21,10535,2026-06-06T15:30:05+00:00,1.0,3,False,False,False,False,False,0.0,0.0,0.0,0.0,0.0,False
21,10536,2026-06-06T16:25:03+00:00,1.0,1,False,False,False,False,False,0.0,0.0,0.0,0.0,0.0,False
21,10537,2026-06-07T03:25:03+00:00,20.0,0,False,False,False,False,False,0.0,0.0,0.0,0.0,0.0,False
21,10538,2026-06-07T21:45:03+00:00,20.0,0,False,False,False,False,False,0.0,0.0,0.0,0.0,0.0,False
21,10539,2026-06-08T04:10:07+00:00,20.0,0,False,False,False,False,False,0.0,0.0,0.0,0.0,0.0,False
21,10540,2026-06-08T09:40:05+00:00,1.0,1,False,False,False,False,False,0.0,0.0,0.0,0.0,0.0,False
21,10541,2026-06-08T10:35:02+00:00,1.0,11,False,False,False,False,False,0.0,0.0,0.0,0.0,0.0,False
21,10542,2026-06-08T11:30:05+00:00,1.0,21,False,False,False,False,False,0.0,0.0,0.0,0.0,0.0,False
21,10543,2026-06-08T12:25:03+00:00,1.0,22,False,False,False,False,False,0.0,0.0,0.0,0.299,0.0,False
21,10544,2026-06-08T13:20:05+00:00,1.0,22,False,False,False,False,False,0.0,0.0,0.0,0.0,0.0,False
21,10545,2026-06-08T14:15:03+00:00,1.0,22,False,False,False,False,False,0.0,0.0,0.17,0.207,0.0,False
21,10546,2026-06-08T15:10:05+00:00,1.0,22,False,False,False,False,False,0.0,0.0,0.0,0.091,0.0,False
21,10547,2026-06-08T16:05:02+00:00,1.0,22,False,False,False,False,False,0.0,0.0,0.0,0.182,0.0,False
21,10548,2026-06-08T17:00:05+00:00,1.0,22,False,False,False,False,False,0.0,0.0,0.0,0.0,0.0,False
21,10549,2026-06-08T17:55:02+00:00,1.0,22,False,False,False,False,False,0.0,0.0,0.0,0.0,0.0,False
21,10550,2026-06-08T18:50:05+00:00,1.0,22,False,False,False,False,False,0.0,0.0,0.0,0.0,0.0,False
21,10551,2026-06-08T19:45:03+00:00,1.0,22,False,False,True,True,False,0.0,0.0,0.004,0.231,0.0,False
21,10552,2026-06-08T20:40:05+00:00,1.0,22,False,False,False,True,False,0.0,0.0,0.0,0.0,0.0,False
21,10553,2026-06-08T21:35:03+00:00,1.0,11,True,True,True,True,False,0.0,0.0,0.0,0.013,0.0,False
21,10554,2026-06-09T08:35:03+00:00,1.0,9,False,False,False,False,False,0.0,0.0,0.0,0.0,0.0,False
21,10555,2026-06-09T09:30:05+00:00,1.0,20,False,False,False,False,False,0.0,0.0,0.0,0.0,0.0,False
21,10556,2026-06-09T10:25:03+00:00,1.0,22,False,False,False,False,True,1.0,1.0,1.0,1.0,0.0,False
21,10557,2026-06-09T11:20:05+00:00,1.0,22,False,False,False,False,False,0.0,0.0,0.009,0.009,0.0,False
21,10558,2026-06-09T12:15:02+00:00,1.0,22,False,False,False,False,False,0.0,0.0,0.0,0.0,0.0,False
21,10559,2026-06-09T13:10:05+00:00,1.0,22,False,False,False,False,False,0.0,0.0,0.0,0.0,0.0,False
21,10560,2026-06-09T14:05:03+00:00,1.0,22,False,False,False,False,False,0.0,0.182,0.182,0.182,0.0,False
21,10561,2026-06-09T15:00:05+00:00,1.0,22,False,False,False,False,False,0.0,0.0,0.001,0.001,0.0,False
21,10562,2026-06-09T15:55:03+00:00,1.0,22,False,False,False,False,False,0.0,0.0,0.0,0.0,0.0,False
21,10563,2026-06-09T16:50:05+00:00,1.0,21,False,False,False,False,False,0.0,0.0,0.0,0.0,0.0,False
21,10564,2026-06-09T17:45:02+00:00,1.0,14,False,False,False,False,False,0.0,0.0,0.0,0.0,0.0,False
21,10565,2026-06-09T18:40:05+00:00,1.0,4,False,False,False,False,False,0.0,0.0,0.0,0.0,0.0,False
21,10566,2026-06-10T09:20:05+00:00,1.0,6,False,False,False,False,False,0.0,0.0,0.0,0.0,0.0,False
21,10567,2026-06-10T10:15:02+00:00,1.0,16,False,False,False,False,False,0.0,0.0,0.0,0.0,0.0,False
21,10568,2026-06-10T11:10:05+00:00,1.0,13,False,False,False,False,False,0.0,0.0,0.0,0.0,0.0,False
21,10569,2026-06-10T12:05:03+00:00,1.0,11,False,False,False,False,False,0.0,0.0,0.0,0.0,0.0,False
21,10570,2026-06-10T13:00:05+00:00,1.0,8,False,False,False,False,False,0.0,0.0,0.0,0.0,0.0,False
21,10571,2026-06-10T13:55:02+00:00,1.0,1,False,False,False,False,False,0.0,0.0,0.0,0.0,0.0,False
21,10572,2026-06-10T14:50:05+00:00,1.0,1,False,False,False,False,False,0.0,0.0,0.0,0.0,0.0,False
21,10573,2026-06-11T07:20:05+00:00,1.0,5,False,False,False,False,False,0.0,0.0,0.0,0.0,0.0,False
21,10574,2026-06-11T08:15:03+00:00,1.0,5,False,False,False,False,False,0.0,0.0,0.0,0.0,0.0,False
21,10575,2026-06-11T09:10:05+00:00,1.0,4,False,False,False,False,False,0.0,0.0,0.0,0.0,0.0,False
21,10576,2026-06-11T10:05:02+00:00,1.0,10,False,False,False,False,False,0.0,0.0,0.0,0.0,0.0,False
21,10577,2026-06-11T11:00:05+00:00,1.0,17,False,False,False,False,False,0.0,0.0,0.0,0.0,0.0,False
21,10578,2026-06-11T11:55:03+00:00,1.0,22,False,False,False,False,False,0.0,0.0,0.0,0.037,0.0,False
21,10579,2026-06-11T12:50:05+00:00,1.0,22,False,False,False,False,False,0.0,0.0,0.0,0.27,0.0,False
21,10580,2026-06-11T13:45:02+00:00,1.0,22,False,False,False,False,False,0.0,0.0,0.0,0.0,0.0,False
21,10581,2026-06-11T14:40:05+00:00,1.0,22,False,False,False,False,False,0.0,0.0,0.0,0.008,0.0,False
21,10582,2026-06-11T15:35:03+00:00,1.0,22,False,False,False,False,False,0.0,0.0,0.008,0.146,0.0,False
21,10583,2026-06-11T16:30:05+00:00,1.0,22,False,False,False,False,False,0.0,0.054,0.153,0.615,1.4038888888888887,True
21,10584,2026-06-11T17:25:02+00:00,1.0,22,False,False,True,True,True,0.768,1.0,1.0,1.0,1.8403888888888886,True
21,10585,2026-06-11T18:20:05+00:00,1.0,22,False,False,False,True,True,0.0,0.007,0.293,0.609,1.069027777777778,True
21,10586,2026-06-11T19:15:03+00:00,1.0,22,True,False,True,True,True,0.0,0.034,0.437,0.782,1.7735833333333335,True
21,10587,2026-06-11T20:10:08+00:00,1.0,22,True,True,True,True,True,1.0,1.0,1.0,1.0,0.44933333333333336,True
21,10588,2026-06-11T21:05:03+00:00,1.0,22,True,True,True,True,True,1.0,1.0,1.0,1.0,0.6629166666666664,True
21,10589,2026-06-11T22:00:05+00:00,1.0,22,False,False,False,False,False,0.0,0.048,0.219,0.564,5.692777777777778,True
21,10590,2026-06-11T22:55:02+00:00,1.0,22,False,False,False,False,False,0.0,0.0,0.0,0.061,0.9304444444444444,True
21,10591,2026-06-11T23:50:05+00:00,1.0,22,False,False,False,False,False,0.0,0.0,0.034,0.053,0.08263888888888889,False
21,10592,2026-06-12T00:45:03+00:00,1.0,21,False,False,False,False,False,0.0,0.0,0.0,0.0,0.0,False
21,10593,2026-06-12T01:40:05+00:00,1.0,10,False,False,False,False,False,0.0,0.0,0.0,0.0,0.0,False
21,10594,2026-06-12T21:40:05+00:00,20.0,0,False,False,False,False,False,0.0,0.0,0.0,0.0,0.0,False
21,10595,2026-06-14T04:50:05+00:00,20.0,0,False,False,False,False,False,0.0,0.0,0.0,0.0,0.0,False
21,10596,2026-06-14T22:15:03+00:00,20.0,0,False,False,False,False,False,0.0,0.0,0.0,0.0,0.0,False
21,10597,2026-06-15T08:20:05+00:00,20.0,0,False,False,False,False,False,0.0,0.0,0.0,0.0,0.0,False
21,10598,2026-06-15T12:45:02+00:00,20.0,0,False,False,False,False,False,0.0,0.0,0.0,0.0,0.0,False
21,10599,2026-06-15T21:00:05+00:00,1.0,10,False,False,False,False,False,0.0,0.0,0.0,0.0,0.0,False
21,10600,2026-06-15T21:55:02+00:00,1.0,21,False,False,False,False,False,0.0,0.0,0.0,0.244,0.0,False
21,10601,2026-06-15T22:50:05+00:00,1.0,13,False,False,False,False,False,0.0,0.0,0.0,0.008,0.0,False
21,10602,2026-06-15T23:45:03+00:00,1.0,2,False,False,False,False,False,0.0,0.0,0.0,0.0,0.0,False
21,10603,2026-06-16T09:50:05+00:00,1.0,4,False,False,False,False,False,0.0,0.0,0.0,0.0,0.0,False
21,10604,2026-06-16T10:45:02+00:00,1.0,15,False,False,False,False,False,0.0,0.0,0.0,0.0,0.0,False
21,10605,2026-06-16T11:40:05+00:00,1.0,22,False,False,False,False,False,0.0,0.0,0.0,0.0,0.0,False
21,10606,2026-06-16T12:35:02+00:00,1.0,22,False,False,False,False,False,0.0,0.0,0.0,0.054,0.0,False
21,10607,2026-06-16T13:30:05+00:00,1.0,22,False,False,False,False,False,0.0,0.0,0.02,0.054,0.0,False
21,10608,2026-06-16T14:25:03+00:00,1.0,22,False,False,False,False,False,0.0,0.0,0.0,0.0,0.0,False
21,10609,2026-06-16T15:20:05+00:00,1.0,22,False,False,False,False,False,0.0,0.0,0.091,0.647,0.0,False
21,10610,2026-06-16T16:15:03+00:00,1.0,16,False,False,False,False,False,0.0,0.0,0.0,0.002,0.0,False
21,10611,2026-06-16T17:10:05+00:00,1.0,5,False,False,False,False,False,0.0,0.0,0.0,0.0,0.0,False
